{
"type": "FeatureCollection",
"name": "central_fl_zip",
"crs": { "type": "name", "properties": { "name": "urn:ogc:def:crs:EPSG::4269" } },
"features": [
{ "type": "Feature", "properties": { "ZCTA5CE20": "32712", "GEOID20": "32712", "GEOIDFQ20": "860Z200US32712", "CLASSFP20": "B5", "MTFCC20": "G6350", "FUNCSTAT20": "S", "ALAND20": 185473098, "AWATER20": 2786892, "INTPTLAT20": "+28.7360811", "INTPTLON20": "-081.5476238" }, "geometry": { "type": "MultiPolygon", "coordinates": [ [ [ [ -81.658551, 28.731279 ], [ -81.658397, 28.731274 ], [ -81.654797, 28.731115 ], [ -81.653958, 28.731077 ], [ -81.651442, 28.730966 ], [ -81.650604, 28.730929 ], [ -81.650064, 28.730905 ], [ -81.649019, 28.730857 ], [ -81.644264, 28.730643 ], [ -81.643458, 28.730607 ], [ -81.642679, 28.730582 ], [ -81.642103, 28.730578 ], [ -81.641061, 28.730586 ], [ -81.636209, 28.730626 ], [ -81.634592, 28.73064 ], [ -81.632755, 28.730655 ], [ -81.627244, 28.7307 ], [ -81.625408, 28.730716 ], [ -81.625219, 28.730717 ], [ -81.624654, 28.730724 ], [ -81.624466, 28.730726 ], [ -81.624471, 28.730387 ], [ -81.624477, 28.730242 ], [ -81.624468, 28.730037 ], [ -81.62446, 28.729839 ], [ -81.624434, 28.728816 ], [ -81.624433, 28.72797 ], [ -81.624433, 28.727812 ], [ -81.624445, 28.727308 ], [ -81.624451, 28.727282 ], [ -81.624455, 28.727258 ], [ -81.624458, 28.727246 ], [ -81.624478, 28.727192 ], [ -81.624483, 28.72718 ], [ -81.624488, 28.727171 ], [ -81.624512, 28.727127 ], [ -81.624538, 28.727093 ], [ -81.624572, 28.727055 ], [ -81.624075, 28.727135 ], [ -81.622587, 28.727376 ], [ -81.622091, 28.727457 ], [ -81.615411, 28.727275 ], [ -81.615434, 28.729376 ], [ -81.609501, 28.729465 ], [ -81.609506, 28.729743 ], [ -81.609511, 28.729972 ], [ -81.609527, 28.730375 ], [ -81.609532, 28.73058 ], [ -81.609539, 28.730859 ], [ -81.609539, 28.731281 ], [ -81.609542, 28.73255 ], [ -81.609543, 28.732973 ], [ -81.609542, 28.733024 ], [ -81.609542, 28.733176 ], [ -81.609542, 28.733228 ], [ -81.609552, 28.733616 ], [ -81.609559, 28.733758 ], [ -81.609562, 28.733795 ], [ -81.609566, 28.733833 ], [ -81.609513, 28.733994 ], [ -81.608757, 28.733404 ], [ -81.608521, 28.733198 ], [ -81.608034, 28.732772 ], [ -81.607942, 28.732668 ], [ -81.606196, 28.731048 ], [ -81.606049, 28.730932 ], [ -81.605999, 28.730893 ], [ -81.605811, 28.73073 ], [ -81.605589, 28.730521 ], [ -81.605397, 28.730352 ], [ -81.604258, 28.729426 ], [ -81.602669, 28.728026 ], [ -81.602155, 28.727587 ], [ -81.601841, 28.727293 ], [ -81.601272, 28.7268 ], [ -81.601251, 28.726783 ], [ -81.601166, 28.726716 ], [ -81.599199, 28.725059 ], [ -81.599025, 28.724908 ], [ -81.597088, 28.723266 ], [ -81.595551, 28.721922 ], [ -81.594069, 28.720786 ], [ -81.589443, 28.716854 ], [ -81.589415, 28.716831 ], [ -81.586008, 28.713864 ], [ -81.584529, 28.712478 ], [ -81.58323, 28.712522 ], [ -81.582859, 28.712526 ], [ -81.580747, 28.712547 ], [ -81.580737, 28.712552 ], [ -81.580607, 28.712607 ], [ -81.580466, 28.712655 ], [ -81.58032, 28.712689 ], [ -81.58017, 28.71271 ], [ -81.58013, 28.712712 ], [ -81.579956, 28.712722 ], [ -81.578747, 28.71273 ], [ -81.578224, 28.712734 ], [ -81.578204, 28.712734 ], [ -81.57775, 28.712738 ], [ -81.577657, 28.712742 ], [ -81.577562, 28.712746 ], [ -81.577504, 28.712744 ], [ -81.577437, 28.712741 ], [ -81.577415, 28.712741 ], [ -81.577099, 28.712687 ], [ -81.57707, 28.712682 ], [ -81.577018, 28.712673 ], [ -81.576948, 28.712664 ], [ -81.57692, 28.71266 ], [ -81.576801, 28.712645 ], [ -81.57674, 28.712641 ], [ -81.576495, 28.712627 ], [ -81.576115, 28.712628 ], [ -81.576044, 28.712628 ], [ -81.575907, 28.712629 ], [ -81.57589, 28.712629 ], [ -81.575894, 28.712958 ], [ -81.57513, 28.712964 ], [ -81.575127, 28.712703 ], [ -81.575127, 28.712633 ], [ -81.575058, 28.712635 ], [ -81.574847, 28.712644 ], [ -81.574463, 28.71266 ], [ -81.574258, 28.712669 ], [ -81.574226, 28.712669 ], [ -81.573201, 28.7127 ], [ -81.572362, 28.712707 ], [ -81.57217, 28.712709 ], [ -81.572026, 28.712713 ], [ -81.571741, 28.712722 ], [ -81.571692, 28.712723 ], [ -81.571191, 28.712723 ], [ -81.570976, 28.712728 ], [ -81.570114, 28.712737 ], [ -81.569227, 28.712747 ], [ -81.568653, 28.712749 ], [ -81.567882, 28.712754 ], [ -81.567261, 28.712758 ], [ -81.566978, 28.712755 ], [ -81.566858, 28.712754 ], [ -81.566585, 28.712751 ], [ -81.564844, 28.712771 ], [ -81.564154, 28.712774 ], [ -81.563754, 28.712779 ], [ -81.563658, 28.712781 ], [ -81.562755, 28.712776 ], [ -81.562697, 28.712776 ], [ -81.561967, 28.712785 ], [ -81.561807, 28.712787 ], [ -81.56169, 28.712786 ], [ -81.561626, 28.712786 ], [ -81.561402, 28.712776 ], [ -81.561282, 28.712777 ], [ -81.56166, 28.714424 ], [ -81.562571, 28.718291 ], [ -81.562588, 28.718362 ], [ -81.562769, 28.719114 ], [ -81.56277, 28.719208 ], [ -81.562585, 28.71921 ], [ -81.562592, 28.72013 ], [ -81.562553, 28.72013 ], [ -81.562577, 28.720271 ], [ -81.562696, 28.720994 ], [ -81.562868, 28.722418 ], [ -81.562987, 28.723896 ], [ -81.563035, 28.724631 ], [ -81.5631, 28.72563 ], [ -81.563116, 28.725881 ], [ -81.563123, 28.726552 ], [ -81.563488, 28.726549 ], [ -81.563491, 28.727465 ], [ -81.563924, 28.727465 ], [ -81.564958, 28.727463 ], [ -81.565352, 28.727462 ], [ -81.565863, 28.727461 ], [ -81.565993, 28.727461 ], [ -81.566827, 28.727457 ], [ -81.567042, 28.727456 ], [ -81.567535, 28.727453 ], [ -81.568146, 28.727451 ], [ -81.568604, 28.727438 ], [ -81.569329, 28.727418 ], [ -81.569615, 28.72741 ], [ -81.570164, 28.727396 ], [ -81.570193, 28.727394 ], [ -81.570281, 28.727391 ], [ -81.570311, 28.727391 ], [ -81.571457, 28.727359 ], [ -81.571513, 28.727357 ], [ -81.571941, 28.727342 ], [ -81.57217, 28.727338 ], [ -81.573425, 28.727298 ], [ -81.573854, 28.72729 ], [ -81.575119, 28.727245 ], [ -81.575563, 28.72723 ], [ -81.576322, 28.727215 ], [ -81.57717, 28.72724 ], [ -81.577425, 28.727248 ], [ -81.580737, 28.727357 ], [ -81.581841, 28.727394 ], [ -81.582418, 28.727413 ], [ -81.583899, 28.727462 ], [ -81.584151, 28.727472 ], [ -81.584277, 28.727477 ], [ -81.584729, 28.727482 ], [ -81.585763, 28.727474 ], [ -81.590471, 28.727403 ], [ -81.592463, 28.727371 ], [ -81.592473, 28.728063 ], [ -81.591234, 28.728082 ], [ -81.591224, 28.728309 ], [ -81.590933, 28.7283 ], [ -81.590938, 28.729217 ], [ -81.588831, 28.729265 ], [ -81.58889, 28.731029 ], [ -81.586793, 28.731032 ], [ -81.58682, 28.737714 ], [ -81.584845, 28.737741 ], [ -81.584926, 28.740203 ], [ -81.586922, 28.740217 ], [ -81.588903, 28.74023 ], [ -81.588957, 28.742286 ], [ -81.593113, 28.742392 ], [ -81.59311, 28.741935 ], [ -81.596411, 28.741892 ], [ -81.596449, 28.745475 ], [ -81.595182, 28.745462 ], [ -81.595232, 28.747908 ], [ -81.594567, 28.74787 ], [ -81.594555, 28.74841 ], [ -81.593877, 28.748398 ], [ -81.593856, 28.749103 ], [ -81.593519, 28.749106 ], [ -81.593153, 28.749114 ], [ -81.593167, 28.750457 ], [ -81.593176, 28.750879 ], [ -81.593231, 28.756357 ], [ -81.593358, 28.756378 ], [ -81.593517, 28.756368 ], [ -81.59399, 28.756375 ], [ -81.594279, 28.756393 ], [ -81.594629, 28.756401 ], [ -81.595416, 28.756391 ], [ -81.595763, 28.756393 ], [ -81.596124, 28.756401 ], [ -81.59898, 28.756385 ], [ -81.599272, 28.756371 ], [ -81.599546, 28.756351 ], [ -81.599676, 28.756354 ], [ -81.599749, 28.756347 ], [ -81.601558, 28.756339 ], [ -81.601683, 28.759857 ], [ -81.601526, 28.767451 ], [ -81.597493, 28.767526 ], [ -81.597447, 28.771094 ], [ -81.597652, 28.771415 ], [ -81.601617, 28.777605 ], [ -81.601304, 28.78597 ], [ -81.592971, 28.78597 ], [ -81.592993, 28.785918 ], [ -81.593108, 28.78568 ], [ -81.593128, 28.785628 ], [ -81.593159, 28.785521 ], [ -81.593168, 28.785466 ], [ -81.593177, 28.785356 ], [ -81.593174, 28.78531 ], [ -81.593171, 28.785246 ], [ -81.59303, 28.784547 ], [ -81.592972, 28.784204 ], [ -81.592935, 28.783844 ], [ -81.59292, 28.783482 ], [ -81.592922, 28.783232 ], [ -81.592923, 28.783133 ], [ -81.59294, 28.782533 ], [ -81.592952, 28.782184 ], [ -81.592966, 28.781562 ], [ -81.592987, 28.780931 ], [ -81.592998, 28.780644 ], [ -81.59303, 28.779464 ], [ -81.593062, 28.77843 ], [ -81.593071, 28.778119 ], [ -81.588827, 28.778097 ], [ -81.588833, 28.778511 ], [ -81.588886, 28.781855 ], [ -81.576565, 28.781914 ], [ -81.576431, 28.785969 ], [ -81.57334, 28.785969 ], [ -81.573142, 28.785969 ], [ -81.572863, 28.785971 ], [ -81.572143, 28.785977 ], [ -81.566616, 28.786019 ], [ -81.564261, 28.786038 ], [ -81.563983, 28.785989 ], [ -81.563793, 28.785982 ], [ -81.563514, 28.785991 ], [ -81.563037, 28.785987 ], [ -81.562826, 28.785987 ], [ -81.562196, 28.785989 ], [ -81.561986, 28.78599 ], [ -81.561781, 28.78599 ], [ -81.561165, 28.785991 ], [ -81.560961, 28.785992 ], [ -81.559935, 28.78607 ], [ -81.557234, 28.78607 ], [ -81.556055, 28.78607 ], [ -81.554288, 28.78607 ], [ -81.55252, 28.78607 ], [ -81.55134, 28.78607 ], [ -81.550965, 28.78607 ], [ -81.5504, 28.78607 ], [ -81.549834, 28.78607 ], [ -81.549457, 28.78607 ], [ -81.547533, 28.78607 ], [ -81.547144, 28.78607 ], [ -81.544904, 28.786069 ], [ -81.543341, 28.786087 ], [ -81.543327, 28.786086 ], [ -81.543327, 28.785799 ], [ -81.543327, 28.785785 ], [ -81.543327, 28.785601 ], [ -81.543322, 28.785478 ], [ -81.543292, 28.785178 ], [ -81.543254, 28.784684 ], [ -81.543216, 28.784327 ], [ -81.543208, 28.78423 ], [ -81.543197, 28.784202 ], [ -81.543157, 28.784151 ], [ -81.543137, 28.78414 ], [ -81.543159, 28.784086 ], [ -81.543164, 28.784026 ], [ -81.543151, 28.783737 ], [ -81.543156, 28.783617 ], [ -81.543168, 28.783582 ], [ -81.543137, 28.7833 ], [ -81.543091, 28.782724 ], [ -81.543051, 28.782312 ], [ -81.543052, 28.7822 ], [ -81.541252, 28.782243 ], [ -81.53891, 28.782299 ], [ -81.53888, 28.781826 ], [ -81.53873, 28.779955 ], [ -81.538649, 28.778902 ], [ -81.537469, 28.778941 ], [ -81.536584, 28.778967 ], [ -81.535744, 28.778993 ], [ -81.534612, 28.779028 ], [ -81.534566, 28.779027 ], [ -81.534612, 28.779444 ], [ -81.534617, 28.779535 ], [ -81.534614, 28.779768 ], [ -81.534638, 28.780229 ], [ -81.534686, 28.78059 ], [ -81.534694, 28.780693 ], [ -81.534709, 28.781239 ], [ -81.534744, 28.781726 ], [ -81.534773, 28.782223 ], [ -81.53478, 28.782588 ], [ -81.534845, 28.783222 ], [ -81.534856, 28.783398 ], [ -81.534854, 28.783732 ], [ -81.534873, 28.784051 ], [ -81.534895, 28.784141 ], [ -81.53491, 28.784172 ], [ -81.534938, 28.784213 ], [ -81.534963, 28.784233 ], [ -81.533876, 28.784246 ], [ -81.533875, 28.78297 ], [ -81.53293, 28.784363 ], [ -81.533029, 28.784467 ], [ -81.533121, 28.784654 ], [ -81.533149, 28.784889 ], [ -81.533144, 28.785477 ], [ -81.532057, 28.785479 ], [ -81.53083, 28.785476 ], [ -81.530788, 28.785105 ], [ -81.530701, 28.785103 ], [ -81.529122, 28.785099 ], [ -81.528696, 28.785101 ], [ -81.527997, 28.785101 ], [ -81.52739, 28.785098 ], [ -81.527392, 28.786069 ], [ -81.526585, 28.786071 ], [ -81.525645, 28.786071 ], [ -81.522705, 28.786071 ], [ -81.521113, 28.786071 ], [ -81.520979, 28.786071 ], [ -81.520876, 28.786071 ], [ -81.520722, 28.786071 ], [ -81.520465, 28.786071 ], [ -81.520278, 28.786071 ], [ -81.517267, 28.786071 ], [ -81.507193, 28.786071 ], [ -81.506657, 28.786071 ], [ -81.505854, 28.786071 ], [ -81.505676, 28.786071 ], [ -81.504783, 28.786092 ], [ -81.504517, 28.786099 ], [ -81.498206, 28.786114 ], [ -81.493715, 28.78613 ], [ -81.49302, 28.786132 ], [ -81.492458, 28.786134 ], [ -81.49199, 28.786135 ], [ -81.491598, 28.786137 ], [ -81.490907, 28.786139 ], [ -81.490356, 28.786141 ], [ -81.489441, 28.786144 ], [ -81.488747, 28.786146 ], [ -81.487945, 28.786149 ], [ -81.487329, 28.786151 ], [ -81.486733, 28.786153 ], [ -81.486059, 28.786155 ], [ -81.48564, 28.786157 ], [ -81.485396, 28.786158 ], [ -81.484788, 28.78616 ], [ -81.484182, 28.786163 ], [ -81.482929, 28.786168 ], [ -81.48208, 28.786172 ], [ -81.481387, 28.786174 ], [ -81.480832, 28.786177 ], [ -81.480494, 28.786178 ], [ -81.479485, 28.786182 ], [ -81.478662, 28.786186 ], [ -81.477368, 28.78619 ], [ -81.476583, 28.786149 ], [ -81.476013, 28.78612 ], [ -81.474899, 28.786062 ], [ -81.473907, 28.786011 ], [ -81.473598, 28.785993 ], [ -81.473792, 28.785671 ], [ -81.473712, 28.784231 ], [ -81.473472, 28.779911 ], [ -81.473392, 28.778471 ], [ -81.471792, 28.776871 ], [ -81.47011, 28.776784 ], [ -81.466615, 28.776604 ], [ -81.462841, 28.77642 ], [ -81.458286, 28.77619 ], [ -81.457892, 28.776171 ], [ -81.454392, 28.776771 ], [ -81.453519, 28.776718 ], [ -81.450902, 28.776562 ], [ -81.45003, 28.77651 ], [ -81.449991, 28.776471 ], [ -81.449038, 28.773758 ], [ -81.448692, 28.772771 ], [ -81.448792, 28.768771 ], [ -81.450492, 28.765872 ], [ -81.450837, 28.76571 ], [ -81.453492, 28.764472 ], [ -81.451892, 28.761472 ], [ -81.451492, 28.750272 ], [ -81.451292, 28.745372 ], [ -81.452792, 28.742072 ], [ -81.447641, 28.741135 ], [ -81.433838, 28.741564 ], [ -81.424774, 28.742057 ], [ -81.424643, 28.741772 ], [ -81.423298, 28.740711 ], [ -81.422536, 28.740503 ], [ -81.422371, 28.740386 ], [ -81.426105, 28.740051 ], [ -81.429518, 28.735482 ], [ -81.435033, 28.729741 ], [ -81.43818, 28.723157 ], [ -81.441844, 28.718697 ], [ -81.440996, 28.715857 ], [ -81.440671, 28.715818 ], [ -81.440942, 28.715637 ], [ -81.441167, 28.715409 ], [ -81.441201, 28.715357 ], [ -81.44142, 28.715096 ], [ -81.441779, 28.71489 ], [ -81.442146, 28.714764 ], [ -81.442745, 28.714699 ], [ -81.443274, 28.714531 ], [ -81.443383, 28.714446 ], [ -81.443555, 28.714313 ], [ -81.443632, 28.714263 ], [ -81.443762, 28.71418 ], [ -81.443823, 28.714149 ], [ -81.443925, 28.714102 ], [ -81.444007, 28.714052 ], [ -81.44411, 28.713979 ], [ -81.444274, 28.713894 ], [ -81.444383, 28.713864 ], [ -81.444482, 28.713845 ], [ -81.444627, 28.713817 ], [ -81.444747, 28.713808 ], [ -81.444853, 28.713801 ], [ -81.445078, 28.713782 ], [ -81.445126, 28.713774 ], [ -81.4452, 28.713762 ], [ -81.44524, 28.71375 ], [ -81.445289, 28.713736 ], [ -81.445352, 28.71371 ], [ -81.445426, 28.713674 ], [ -81.445515, 28.713645 ], [ -81.445542, 28.713637 ], [ -81.445558, 28.71363 ], [ -81.445611, 28.713618 ], [ -81.4457, 28.713611 ], [ -81.445746, 28.713611 ], [ -81.445865, 28.713611 ], [ -81.445916, 28.713616 ], [ -81.445978, 28.713627 ], [ -81.446157, 28.713656 ], [ -81.446318, 28.713686 ], [ -81.446396, 28.713696 ], [ -81.446455, 28.713713 ], [ -81.446481, 28.71373 ], [ -81.446496, 28.713747 ], [ -81.446503, 28.713759 ], [ -81.446531, 28.713806 ], [ -81.446616, 28.713928 ], [ -81.446651, 28.714005 ], [ -81.44674, 28.714179 ], [ -81.446828, 28.714368 ], [ -81.446878, 28.71446 ], [ -81.447009, 28.714626 ], [ -81.447059, 28.714682 ], [ -81.447194, 28.714771 ], [ -81.447262, 28.714842 ], [ -81.447341, 28.714938 ], [ -81.447416, 28.715029 ], [ -81.447471, 28.715104 ], [ -81.447522, 28.71516 ], [ -81.447553, 28.715184 ], [ -81.447623, 28.715227 ], [ -81.447668, 28.715248 ], [ -81.447764, 28.715284 ], [ -81.44783, 28.715296 ], [ -81.447951, 28.715298 ], [ -81.448252, 28.715305 ], [ -81.448297, 28.71531 ], [ -81.448437, 28.715323 ], [ -81.448597, 28.715328 ], [ -81.448661, 28.715325 ], [ -81.448724, 28.715323 ], [ -81.448775, 28.715308 ], [ -81.448826, 28.715287 ], [ -81.448853, 28.715277 ], [ -81.448925, 28.715247 ], [ -81.449161, 28.715103 ], [ -81.449438, 28.714908 ], [ -81.449582, 28.714852 ], [ -81.44961, 28.714835 ], [ -81.449648, 28.714806 ], [ -81.449701, 28.714789 ], [ -81.449757, 28.714766 ], [ -81.449822, 28.714721 ], [ -81.449903, 28.714655 ], [ -81.449984, 28.714589 ], [ -81.450031, 28.714554 ], [ -81.4501, 28.714511 ], [ -81.450167, 28.714479 ], [ -81.450256, 28.714458 ], [ -81.450305, 28.71444 ], [ -81.450368, 28.714417 ], [ -81.450444, 28.71439 ], [ -81.450543, 28.714351 ], [ -81.450604, 28.714339 ], [ -81.450663, 28.71433 ], [ -81.450984, 28.714324 ], [ -81.451031, 28.714318 ], [ -81.451082, 28.714312 ], [ -81.451177, 28.7143 ], [ -81.451228, 28.714296 ], [ -81.45132, 28.71429 ], [ -81.45149, 28.714291 ], [ -81.451659, 28.714291 ], [ -81.45173, 28.714283 ], [ -81.452036, 28.714327 ], [ -81.45237, 28.71438 ], [ -81.452687, 28.714424 ], [ -81.45293, 28.714398 ], [ -81.45337, 28.714287 ], [ -81.454199, 28.714339 ], [ -81.454641, 28.714428 ], [ -81.455042, 28.714436 ], [ -81.455517, 28.71436 ], [ -81.455707, 28.714333 ], [ -81.456326, 28.714247 ], [ -81.457001, 28.71422 ], [ -81.457446, 28.714304 ], [ -81.457494, 28.714313 ], [ -81.457621, 28.714314 ], [ -81.457952, 28.714317 ], [ -81.458129, 28.714227 ], [ -81.458287, 28.714148 ], [ -81.45855, 28.713989 ], [ -81.459357, 28.71364 ], [ -81.459524, 28.713264 ], [ -81.459512, 28.712761 ], [ -81.459524, 28.709922 ], [ -81.459512, 28.709398 ], [ -81.459533, 28.708148 ], [ -81.459527, 28.706108 ], [ -81.459543, 28.703296 ], [ -81.459575, 28.699549 ], [ -81.459585, 28.698726 ], [ -81.459595, 28.697677 ], [ -81.45961, 28.696167 ], [ -81.459556, 28.692774 ], [ -81.459596, 28.688589 ], [ -81.459654, 28.683747 ], [ -81.462977, 28.683765 ], [ -81.464009, 28.683771 ], [ -81.464009, 28.683873 ], [ -81.463832, 28.683866 ], [ -81.463837, 28.684174 ], [ -81.463838, 28.684256 ], [ -81.467305, 28.684249 ], [ -81.467322, 28.684074 ], [ -81.467344, 28.683841 ], [ -81.467527, 28.68381 ], [ -81.467804, 28.683805 ], [ -81.46802, 28.683805 ], [ -81.468939, 28.683821 ], [ -81.469469, 28.683823 ], [ -81.471334, 28.683808 ], [ -81.471845, 28.683808 ], [ -81.472557, 28.68381 ], [ -81.472621, 28.68381 ], [ -81.472685, 28.68381 ], [ -81.472773, 28.68381 ], [ -81.473162, 28.68381 ], [ -81.473423, 28.683809 ], [ -81.47364, 28.683809 ], [ -81.475336, 28.683813 ], [ -81.475624, 28.683817 ], [ -81.475896, 28.683816 ], [ -81.47626, 28.68382 ], [ -81.476298, 28.68382 ], [ -81.476299, 28.684082 ], [ -81.476296, 28.684229 ], [ -81.47671, 28.684203 ], [ -81.476718, 28.684537 ], [ -81.478372, 28.684597 ], [ -81.478332, 28.687348 ], [ -81.47833, 28.687493 ], [ -81.484577, 28.687519 ], [ -81.484628, 28.685205 ], [ -81.484928, 28.685197 ], [ -81.484954, 28.6844 ], [ -81.485049, 28.68441 ], [ -81.485519, 28.68446 ], [ -81.485494, 28.684914 ], [ -81.485879, 28.684914 ], [ -81.485862, 28.684708 ], [ -81.486325, 28.684683 ], [ -81.486325, 28.684383 ], [ -81.486796, 28.684391 ], [ -81.486796, 28.683854 ], [ -81.48723, 28.683855 ], [ -81.487517, 28.683855 ], [ -81.488381, 28.683855 ], [ -81.488669, 28.683856 ], [ -81.488824, 28.683859 ], [ -81.489062, 28.683858 ], [ -81.490241, 28.683857 ], [ -81.490635, 28.683857 ], [ -81.490738, 28.683857 ], [ -81.491049, 28.683858 ], [ -81.491153, 28.683859 ], [ -81.491464, 28.683859 ], [ -81.492398, 28.683862 ], [ -81.49271, 28.683863 ], [ -81.492986, 28.683864 ], [ -81.493261, 28.683864 ], [ -81.493665, 28.683867 ], [ -81.493798, 28.683867 ], [ -81.49407, 28.68387 ], [ -81.494259, 28.683871 ], [ -81.494829, 28.683874 ], [ -81.495019, 28.683876 ], [ -81.495053, 28.683876 ], [ -81.495157, 28.683876 ], [ -81.495192, 28.683877 ], [ -81.495219, 28.683877 ], [ -81.495302, 28.683877 ], [ -81.49533, 28.683877 ], [ -81.49537, 28.683877 ], [ -81.495462, 28.683877 ], [ -81.49586, 28.68388 ], [ -81.495992, 28.683885 ], [ -81.496175, 28.683891 ], [ -81.496471, 28.683902 ], [ -81.496726, 28.683904 ], [ -81.49691, 28.683906 ], [ -81.496953, 28.683906 ], [ -81.497083, 28.683906 ], [ -81.497127, 28.683907 ], [ -81.497173, 28.683907 ], [ -81.497339, 28.683902 ], [ -81.497581, 28.683897 ], [ -81.497977, 28.683899 ], [ -81.49819, 28.683901 ], [ -81.498506, 28.683903 ], [ -81.499216, 28.683908 ], [ -81.499454, 28.683907 ], [ -81.499523, 28.683907 ], [ -81.499771, 28.683909 ], [ -81.499979, 28.68391 ], [ -81.500605, 28.683914 ], [ -81.500814, 28.683916 ], [ -81.500875, 28.683916 ], [ -81.501058, 28.683917 ], [ -81.501082, 28.683917 ], [ -81.501024, 28.68756 ], [ -81.502238, 28.687566 ], [ -81.504146, 28.687577 ], [ -81.504182, 28.687577 ], [ -81.504216, 28.683939 ], [ -81.504244, 28.683939 ], [ -81.505267, 28.683946 ], [ -81.505787, 28.68395 ], [ -81.506955, 28.683958 ], [ -81.507015, 28.683959 ], [ -81.507198, 28.683964 ], [ -81.507259, 28.683966 ], [ -81.507303, 28.683967 ], [ -81.507437, 28.68397 ], [ -81.507482, 28.683972 ], [ -81.507731, 28.683978 ], [ -81.507829, 28.683978 ], [ -81.508873, 28.683985 ], [ -81.509222, 28.683988 ], [ -81.509306, 28.683988 ], [ -81.50941, 28.683989 ], [ -81.50941, 28.684061 ], [ -81.509409, 28.684133 ], [ -81.509404, 28.684654 ], [ -81.509407, 28.685525 ], [ -81.50949, 28.685524 ], [ -81.509516, 28.685524 ], [ -81.509552, 28.685524 ], [ -81.509743, 28.685524 ], [ -81.509827, 28.685524 ], [ -81.510037, 28.685524 ], [ -81.51015, 28.685524 ], [ -81.510247, 28.685524 ], [ -81.510845, 28.685524 ], [ -81.511119, 28.685524 ], [ -81.511443, 28.685524 ], [ -81.511431, 28.685667 ], [ -81.51143, 28.68569 ], [ -81.511424, 28.686 ], [ -81.511424, 28.68611 ], [ -81.511424, 28.686189 ], [ -81.511424, 28.686237 ], [ -81.511421, 28.686356 ], [ -81.511419, 28.686414 ], [ -81.511415, 28.686587 ], [ -81.511414, 28.686646 ], [ -81.511452, 28.686673 ], [ -81.511467, 28.686714 ], [ -81.511467, 28.686749 ], [ -81.51143, 28.687048 ], [ -81.511425, 28.687093 ], [ -81.511425, 28.687115 ], [ -81.511501, 28.687115 ], [ -81.511803, 28.687114 ], [ -81.512396, 28.687112 ], [ -81.512402, 28.68663 ], [ -81.512698, 28.68663 ], [ -81.512795, 28.686629 ], [ -81.512802, 28.686128 ], [ -81.512974, 28.686127 ], [ -81.512982, 28.685598 ], [ -81.512967, 28.685516 ], [ -81.513017, 28.685515 ], [ -81.51317, 28.685515 ], [ -81.513221, 28.685515 ], [ -81.513259, 28.685515 ], [ -81.513373, 28.685517 ], [ -81.513411, 28.685518 ], [ -81.513411, 28.685399 ], [ -81.513415, 28.685042 ], [ -81.513416, 28.684924 ], [ -81.513417, 28.684772 ], [ -81.513423, 28.684366 ], [ -81.513514, 28.684366 ], [ -81.514093, 28.684364 ], [ -81.514103, 28.683814 ], [ -81.513523, 28.683815 ], [ -81.513431, 28.683816 ], [ -81.513433, 28.683718 ], [ -81.513433, 28.68366 ], [ -81.513436, 28.68349 ], [ -81.513437, 28.683433 ], [ -81.513439, 28.683285 ], [ -81.513449, 28.682859 ], [ -81.51345, 28.682843 ], [ -81.513449, 28.682716 ], [ -81.513449, 28.682701 ], [ -81.513449, 28.682657 ], [ -81.513449, 28.682643 ], [ -81.513559, 28.682642 ], [ -81.513889, 28.682642 ], [ -81.514, 28.682642 ], [ -81.514051, 28.682642 ], [ -81.514112, 28.682641 ], [ -81.514242, 28.68264 ], [ -81.51445, 28.68264 ], [ -81.514563, 28.68264 ], [ -81.514557, 28.682756 ], [ -81.514552, 28.682879 ], [ -81.514548, 28.683107 ], [ -81.514546, 28.683224 ], [ -81.514545, 28.683261 ], [ -81.514544, 28.68329 ], [ -81.514543, 28.683358 ], [ -81.514541, 28.683488 ], [ -81.51454, 28.683529 ], [ -81.514609, 28.683532 ], [ -81.515577, 28.683529 ], [ -81.515673, 28.683528 ], [ -81.515674, 28.683513 ], [ -81.515677, 28.683448 ], [ -81.515681, 28.683383 ], [ -81.515684, 28.68332 ], [ -81.515688, 28.683259 ], [ -81.515689, 28.683221 ], [ -81.515691, 28.683197 ], [ -81.515694, 28.683142 ], [ -81.515698, 28.683096 ], [ -81.515708, 28.683029 ], [ -81.515718, 28.683007 ], [ -81.515743, 28.682964 ], [ -81.515792, 28.682917 ], [ -81.515798, 28.68289 ], [ -81.515813, 28.682866 ], [ -81.515788, 28.68282 ], [ -81.515737, 28.682799 ], [ -81.515674, 28.682828 ], [ -81.515654, 28.682642 ], [ -81.515699, 28.682642 ], [ -81.515837, 28.682644 ], [ -81.515883, 28.682645 ], [ -81.515945, 28.682646 ], [ -81.516133, 28.682649 ], [ -81.516196, 28.68265 ], [ -81.516227, 28.68265 ], [ -81.516319, 28.682652 ], [ -81.51669, 28.682664 ], [ -81.516814, 28.682669 ], [ -81.516983, 28.682681 ], [ -81.517777, 28.682573 ], [ -81.517792, 28.68257 ], [ -81.51764, 28.681171 ], [ -81.517654, 28.681183 ], [ -81.517662, 28.681221 ], [ -81.517694, 28.681252 ], [ -81.517734, 28.681273 ], [ -81.517771, 28.681281 ], [ -81.51832, 28.681283 ], [ -81.518503, 28.681283 ], [ -81.5185, 28.680807 ], [ -81.5185, 28.680729 ], [ -81.518502, 28.679849 ], [ -81.518495, 28.679812 ], [ -81.518477, 28.679778 ], [ -81.518449, 28.679751 ], [ -81.518412, 28.679732 ], [ -81.518371, 28.679723 ], [ -81.518101, 28.679721 ], [ -81.517626, 28.679719 ], [ -81.517622, 28.67967 ], [ -81.517553, 28.679186 ], [ -81.517553, 28.679149 ], [ -81.517591, 28.678098 ], [ -81.517596, 28.677973 ], [ -81.517611, 28.677409 ], [ -81.517633, 28.676812 ], [ -81.517632, 28.676735 ], [ -81.517631, 28.676631 ], [ -81.517806, 28.676748 ], [ -81.518148, 28.676746 ], [ -81.518628, 28.676741 ], [ -81.518994, 28.676738 ], [ -81.519027, 28.676738 ], [ -81.519043, 28.676738 ], [ -81.51935, 28.67674 ], [ -81.519477, 28.676741 ], [ -81.519497, 28.676786 ], [ -81.519506, 28.676812 ], [ -81.519728, 28.676998 ], [ -81.519814, 28.677062 ], [ -81.51975, 28.677129 ], [ -81.519739, 28.677139 ], [ -81.519731, 28.67715 ], [ -81.519728, 28.677162 ], [ -81.519722, 28.677425 ], [ -81.519721, 28.677443 ], [ -81.51972, 28.677471 ], [ -81.519719, 28.677555 ], [ -81.519767, 28.677587 ], [ -81.519783, 28.677598 ], [ -81.519815, 28.67762 ], [ -81.519845, 28.67764 ], [ -81.519906, 28.677681 ], [ -81.519922, 28.677663 ], [ -81.519961, 28.677619 ], [ -81.520039, 28.677529 ], [ -81.520103, 28.677457 ], [ -81.520145, 28.677409 ], [ -81.520192, 28.677347 ], [ -81.520269, 28.677402 ], [ -81.520502, 28.677567 ], [ -81.520565, 28.677611 ], [ -81.52058, 28.677622 ], [ -81.520658, 28.677677 ], [ -81.520732, 28.67773 ], [ -81.520888, 28.677849 ], [ -81.520926, 28.677879 ], [ -81.520964, 28.677908 ], [ -81.521124, 28.67803 ], [ -81.521185, 28.678075 ], [ -81.521278, 28.678143 ], [ -81.521411, 28.678222 ], [ -81.521556, 28.678291 ], [ -81.521669, 28.678304 ], [ -81.521671, 28.678171 ], [ -81.521961, 28.678358 ], [ -81.523865, 28.679556 ], [ -81.524678, 28.680066 ], [ -81.525534, 28.680604 ], [ -81.526073, 28.680938 ], [ -81.526162, 28.680994 ], [ -81.527466, 28.681813 ], [ -81.527427, 28.681932 ], [ -81.527484, 28.681964 ], [ -81.527583, 28.682019 ], [ -81.527629, 28.681916 ], [ -81.528061, 28.682187 ], [ -81.528364, 28.682376 ], [ -81.528592, 28.682518 ], [ -81.528716, 28.682598 ], [ -81.52886, 28.68269 ], [ -81.529417, 28.683019 ], [ -81.529598, 28.683117 ], [ -81.530013, 28.683323 ], [ -81.53033, 28.683462 ], [ -81.530649, 28.683588 ], [ -81.530705, 28.683608 ], [ -81.53088, 28.683673 ], [ -81.531249, 28.68379 ], [ -81.53158, 28.683881 ], [ -81.532009, 28.683982 ], [ -81.532298, 28.68404 ], [ -81.532395, 28.684058 ], [ -81.532565, 28.684089 ], [ -81.532727, 28.684115 ], [ -81.533725, 28.684277 ], [ -81.534058, 28.684332 ], [ -81.53562, 28.684585 ], [ -81.540306, 28.685344 ], [ -81.541869, 28.685598 ], [ -81.541892, 28.685601 ], [ -81.541961, 28.685613 ], [ -81.541984, 28.685617 ], [ -81.542033, 28.685625 ], [ -81.542233, 28.685657 ], [ -81.542233, 28.685797 ], [ -81.542233, 28.688069 ], [ -81.542238, 28.688608 ], [ -81.542784, 28.688823 ], [ -81.543186, 28.688965 ], [ -81.544099, 28.689337 ], [ -81.5456, 28.689837 ], [ -81.546898, 28.690221 ], [ -81.546929, 28.689883 ], [ -81.546949, 28.689731 ], [ -81.546982, 28.689579 ], [ -81.547015, 28.689468 ], [ -81.547082, 28.689305 ], [ -81.547114, 28.689243 ], [ -81.547169, 28.689151 ], [ -81.547251, 28.689037 ], [ -81.547296, 28.688982 ], [ -81.548162, 28.688084 ], [ -81.548229, 28.688013 ], [ -81.548432, 28.687801 ], [ -81.5485, 28.687731 ], [ -81.548514, 28.687715 ], [ -81.548558, 28.68767 ], [ -81.548573, 28.687655 ], [ -81.550249, 28.688641 ], [ -81.550456, 28.688765 ], [ -81.550503, 28.688793 ], [ -81.550562, 28.688828 ], [ -81.550693, 28.6889 ], [ -81.550734, 28.68893 ], [ -81.550777, 28.688956 ], [ -81.550821, 28.688981 ], [ -81.550864, 28.689006 ], [ -81.550886, 28.689019 ], [ -81.551038, 28.689109 ], [ -81.55119, 28.689199 ], [ -81.553012, 28.69027 ], [ -81.553734, 28.690704 ], [ -81.553748, 28.690713 ], [ -81.554066, 28.690903 ], [ -81.554172, 28.690966 ], [ -81.55438, 28.691093 ], [ -81.555199, 28.69159 ], [ -81.555534, 28.691794 ], [ -81.55587, 28.691997 ], [ -81.556276, 28.692242 ], [ -81.55739, 28.692915 ], [ -81.558124, 28.693369 ], [ -81.55819, 28.693411 ], [ -81.558461, 28.693585 ], [ -81.558705, 28.693723 ], [ -81.558708, 28.693771 ], [ -81.558734, 28.694163 ], [ -81.55873, 28.694331 ], [ -81.558195, 28.694026 ], [ -81.557855, 28.693825 ], [ -81.557013, 28.693451 ], [ -81.556641, 28.693311 ], [ -81.556629, 28.693453 ], [ -81.556629, 28.693469 ], [ -81.55663, 28.693609 ], [ -81.556631, 28.693661 ], [ -81.556632, 28.693759 ], [ -81.556635, 28.694054 ], [ -81.556637, 28.694153 ], [ -81.556637, 28.694166 ], [ -81.556637, 28.694206 ], [ -81.556638, 28.69422 ], [ -81.556639, 28.694298 ], [ -81.556639, 28.694437 ], [ -81.55664, 28.694458 ], [ -81.556641, 28.694616 ], [ -81.556641, 28.694646 ], [ -81.556648, 28.695805 ], [ -81.55665, 28.696202 ], [ -81.55665, 28.696316 ], [ -81.55665, 28.69666 ], [ -81.556651, 28.696775 ], [ -81.55665, 28.697141 ], [ -81.55665, 28.69723 ], [ -81.55665, 28.69728 ], [ -81.55665, 28.697349 ], [ -81.55665, 28.697373 ], [ -81.558706, 28.697368 ], [ -81.558706, 28.697404 ], [ -81.558711, 28.697812 ], [ -81.558714, 28.697976 ], [ -81.558721, 28.698202 ], [ -81.558722, 28.698241 ], [ -81.558725, 28.698337 ], [ -81.558945, 28.698313 ], [ -81.559049, 28.698295 ], [ -81.559308, 28.698251 ], [ -81.559303, 28.696174 ], [ -81.559303, 28.696021 ], [ -81.559301, 28.69531 ], [ -81.559306, 28.694778 ], [ -81.559275, 28.69476 ], [ -81.559192, 28.694717 ], [ -81.559049, 28.694641 ], [ -81.559005, 28.694618 ], [ -81.558996, 28.694462 ], [ -81.559026, 28.694478 ], [ -81.559169, 28.694555 ], [ -81.559289, 28.694619 ], [ -81.55986, 28.694924 ], [ -81.559872, 28.694693 ], [ -81.559873, 28.694638 ], [ -81.559874, 28.694615 ], [ -81.559877, 28.694537 ], [ -81.559879, 28.694489 ], [ -81.559879, 28.694475 ], [ -81.559881, 28.694421 ], [ -81.559926, 28.694443 ], [ -81.560093, 28.694517 ], [ -81.560228, 28.694598 ], [ -81.560334, 28.694673 ], [ -81.560383, 28.694714 ], [ -81.560407, 28.694736 ], [ -81.560454, 28.694781 ], [ -81.560483, 28.694809 ], [ -81.560526, 28.694849 ], [ -81.560575, 28.694894 ], [ -81.560624, 28.694938 ], [ -81.560675, 28.694981 ], [ -81.560846, 28.695105 ], [ -81.560878, 28.695125 ], [ -81.561053, 28.695235 ], [ -81.561449, 28.695459 ], [ -81.561633, 28.695556 ], [ -81.561973, 28.695721 ], [ -81.562352, 28.695885 ], [ -81.562362, 28.69589 ], [ -81.562731, 28.696031 ], [ -81.562923, 28.696094 ], [ -81.563032, 28.69613 ], [ -81.563249, 28.696202 ], [ -81.566871, 28.697329 ], [ -81.566967, 28.697359 ], [ -81.566966, 28.697212 ], [ -81.56705, 28.697268 ], [ -81.567163, 28.697329 ], [ -81.567283, 28.697378 ], [ -81.567939, 28.697582 ], [ -81.568157, 28.697659 ], [ -81.568575, 28.697837 ], [ -81.56889, 28.697957 ], [ -81.569122, 28.69803 ], [ -81.569113, 28.697862 ], [ -81.568848, 28.697741 ], [ -81.568847, 28.697511 ], [ -81.568836, 28.696333 ], [ -81.568831, 28.695669 ], [ -81.568829, 28.69547 ], [ -81.568889, 28.69547 ], [ -81.570932, 28.695445 ], [ -81.571065, 28.695443 ], [ -81.571063, 28.694637 ], [ -81.57106, 28.694543 ], [ -81.571118, 28.694543 ], [ -81.57192, 28.694538 ], [ -81.573392, 28.694531 ], [ -81.574326, 28.694524 ], [ -81.575129, 28.694518 ], [ -81.575135, 28.694377 ], [ -81.575145, 28.6937 ], [ -81.575149, 28.693504 ], [ -81.575146, 28.693008 ], [ -81.575135, 28.692323 ], [ -81.575137, 28.691249 ], [ -81.57514, 28.690432 ], [ -81.575141, 28.69 ], [ -81.575158, 28.68982 ], [ -81.575169, 28.689715 ], [ -81.575175, 28.689528 ], [ -81.575141, 28.688514 ], [ -81.575127, 28.687986 ], [ -81.575127, 28.687948 ], [ -81.575107, 28.687375 ], [ -81.57511, 28.687335 ], [ -81.575115, 28.687291 ], [ -81.575137, 28.687218 ], [ -81.575153, 28.687186 ], [ -81.575221, 28.687055 ], [ -81.575237, 28.687013 ], [ -81.575263, 28.686952 ], [ -81.575311, 28.686775 ], [ -81.575335, 28.686538 ], [ -81.575339, 28.686448 ], [ -81.57535, 28.686256 ], [ -81.575358, 28.684964 ], [ -81.575367, 28.683673 ], [ -81.575372, 28.682823 ], [ -81.575415, 28.676408 ], [ -81.57544, 28.67277 ], [ -81.575441, 28.672525 ], [ -81.575464, 28.669093 ], [ -81.575464, 28.669062 ], [ -81.575464, 28.668968 ], [ -81.575465, 28.668938 ], [ -81.575493, 28.668958 ], [ -81.575548, 28.668979 ], [ -81.575638, 28.668984 ], [ -81.576136, 28.66898 ], [ -81.576629, 28.668963 ], [ -81.578748, 28.668949 ], [ -81.578833, 28.668949 ], [ -81.579373, 28.668952 ], [ -81.581036, 28.668946 ], [ -81.58212, 28.668937 ], [ -81.582678, 28.668936 ], [ -81.583236, 28.668929 ], [ -81.584116, 28.668916 ], [ -81.58504, 28.668912 ], [ -81.585509, 28.66892 ], [ -81.586494, 28.66892 ], [ -81.587228, 28.668913 ], [ -81.588229, 28.668912 ], [ -81.588629, 28.668904 ], [ -81.588882, 28.6689 ], [ -81.589804, 28.668894 ], [ -81.590931, 28.668881 ], [ -81.59111, 28.668875 ], [ -81.591332, 28.66885 ], [ -81.591618, 28.668799 ], [ -81.59168, 28.668795 ], [ -81.591741, 28.668804 ], [ -81.591798, 28.668824 ], [ -81.591789, 28.668851 ], [ -81.591799, 28.6689 ], [ -81.591809, 28.668935 ], [ -81.591909, 28.668925 ], [ -81.592089, 28.669033 ], [ -81.592163, 28.669073 ], [ -81.592277, 28.669135 ], [ -81.592698, 28.669086 ], [ -81.593286, 28.668858 ], [ -81.593307, 28.668851 ], [ -81.593452, 28.668655 ], [ -81.593505, 28.668537 ], [ -81.593548, 28.668402 ], [ -81.593571, 28.668334 ], [ -81.593733, 28.668238 ], [ -81.593855, 28.668176 ], [ -81.593879, 28.668167 ], [ -81.593905, 28.668159 ], [ -81.59392, 28.66815 ], [ -81.594005, 28.668104 ], [ -81.59408, 28.668198 ], [ -81.594217, 28.668528 ], [ -81.594561, 28.669232 ], [ -81.594848, 28.669749 ], [ -81.595066, 28.670173 ], [ -81.595322, 28.670619 ], [ -81.595722, 28.671218 ], [ -81.596234, 28.671719 ], [ -81.596645, 28.67217 ], [ -81.597588, 28.673149 ], [ -81.597832, 28.673345 ], [ -81.598156, 28.673606 ], [ -81.600153, 28.67492 ], [ -81.600752, 28.675349 ], [ -81.601494, 28.675861 ], [ -81.602243, 28.67635 ], [ -81.602811, 28.676559 ], [ -81.603972, 28.676922 ], [ -81.606424, 28.67773 ], [ -81.607323, 28.677999 ], [ -81.607822, 28.678092 ], [ -81.608128, 28.678186 ], [ -81.60877, 28.678263 ], [ -81.611073, 28.678619 ], [ -81.611728, 28.678757 ], [ -81.612358, 28.678867 ], [ -81.614087, 28.679108 ], [ -81.615628, 28.679218 ], [ -81.616233, 28.679224 ], [ -81.616526, 28.679228 ], [ -81.617618, 28.679294 ], [ -81.618205, 28.679349 ], [ -81.618779, 28.679359 ], [ -81.619521, 28.679304 ], [ -81.62022, 28.679122 ], [ -81.621087, 28.678874 ], [ -81.62158, 28.678753 ], [ -81.621786, 28.678681 ], [ -81.621979, 28.678582 ], [ -81.62216, 28.678362 ], [ -81.622216, 28.678307 ], [ -81.622337, 28.678301 ], [ -81.622478, 28.678334 ], [ -81.622542, 28.6783 ], [ -81.622603, 28.678268 ], [ -81.622584, 28.678235 ], [ -81.622759, 28.67812 ], [ -81.622952, 28.678119 ], [ -81.623164, 28.678174 ], [ -81.623539, 28.678202 ], [ -81.623913, 28.678108 ], [ -81.624381, 28.677838 ], [ -81.624798, 28.677541 ], [ -81.625004, 28.67737 ], [ -81.62514, 28.677283 ], [ -81.625208, 28.677025 ], [ -81.625321, 28.676953 ], [ -81.625408, 28.676953 ], [ -81.625558, 28.676926 ], [ -81.625857, 28.677102 ], [ -81.625976, 28.677135 ], [ -81.626069, 28.677108 ], [ -81.626144, 28.676976 ], [ -81.626325, 28.676954 ], [ -81.626487, 28.677009 ], [ -81.626625, 28.677251 ], [ -81.627105, 28.677317 ], [ -81.627585, 28.677488 ], [ -81.627985, 28.677554 ], [ -81.628247, 28.677626 ], [ -81.628446, 28.677714 ], [ -81.628721, 28.677731 ], [ -81.628833, 28.677769 ], [ -81.628914, 28.67783 ], [ -81.628933, 28.67783 ], [ -81.628945, 28.677835 ], [ -81.629126, 28.677681 ], [ -81.629176, 28.67761 ], [ -81.629039, 28.677456 ], [ -81.629045, 28.677302 ], [ -81.629108, 28.677197 ], [ -81.629257, 28.677252 ], [ -81.629376, 28.677401 ], [ -81.629501, 28.677461 ], [ -81.630156, 28.677297 ], [ -81.630312, 28.677379 ], [ -81.630511, 28.677445 ], [ -81.630804, 28.677698 ], [ -81.630936, 28.67771 ], [ -81.631002, 28.677598 ], [ -81.631042, 28.677533 ], [ -81.631185, 28.677451 ], [ -81.631416, 28.677446 ], [ -81.631659, 28.677561 ], [ -81.631765, 28.67749 ], [ -81.631897, 28.677451 ], [ -81.632071, 28.677484 ], [ -81.632159, 28.677539 ], [ -81.632352, 28.677523 ], [ -81.632495, 28.677732 ], [ -81.632626, 28.677881 ], [ -81.632707, 28.677831 ], [ -81.632776, 28.677611 ], [ -81.632701, 28.677479 ], [ -81.632789, 28.677336 ], [ -81.632932, 28.677199 ], [ -81.633038, 28.677314 ], [ -81.633194, 28.677276 ], [ -81.63335, 28.677199 ], [ -81.633563, 28.677188 ], [ -81.633675, 28.677287 ], [ -81.633824, 28.677507 ], [ -81.633943, 28.677138 ], [ -81.634118, 28.677106 ], [ -81.634268, 28.677095 ], [ -81.634399, 28.677172 ], [ -81.634467, 28.677199 ], [ -81.634554, 28.677271 ], [ -81.634685, 28.677337 ], [ -81.634841, 28.677397 ], [ -81.634979, 28.677304 ], [ -81.635116, 28.677188 ], [ -81.635478, 28.677282 ], [ -81.635584, 28.677348 ], [ -81.635665, 28.677508 ], [ -81.635765, 28.67753 ], [ -81.635964, 28.677486 ], [ -81.636251, 28.67748 ], [ -81.63642, 28.677596 ], [ -81.636601, 28.677783 ], [ -81.636713, 28.677811 ], [ -81.637062, 28.677651 ], [ -81.637237, 28.677734 ], [ -81.637399, 28.677833 ], [ -81.637487, 28.677861 ], [ -81.637636, 28.677806 ], [ -81.638023, 28.677817 ], [ -81.638067, 28.67785 ], [ -81.638447, 28.67807 ], [ -81.638703, 28.678191 ], [ -81.638872, 28.678246 ], [ -81.638971, 28.678373 ], [ -81.638928, 28.678642 ], [ -81.639002, 28.678753 ], [ -81.63919, 28.678626 ], [ -81.63942, 28.67889 ], [ -81.639757, 28.678995 ], [ -81.639944, 28.679033 ], [ -81.640169, 28.679182 ], [ -81.640206, 28.6791 ], [ -81.640082, 28.678852 ], [ -81.639608, 28.678692 ], [ -81.639595, 28.678423 ], [ -81.63967, 28.67839 ], [ -81.639951, 28.678379 ], [ -81.6402, 28.678428 ], [ -81.64055, 28.678456 ], [ -81.640887, 28.678544 ], [ -81.641155, 28.678731 ], [ -81.641224, 28.678726 ], [ -81.641292, 28.678577 ], [ -81.641579, 28.678632 ], [ -81.641922, 28.678759 ], [ -81.64201, 28.678864 ], [ -81.642022, 28.678979 ], [ -81.642147, 28.679111 ], [ -81.642733, 28.679034 ], [ -81.642964, 28.679045 ], [ -81.643239, 28.679145 ], [ -81.643488, 28.679172 ], [ -81.643607, 28.679282 ], [ -81.643606, 28.679744 ], [ -81.643513, 28.679882 ], [ -81.643326, 28.679953 ], [ -81.642995, 28.67992 ], [ -81.642739, 28.680003 ], [ -81.642758, 28.680074 ], [ -81.643001, 28.68019 ], [ -81.643145, 28.680289 ], [ -81.643681, 28.680212 ], [ -81.643943, 28.680058 ], [ -81.644037, 28.679954 ], [ -81.644025, 28.679701 ], [ -81.644262, 28.679756 ], [ -81.644199, 28.680091 ], [ -81.644268, 28.68024 ], [ -81.644261, 28.680366 ], [ -81.64443, 28.680339 ], [ -81.644592, 28.680135 ], [ -81.644754, 28.68002 ], [ -81.644848, 28.679789 ], [ -81.644811, 28.679382 ], [ -81.644973, 28.679343 ], [ -81.645092, 28.679327 ], [ -81.645166, 28.679475 ], [ -81.645229, 28.679668 ], [ -81.645391, 28.6798 ], [ -81.645678, 28.679866 ], [ -81.645796, 28.679927 ], [ -81.645715, 28.680169 ], [ -81.645653, 28.68024 ], [ -81.645653, 28.680537 ], [ -81.645809, 28.680702 ], [ -81.645827, 28.680736 ], [ -81.64584, 28.680868 ], [ -81.645983, 28.680884 ], [ -81.646227, 28.680736 ], [ -81.646476, 28.68056 ], [ -81.646576, 28.680351 ], [ -81.646701, 28.68034 ], [ -81.646807, 28.680252 ], [ -81.647219, 28.680455 ], [ -81.647256, 28.680582 ], [ -81.647437, 28.680543 ], [ -81.647581, 28.680637 ], [ -81.647587, 28.680725 ], [ -81.647524, 28.681083 ], [ -81.647705, 28.681308 ], [ -81.647824, 28.681286 ], [ -81.647743, 28.680973 ], [ -81.647949, 28.680874 ], [ -81.648005, 28.680808 ], [ -81.648186, 28.680742 ], [ -81.648317, 28.680571 ], [ -81.648398, 28.680577 ], [ -81.648598, 28.680494 ], [ -81.648691, 28.680494 ], [ -81.648841, 28.680648 ], [ -81.648947, 28.680659 ], [ -81.648972, 28.680533 ], [ -81.648941, 28.68045 ], [ -81.649078, 28.680401 ], [ -81.649172, 28.680417 ], [ -81.649234, 28.680527 ], [ -81.649621, 28.6805 ], [ -81.649907, 28.680519 ], [ -81.650027, 28.680528 ], [ -81.650239, 28.680566 ], [ -81.650288, 28.680885 ], [ -81.650482, 28.681078 ], [ -81.650619, 28.680742 ], [ -81.650756, 28.680621 ], [ -81.650931, 28.680577 ], [ -81.651056, 28.680632 ], [ -81.651112, 28.680632 ], [ -81.651374, 28.680732 ], [ -81.65153, 28.680869 ], [ -81.651667, 28.681012 ], [ -81.651854, 28.681034 ], [ -81.651848, 28.681458 ], [ -81.652266, 28.681469 ], [ -81.652123, 28.681596 ], [ -81.652235, 28.6817 ], [ -81.652422, 28.681651 ], [ -81.652516, 28.681684 ], [ -81.652659, 28.681986 ], [ -81.653133, 28.681987 ], [ -81.653258, 28.682069 ], [ -81.653408, 28.682146 ], [ -81.653451, 28.6823 ], [ -81.653539, 28.68235 ], [ -81.653926, 28.682223 ], [ -81.654038, 28.682196 ], [ -81.654144, 28.68213 ], [ -81.654238, 28.682146 ], [ -81.654356, 28.682251 ], [ -81.654668, 28.682449 ], [ -81.65508, 28.682614 ], [ -81.65536, 28.682702 ], [ -81.655828, 28.682752 ], [ -81.656091, 28.682763 ], [ -81.65634, 28.682785 ], [ -81.656477, 28.682758 ], [ -81.656552, 28.682785 ], [ -81.656633, 28.682791 ], [ -81.656739, 28.682785 ], [ -81.656964, 28.682747 ], [ -81.657557, 28.682807 ], [ -81.657944, 28.68278 ], [ -81.658114, 28.68271 ], [ -81.658212, 28.68267 ], [ -81.658305, 28.68273 ], [ -81.658368, 28.682984 ], [ -81.658411, 28.682967 ], [ -81.658499, 28.682863 ], [ -81.658518, 28.682844 ], [ -81.658519, 28.683997 ], [ -81.658521, 28.684108 ], [ -81.658521, 28.684401 ], [ -81.658521, 28.684419 ], [ -81.658521, 28.684623 ], [ -81.658523, 28.684898 ], [ -81.658521, 28.685279 ], [ -81.658521, 28.685917 ], [ -81.658521, 28.686007 ], [ -81.658519, 28.686177 ], [ -81.658519, 28.686297 ], [ -81.65852, 28.686869 ], [ -81.65852, 28.687277 ], [ -81.65852, 28.688075 ], [ -81.658521, 28.688573 ], [ -81.658521, 28.68882 ], [ -81.658521, 28.689173 ], [ -81.658521, 28.689673 ], [ -81.658521, 28.690178 ], [ -81.658521, 28.690778 ], [ -81.658521, 28.691468 ], [ -81.658521, 28.691718 ], [ -81.658521, 28.691975 ], [ -81.658521, 28.692568 ], [ -81.658521, 28.693173 ], [ -81.65852, 28.693768 ], [ -81.65852, 28.694268 ], [ -81.65852, 28.694879 ], [ -81.65852, 28.694979 ], [ -81.65852, 28.695489 ], [ -81.65852, 28.696273 ], [ -81.65852, 28.696773 ], [ -81.65852, 28.697042 ], [ -81.65852, 28.697373 ], [ -81.65852, 28.69797 ], [ -81.65852, 28.698573 ], [ -81.65852, 28.699073 ], [ -81.65852, 28.699769 ], [ -81.65852, 28.700273 ], [ -81.65852, 28.700491 ], [ -81.65852, 28.700873 ], [ -81.65852, 28.701373 ], [ -81.65852, 28.701773 ], [ -81.65852, 28.702077 ], [ -81.65852, 28.702571 ], [ -81.65852, 28.702606 ], [ -81.65852, 28.702873 ], [ -81.65852, 28.703173 ], [ -81.65852, 28.703377 ], [ -81.65852, 28.703869 ], [ -81.65852, 28.704173 ], [ -81.65852, 28.704868 ], [ -81.65852, 28.705097 ], [ -81.65852, 28.705137 ], [ -81.65852, 28.705207 ], [ -81.65852, 28.705494 ], [ -81.65852, 28.70724 ], [ -81.65852, 28.709432 ], [ -81.658519, 28.712819 ], [ -81.65852, 28.713083 ], [ -81.65851, 28.71674 ], [ -81.658508, 28.717518 ], [ -81.658519, 28.720385 ], [ -81.658525, 28.72557 ], [ -81.658519, 28.725845 ], [ -81.658523, 28.728138 ], [ -81.658534, 28.729337 ], [ -81.658551, 28.731279 ] ] ] ] } },
{ "type": "Feature", "properties": { "ZCTA5CE20": "32817", "GEOID20": "32817", "GEOIDFQ20": "860Z200US32817", "CLASSFP20": "B5", "MTFCC20": "G6350", "FUNCSTAT20": "S", "ALAND20": 30382875, "AWATER20": 2193898, "INTPTLAT20": "+28.5878479", "INTPTLON20": "-081.2441028" }, "geometry": { "type": "MultiPolygon", "coordinates": [ [ [ [ -81.283454, 28.595641 ], [ -81.283304, 28.595644 ], [ -81.282657, 28.595643 ], [ -81.282651, 28.595732 ], [ -81.282647, 28.597447 ], [ -81.28121, 28.597463 ], [ -81.280265, 28.597463 ], [ -81.279536, 28.597487 ], [ -81.279046, 28.597535 ], [ -81.278612, 28.597657 ], [ -81.278441, 28.597697 ], [ -81.278255, 28.59775 ], [ -81.278009, 28.597822 ], [ -81.277768, 28.597916 ], [ -81.277308, 28.598114 ], [ -81.277227, 28.598155 ], [ -81.276964, 28.598293 ], [ -81.276902, 28.598329 ], [ -81.27641, 28.598613 ], [ -81.276193, 28.598738 ], [ -81.276249, 28.599976 ], [ -81.276282, 28.60072 ], [ -81.276051, 28.600742 ], [ -81.275827, 28.600813 ], [ -81.275683, 28.600896 ], [ -81.275585, 28.600998 ], [ -81.275546, 28.601039 ], [ -81.275378, 28.601275 ], [ -81.275259, 28.60149 ], [ -81.275066, 28.601908 ], [ -81.275035, 28.60204 ], [ -81.275028, 28.602155 ], [ -81.275059, 28.602288 ], [ -81.275066, 28.602519 ], [ -81.275009, 28.602821 ], [ -81.275022, 28.602937 ], [ -81.275096, 28.603256 ], [ -81.275115, 28.603449 ], [ -81.275146, 28.603515 ], [ -81.275209, 28.603603 ], [ -81.275233, 28.603691 ], [ -81.27529, 28.603795 ], [ -81.275565, 28.604221 ], [ -81.275696, 28.604403 ], [ -81.275663, 28.604467 ], [ -81.275832, 28.604599 ], [ -81.275975, 28.604665 ], [ -81.276106, 28.604703 ], [ -81.276299, 28.604698 ], [ -81.276574, 28.60483 ], [ -81.276761, 28.604874 ], [ -81.276941, 28.604962 ], [ -81.277178, 28.604929 ], [ -81.277609, 28.604825 ], [ -81.277908, 28.604748 ], [ -81.278376, 28.604599 ], [ -81.278444, 28.6046 ], [ -81.278472, 28.604592 ], [ -81.278415, 28.604788 ], [ -81.278408, 28.605751 ], [ -81.278415, 28.606168 ], [ -81.278454, 28.606297 ], [ -81.27848, 28.60696 ], [ -81.278819, 28.607184 ], [ -81.278904, 28.607311 ], [ -81.27888, 28.607384 ], [ -81.278874, 28.607521 ], [ -81.27888, 28.607697 ], [ -81.278911, 28.607995 ], [ -81.278961, 28.608105 ], [ -81.279017, 28.608275 ], [ -81.27906, 28.608352 ], [ -81.279116, 28.608457 ], [ -81.279191, 28.608694 ], [ -81.279266, 28.608859 ], [ -81.279322, 28.609035 ], [ -81.279372, 28.609249 ], [ -81.27944, 28.60937 ], [ -81.279478, 28.609398 ], [ -81.27954, 28.609409 ], [ -81.279752, 28.609381 ], [ -81.28022, 28.609277 ], [ -81.280607, 28.609156 ], [ -81.281043, 28.608969 ], [ -81.281193, 28.608887 ], [ -81.281305, 28.60881 ], [ -81.281497, 28.608625 ], [ -81.281667, 28.608463 ], [ -81.28187, 28.608229 ], [ -81.281904, 28.608409 ], [ -81.28239, 28.608409 ], [ -81.28267, 28.608409 ], [ -81.282682, 28.610837 ], [ -81.28253, 28.610946 ], [ -81.282382, 28.611014 ], [ -81.282305, 28.611123 ], [ -81.281866, 28.611132 ], [ -81.281745, 28.611133 ], [ -81.281474, 28.611139 ], [ -81.280872, 28.611152 ], [ -81.280485, 28.611158 ], [ -81.28017, 28.611168 ], [ -81.279975, 28.611168 ], [ -81.27967, 28.611174 ], [ -81.279442, 28.611176 ], [ -81.279212, 28.611183 ], [ -81.278564, 28.611196 ], [ -81.278511, 28.611199 ], [ -81.27843, 28.611198 ], [ -81.277834, 28.611209 ], [ -81.276814, 28.611228 ], [ -81.274594, 28.611269 ], [ -81.273846, 28.611283 ], [ -81.273742, 28.611284 ], [ -81.272669, 28.611304 ], [ -81.272552, 28.611306 ], [ -81.272527, 28.611307 ], [ -81.270786, 28.611339 ], [ -81.270304, 28.611348 ], [ -81.270262, 28.611348 ], [ -81.270044, 28.611352 ], [ -81.269949, 28.611354 ], [ -81.269846, 28.611356 ], [ -81.269729, 28.611358 ], [ -81.268018, 28.611389 ], [ -81.266993, 28.611416 ], [ -81.266317, 28.611421 ], [ -81.26317, 28.611476 ], [ -81.26233, 28.611491 ], [ -81.261851, 28.6115 ], [ -81.258574, 28.611524 ], [ -81.258446, 28.611526 ], [ -81.258285, 28.611528 ], [ -81.25749, 28.611531 ], [ -81.255341, 28.611547 ], [ -81.252053, 28.611577 ], [ -81.25132, 28.611589 ], [ -81.250547, 28.611601 ], [ -81.25048, 28.611602 ], [ -81.250455, 28.611602 ], [ -81.25041, 28.611603 ], [ -81.24949, 28.611612 ], [ -81.246729, 28.611642 ], [ -81.24581, 28.611652 ], [ -81.244725, 28.611547 ], [ -81.244698, 28.611536 ], [ -81.2433, 28.611649 ], [ -81.243167, 28.611662 ], [ -81.242257, 28.611638 ], [ -81.241887, 28.611645 ], [ -81.239053, 28.611665 ], [ -81.237445, 28.61169 ], [ -81.234527, 28.611735 ], [ -81.234491, 28.611736 ], [ -81.233332, 28.611709 ], [ -81.233209, 28.611709 ], [ -81.232409, 28.611716 ], [ -81.231234, 28.611724 ], [ -81.229643, 28.611736 ], [ -81.228721, 28.611744 ], [ -81.228616, 28.611745 ], [ -81.228302, 28.611747 ], [ -81.228198, 28.611749 ], [ -81.228045, 28.611753 ], [ -81.227723, 28.611762 ], [ -81.227641, 28.611764 ], [ -81.226248, 28.6118 ], [ -81.226185, 28.611817 ], [ -81.22596, 28.611769 ], [ -81.225323, 28.611769 ], [ -81.22481, 28.611756 ], [ -81.224425, 28.61176 ], [ -81.22428, 28.611759 ], [ -81.224087, 28.611785 ], [ -81.222454, 28.611807 ], [ -81.218813, 28.611856 ], [ -81.218708, 28.611856 ], [ -81.218349, 28.611857 ], [ -81.217895, 28.611858 ], [ -81.215415, 28.611869 ], [ -81.214933, 28.611871 ], [ -81.213757, 28.611883 ], [ -81.213418, 28.611886 ], [ -81.212206, 28.611898 ], [ -81.211609, 28.611905 ], [ -81.209756, 28.611902 ], [ -81.209629, 28.611897 ], [ -81.207707, 28.611876 ], [ -81.207706, 28.611763 ], [ -81.207703, 28.611119 ], [ -81.207677, 28.609699 ], [ -81.208233, 28.609697 ], [ -81.20823, 28.609475 ], [ -81.207987, 28.609471 ], [ -81.207951, 28.609462 ], [ -81.207929, 28.609441 ], [ -81.207914, 28.609409 ], [ -81.207906, 28.608869 ], [ -81.20791, 28.60848 ], [ -81.207934, 28.608446 ], [ -81.207961, 28.608426 ], [ -81.207987, 28.608416 ], [ -81.208405, 28.608418 ], [ -81.208607, 28.60842 ], [ -81.20874, 28.608419 ], [ -81.208775, 28.608407 ], [ -81.208804, 28.608379 ], [ -81.208819, 28.608344 ], [ -81.208819, 28.608018 ], [ -81.208824, 28.60798 ], [ -81.208839, 28.607942 ], [ -81.208875, 28.60792 ], [ -81.208916, 28.607911 ], [ -81.208945, 28.607913 ], [ -81.209038, 28.607934 ], [ -81.210173, 28.608247 ], [ -81.210238, 28.60806 ], [ -81.210087, 28.608017 ], [ -81.209812, 28.607922 ], [ -81.209617, 28.607845 ], [ -81.209184, 28.607699 ], [ -81.209037, 28.607661 ], [ -81.208896, 28.607631 ], [ -81.208864, 28.607621 ], [ -81.208719, 28.607598 ], [ -81.208672, 28.607591 ], [ -81.20859, 28.607583 ], [ -81.208554, 28.60758 ], [ -81.20767, 28.607561 ], [ -81.207669, 28.607166 ], [ -81.207696, 28.605615 ], [ -81.207748, 28.603394 ], [ -81.207754, 28.602607 ], [ -81.207762, 28.602324 ], [ -81.207894, 28.602323 ], [ -81.208058, 28.602334 ], [ -81.208194, 28.602349 ], [ -81.208283, 28.60237 ], [ -81.208409, 28.602415 ], [ -81.208581, 28.602506 ], [ -81.208661, 28.602563 ], [ -81.208735, 28.602627 ], [ -81.208795, 28.602705 ], [ -81.208848, 28.602806 ], [ -81.20889, 28.602903 ], [ -81.208991, 28.603228 ], [ -81.209047, 28.603335 ], [ -81.20913, 28.603444 ], [ -81.209231, 28.603524 ], [ -81.209302, 28.603566 ], [ -81.209385, 28.603601 ], [ -81.209467, 28.603629 ], [ -81.209541, 28.603644 ], [ -81.209652, 28.603649 ], [ -81.209752, 28.603649 ], [ -81.20987, 28.603637 ], [ -81.209923, 28.603627 ], [ -81.209905, 28.603531 ], [ -81.209891, 28.603369 ], [ -81.209886, 28.603151 ], [ -81.209899, 28.603004 ], [ -81.209947, 28.602742 ], [ -81.209981, 28.602618 ], [ -81.210026, 28.602493 ], [ -81.210128, 28.602267 ], [ -81.210186, 28.602165 ], [ -81.21025, 28.602068 ], [ -81.210455, 28.601801 ], [ -81.210462, 28.601783 ], [ -81.210464, 28.60174 ], [ -81.210452, 28.601711 ], [ -81.210421, 28.601675 ], [ -81.210337, 28.601622 ], [ -81.210201, 28.601528 ], [ -81.210119, 28.60146 ], [ -81.21001, 28.601347 ], [ -81.209972, 28.601294 ], [ -81.209913, 28.601179 ], [ -81.209882, 28.601086 ], [ -81.209865, 28.600987 ], [ -81.209863, 28.600898 ], [ -81.209883, 28.600756 ], [ -81.209909, 28.600677 ], [ -81.20994, 28.600617 ], [ -81.209701, 28.600469 ], [ -81.209636, 28.600441 ], [ -81.209579, 28.600425 ], [ -81.209535, 28.60042 ], [ -81.209481, 28.600416 ], [ -81.208603, 28.60042 ], [ -81.20817, 28.600423 ], [ -81.207997, 28.600424 ], [ -81.207812, 28.600422 ], [ -81.207827, 28.599468 ], [ -81.207836, 28.598966 ], [ -81.207853, 28.597747 ], [ -81.207864, 28.597006 ], [ -81.207863, 28.5962 ], [ -81.207867, 28.596026 ], [ -81.208013, 28.596027 ], [ -81.20804, 28.596028 ], [ -81.208779, 28.596023 ], [ -81.209035, 28.596022 ], [ -81.209181, 28.596022 ], [ -81.209551, 28.596022 ], [ -81.209622, 28.596019 ], [ -81.209661, 28.596018 ], [ -81.209768, 28.595999 ], [ -81.209969, 28.595984 ], [ -81.210572, 28.595941 ], [ -81.210774, 28.595927 ], [ -81.21083, 28.595943 ], [ -81.210888, 28.59595 ], [ -81.210918, 28.59595 ], [ -81.211361, 28.59595 ], [ -81.211431, 28.59595 ], [ -81.211509, 28.595947 ], [ -81.211582, 28.595943 ], [ -81.211623, 28.595942 ], [ -81.211802, 28.59594 ], [ -81.211876, 28.59594 ], [ -81.211968, 28.595088 ], [ -81.21199, 28.594148 ], [ -81.212012, 28.59332 ], [ -81.212035, 28.592761 ], [ -81.212057, 28.591955 ], [ -81.211787, 28.591377 ], [ -81.211803, 28.591268 ], [ -81.211852, 28.590943 ], [ -81.211869, 28.590835 ], [ -81.211629, 28.590838 ], [ -81.211469, 28.590841 ], [ -81.21091, 28.590855 ], [ -81.210828, 28.590858 ], [ -81.210671, 28.59086 ], [ -81.210667, 28.590763 ], [ -81.210655, 28.590472 ], [ -81.210652, 28.590375 ], [ -81.210634, 28.590284 ], [ -81.210994, 28.590338 ], [ -81.211733, 28.590316 ], [ -81.212144, 28.590242 ], [ -81.212376, 28.590114 ], [ -81.212549, 28.5897 ], [ -81.212566, 28.589337 ], [ -81.212611, 28.589209 ], [ -81.212762, 28.588807 ], [ -81.21284, 28.588658 ], [ -81.214811, 28.588207 ], [ -81.214881, 28.587451 ], [ -81.213282, 28.587144 ], [ -81.213282, 28.586828 ], [ -81.212584, 28.58683 ], [ -81.211847, 28.586834 ], [ -81.211847, 28.583261 ], [ -81.211418, 28.583253 ], [ -81.210683, 28.583237 ], [ -81.21055, 28.583235 ], [ -81.209683, 28.583217 ], [ -81.208989, 28.583203 ], [ -81.20849, 28.583181 ], [ -81.208182, 28.583174 ], [ -81.207826, 28.583172 ], [ -81.207831, 28.582389 ], [ -81.207833, 28.581573 ], [ -81.207826, 28.581114 ], [ -81.208288, 28.581115 ], [ -81.211038, 28.581123 ], [ -81.211034, 28.581716 ], [ -81.21187, 28.581728 ], [ -81.211877, 28.581355 ], [ -81.211975, 28.57617 ], [ -81.211958, 28.575135 ], [ -81.211931, 28.573416 ], [ -81.211527, 28.573414 ], [ -81.21032, 28.574124 ], [ -81.209574, 28.574562 ], [ -81.209579, 28.57458 ], [ -81.209303, 28.57441 ], [ -81.209283, 28.574345 ], [ -81.209307, 28.574339 ], [ -81.209346, 28.574318 ], [ -81.209407, 28.574263 ], [ -81.209431, 28.574226 ], [ -81.209458, 28.574151 ], [ -81.209463, 28.574091 ], [ -81.209446, 28.57402 ], [ -81.209404, 28.57393 ], [ -81.209372, 28.573836 ], [ -81.209368, 28.573824 ], [ -81.209344, 28.573688 ], [ -81.209296, 28.573423 ], [ -81.209293, 28.57332 ], [ -81.209329, 28.573163 ], [ -81.209358, 28.573064 ], [ -81.209435, 28.572809 ], [ -81.209489, 28.572658 ], [ -81.20955, 28.572534 ], [ -81.209573, 28.572494 ], [ -81.210244, 28.571486 ], [ -81.210269, 28.571426 ], [ -81.210273, 28.571403 ], [ -81.210282, 28.571362 ], [ -81.210281, 28.571264 ], [ -81.210174, 28.570779 ], [ -81.21017, 28.57076 ], [ -81.210167, 28.570747 ], [ -81.210146, 28.570651 ], [ -81.210139, 28.57062 ], [ -81.210126, 28.570563 ], [ -81.210061, 28.570299 ], [ -81.210004, 28.570067 ], [ -81.209835, 28.569336 ], [ -81.209789, 28.569132 ], [ -81.209754, 28.569017 ], [ -81.209747, 28.568984 ], [ -81.209733, 28.568907 ], [ -81.209723, 28.568657 ], [ -81.209696, 28.567902 ], [ -81.209687, 28.567574 ], [ -81.209678, 28.567213 ], [ -81.209677, 28.567176 ], [ -81.210516, 28.567269 ], [ -81.21178, 28.567406 ], [ -81.211788, 28.567292 ], [ -81.21179, 28.567263 ], [ -81.211803, 28.56715 ], [ -81.211791, 28.566421 ], [ -81.211753, 28.565098 ], [ -81.212169, 28.565098 ], [ -81.212995, 28.56512 ], [ -81.213776, 28.56513 ], [ -81.214186, 28.565131 ], [ -81.214546, 28.565132 ], [ -81.214872, 28.565126 ], [ -81.215419, 28.565126 ], [ -81.215469, 28.565127 ], [ -81.21583, 28.565139 ], [ -81.216132, 28.565141 ], [ -81.216894, 28.565149 ], [ -81.217041, 28.565148 ], [ -81.217344, 28.565148 ], [ -81.217459, 28.565148 ], [ -81.217526, 28.565148 ], [ -81.218075, 28.565156 ], [ -81.218258, 28.565159 ], [ -81.218285, 28.565159 ], [ -81.218368, 28.565159 ], [ -81.218396, 28.56516 ], [ -81.218705, 28.565164 ], [ -81.2189, 28.565167 ], [ -81.219633, 28.565184 ], [ -81.219943, 28.565192 ], [ -81.219949, 28.565811 ], [ -81.21995, 28.565858 ], [ -81.219946, 28.566315 ], [ -81.21996, 28.567668 ], [ -81.219965, 28.568032 ], [ -81.21997, 28.568203 ], [ -81.220242, 28.568242 ], [ -81.222546, 28.568516 ], [ -81.223871, 28.568663 ], [ -81.223883, 28.568501 ], [ -81.223915, 28.568325 ], [ -81.224029, 28.568668 ], [ -81.224724, 28.568751 ], [ -81.225205, 28.568808 ], [ -81.225298, 28.568822 ], [ -81.225429, 28.568838 ], [ -81.225537, 28.568857 ], [ -81.225806, 28.568878 ], [ -81.226172, 28.568934 ], [ -81.22768, 28.569091 ], [ -81.229186, 28.56928 ], [ -81.229202, 28.56894 ], [ -81.229206, 28.568433 ], [ -81.229391, 28.56843 ], [ -81.229815, 28.568416 ], [ -81.230397, 28.568399 ], [ -81.231642, 28.568387 ], [ -81.232079, 28.568383 ], [ -81.232252, 28.568385 ], [ -81.232258, 28.56852 ], [ -81.23226, 28.568645 ], [ -81.232274, 28.569428 ], [ -81.232278, 28.569631 ], [ -81.232889, 28.569679 ], [ -81.232872, 28.569465 ], [ -81.232871, 28.569029 ], [ -81.232889, 28.568684 ], [ -81.232889, 28.568647 ], [ -81.232894, 28.568375 ], [ -81.232987, 28.568373 ], [ -81.233268, 28.568371 ], [ -81.233362, 28.568371 ], [ -81.234063, 28.568369 ], [ -81.234438, 28.568358 ], [ -81.234892, 28.568356 ], [ -81.235906, 28.568335 ], [ -81.236385, 28.568332 ], [ -81.236426, 28.568343 ], [ -81.23646, 28.568366 ], [ -81.236476, 28.568384 ], [ -81.236491, 28.568417 ], [ -81.236521, 28.569597 ], [ -81.236522, 28.569665 ], [ -81.236522, 28.569772 ], [ -81.23652, 28.569808 ], [ -81.236572, 28.569809 ], [ -81.236612, 28.569804 ], [ -81.237176, 28.569796 ], [ -81.238286, 28.569772 ], [ -81.239037, 28.569728 ], [ -81.239746, 28.569667 ], [ -81.239798, 28.56978 ], [ -81.240898, 28.569677 ], [ -81.241031, 28.569665 ], [ -81.242394, 28.569516 ], [ -81.243043, 28.569452 ], [ -81.24339, 28.569433 ], [ -81.244092, 28.569357 ], [ -81.244857, 28.569285 ], [ -81.245262, 28.569248 ], [ -81.2462, 28.569144 ], [ -81.247104, 28.569055 ], [ -81.247362, 28.56903 ], [ -81.247453, 28.56902 ], [ -81.247949, 28.568969 ], [ -81.248765, 28.568889 ], [ -81.249635, 28.568789 ], [ -81.250242, 28.568633 ], [ -81.250774, 28.568518 ], [ -81.251347, 28.568443 ], [ -81.251507, 28.568429 ], [ -81.251807, 28.568405 ], [ -81.252044, 28.568391 ], [ -81.252925, 28.568372 ], [ -81.25323, 28.568408 ], [ -81.253209, 28.568303 ], [ -81.253204, 28.568279 ], [ -81.2532, 28.568246 ], [ -81.255749, 28.568222 ], [ -81.256747, 28.568219 ], [ -81.256726, 28.567481 ], [ -81.257738, 28.567462 ], [ -81.25773, 28.568208 ], [ -81.259168, 28.568218 ], [ -81.259312, 28.568219 ], [ -81.25999, 28.568233 ], [ -81.260336, 28.56827 ], [ -81.261021, 28.56831 ], [ -81.261311, 28.568315 ], [ -81.261312, 28.568034 ], [ -81.261315, 28.567963 ], [ -81.261333, 28.567873 ], [ -81.261362, 28.56781 ], [ -81.261411, 28.567743 ], [ -81.261471, 28.567686 ], [ -81.26156, 28.567633 ], [ -81.261652, 28.567599 ], [ -81.261742, 28.567586 ], [ -81.262362, 28.567584 ], [ -81.262623, 28.567584 ], [ -81.262776, 28.567587 ], [ -81.262774, 28.567533 ], [ -81.26277, 28.567372 ], [ -81.262769, 28.567319 ], [ -81.262887, 28.567298 ], [ -81.263005, 28.567277 ], [ -81.263404, 28.567244 ], [ -81.263558, 28.567141 ], [ -81.263834, 28.566958 ], [ -81.264307, 28.566754 ], [ -81.264756, 28.566677 ], [ -81.265057, 28.566734 ], [ -81.265112, 28.566744 ], [ -81.265479, 28.566683 ], [ -81.265874, 28.566485 ], [ -81.265953, 28.566447 ], [ -81.266171, 28.566359 ], [ -81.266414, 28.566337 ], [ -81.266531, 28.566356 ], [ -81.26633, 28.567231 ], [ -81.266068, 28.568279 ], [ -81.266203, 28.568281 ], [ -81.266403, 28.568282 ], [ -81.267623, 28.568289 ], [ -81.267825, 28.568289 ], [ -81.268012, 28.568289 ], [ -81.269427, 28.568261 ], [ -81.269814, 28.568235 ], [ -81.270837, 28.568218 ], [ -81.271535, 28.568207 ], [ -81.272078, 28.568207 ], [ -81.272077, 28.568021 ], [ -81.272075, 28.567541 ], [ -81.272416, 28.567536 ], [ -81.272463, 28.567539 ], [ -81.272619, 28.567561 ], [ -81.272615, 28.566888 ], [ -81.272623, 28.566808 ], [ -81.272641, 28.56677 ], [ -81.272665, 28.566742 ], [ -81.272697, 28.566721 ], [ -81.27274, 28.566707 ], [ -81.272786, 28.566699 ], [ -81.272826, 28.566702 ], [ -81.272873, 28.566713 ], [ -81.272911, 28.56673 ], [ -81.272943, 28.566755 ], [ -81.272966, 28.56679 ], [ -81.27298, 28.566828 ], [ -81.272989, 28.566873 ], [ -81.272999, 28.567714 ], [ -81.272986, 28.568086 ], [ -81.272966, 28.568193 ], [ -81.272966, 28.568207 ], [ -81.273658, 28.568207 ], [ -81.277783, 28.568199 ], [ -81.277837, 28.568198 ], [ -81.27784, 28.568362 ], [ -81.278154, 28.568362 ], [ -81.278992, 28.568365 ], [ -81.279098, 28.568363 ], [ -81.279239, 28.568362 ], [ -81.279413, 28.568368 ], [ -81.279627, 28.568364 ], [ -81.279838, 28.568362 ], [ -81.280263, 28.568357 ], [ -81.280376, 28.568358 ], [ -81.280488, 28.56836 ], [ -81.280481, 28.568393 ], [ -81.2805, 28.568635 ], [ -81.280537, 28.568839 ], [ -81.280612, 28.5694 ], [ -81.280786, 28.569758 ], [ -81.28083, 28.571021 ], [ -81.280833, 28.571439 ], [ -81.280838, 28.571911 ], [ -81.280739, 28.572095 ], [ -81.280459, 28.572624 ], [ -81.280216, 28.573138 ], [ -81.279816, 28.573354 ], [ -81.279495, 28.573521 ], [ -81.277921, 28.573614 ], [ -81.277742, 28.573616 ], [ -81.274681, 28.573665 ], [ -81.272774, 28.573732 ], [ -81.271931, 28.574064 ], [ -81.271935, 28.574887 ], [ -81.273791, 28.574863 ], [ -81.273815, 28.575606 ], [ -81.274258, 28.575642 ], [ -81.275587, 28.576288 ], [ -81.277647, 28.576276 ], [ -81.277707, 28.579234 ], [ -81.277982, 28.57927 ], [ -81.27803, 28.581067 ], [ -81.279005, 28.581098 ], [ -81.279132, 28.581102 ], [ -81.27912, 28.581797 ], [ -81.278952, 28.581803 ], [ -81.278413, 28.581821 ], [ -81.278318, 28.581977 ], [ -81.278365, 28.582504 ], [ -81.278304, 28.582933 ], [ -81.278406, 28.582932 ], [ -81.279439, 28.582927 ], [ -81.279784, 28.582926 ], [ -81.280466, 28.582924 ], [ -81.280794, 28.582923 ], [ -81.281202, 28.582922 ], [ -81.28176, 28.582926 ], [ -81.28199, 28.584034 ], [ -81.282208, 28.585084 ], [ -81.282235, 28.589587 ], [ -81.282275, 28.590196 ], [ -81.280219, 28.59019 ], [ -81.27912, 28.590188 ], [ -81.279184, 28.59026 ], [ -81.279253, 28.590328 ], [ -81.279328, 28.590392 ], [ -81.279407, 28.590451 ], [ -81.27946, 28.590494 ], [ -81.279507, 28.590541 ], [ -81.279548, 28.590593 ], [ -81.279582, 28.590649 ], [ -81.279609, 28.590707 ], [ -81.279628, 28.590768 ], [ -81.279639, 28.590831 ], [ -81.279642, 28.590894 ], [ -81.279637, 28.590957 ], [ -81.279624, 28.591019 ], [ -81.279603, 28.59108 ], [ -81.279574, 28.591138 ], [ -81.279395, 28.591446 ], [ -81.279508, 28.591557 ], [ -81.279671, 28.591737 ], [ -81.279732, 28.591803 ], [ -81.279798, 28.592067 ], [ -81.279799, 28.592152 ], [ -81.279803, 28.59241 ], [ -81.279805, 28.592496 ], [ -81.279807, 28.592672 ], [ -81.279814, 28.593031 ], [ -81.279813, 28.593201 ], [ -81.279813, 28.593254 ], [ -81.279794, 28.593354 ], [ -81.279779, 28.593371 ], [ -81.279758, 28.593394 ], [ -81.279704, 28.593425 ], [ -81.279607, 28.593438 ], [ -81.278771, 28.59345 ], [ -81.27818, 28.593459 ], [ -81.27569, 28.593429 ], [ -81.274664, 28.593417 ], [ -81.274662, 28.593502 ], [ -81.274657, 28.593756 ], [ -81.274656, 28.593842 ], [ -81.275325, 28.59386 ], [ -81.276651, 28.593867 ], [ -81.278095, 28.593891 ], [ -81.280252, 28.593863 ], [ -81.280285, 28.593824 ], [ -81.283405, 28.593771 ], [ -81.283432, 28.593822 ], [ -81.283454, 28.595641 ] ] ] ] } },
{ "type": "Feature", "properties": { "ZCTA5CE20": "32821", "GEOID20": "32821", "GEOIDFQ20": "860Z200US32821", "CLASSFP20": "B5", "MTFCC20": "G6350", "FUNCSTAT20": "S", "ALAND20": 42248971, "AWATER20": 2007460, "INTPTLAT20": "+28.3813301", "INTPTLON20": "-081.4801288" }, "geometry": { "type": "MultiPolygon", "coordinates": [ [ [ [ -81.540936, 28.362078 ], [ -81.539584, 28.362077 ], [ -81.539186, 28.362078 ], [ -81.537008, 28.362075 ], [ -81.536795, 28.362075 ], [ -81.532654, 28.36207 ], [ -81.53223, 28.362069 ], [ -81.532014, 28.362069 ], [ -81.531809, 28.362069 ], [ -81.528675, 28.362065 ], [ -81.527998, 28.362064 ], [ -81.528524, 28.362344 ], [ -81.528638, 28.362402 ], [ -81.529468, 28.362843 ], [ -81.529675, 28.362927 ], [ -81.529742, 28.362955 ], [ -81.5297, 28.363052 ], [ -81.529679, 28.363094 ], [ -81.529647, 28.363158 ], [ -81.529589, 28.363136 ], [ -81.529318, 28.363031 ], [ -81.529085, 28.362946 ], [ -81.528871, 28.362868 ], [ -81.528062, 28.362573 ], [ -81.527054, 28.362189 ], [ -81.526485, 28.361966 ], [ -81.52596, 28.361774 ], [ -81.524736, 28.361303 ], [ -81.524246, 28.361111 ], [ -81.523434, 28.360804 ], [ -81.522372, 28.360385 ], [ -81.52138, 28.360003 ], [ -81.521287, 28.359971 ], [ -81.521022, 28.359868 ], [ -81.520756, 28.359765 ], [ -81.52069, 28.359736 ], [ -81.520439, 28.359643 ], [ -81.52034, 28.359753 ], [ -81.520235, 28.359869 ], [ -81.518902, 28.36136 ], [ -81.518842, 28.361428 ], [ -81.517023, 28.363463 ], [ -81.515658, 28.364973 ], [ -81.515264, 28.365398 ], [ -81.514728, 28.365964 ], [ -81.514526, 28.366194 ], [ -81.514252, 28.366507 ], [ -81.5138, 28.367007 ], [ -81.513425, 28.367431 ], [ -81.513011, 28.36789 ], [ -81.510205, 28.371032 ], [ -81.509432, 28.371916 ], [ -81.507667, 28.373889 ], [ -81.506544, 28.375128 ], [ -81.506226, 28.375478 ], [ -81.505274, 28.376528 ], [ -81.504957, 28.376879 ], [ -81.504875, 28.376968 ], [ -81.504746, 28.377111 ], [ -81.504632, 28.377237 ], [ -81.504453, 28.377416 ], [ -81.504284, 28.37757 ], [ -81.503848, 28.37804 ], [ -81.503423, 28.378522 ], [ -81.501977, 28.380168 ], [ -81.500785, 28.381507 ], [ -81.500536, 28.381786 ], [ -81.500389, 28.381931 ], [ -81.499618, 28.382832 ], [ -81.498259, 28.384341 ], [ -81.493039, 28.390141 ], [ -81.488359, 28.395386 ], [ -81.48737, 28.396414 ], [ -81.487313, 28.396473 ], [ -81.486914, 28.396968 ], [ -81.48584, 28.398145 ], [ -81.482344, 28.402014 ], [ -81.481704, 28.402722 ], [ -81.479218, 28.405582 ], [ -81.477843, 28.407107 ], [ -81.477468, 28.407522 ], [ -81.477291, 28.407709 ], [ -81.475669, 28.409506 ], [ -81.4756, 28.409591 ], [ -81.475217, 28.410148 ], [ -81.474601, 28.411332 ], [ -81.474381, 28.411882 ], [ -81.474133, 28.412749 ], [ -81.474009, 28.413809 ], [ -81.474009, 28.41469 ], [ -81.474037, 28.414965 ], [ -81.474041, 28.416078 ], [ -81.4741, 28.420105 ], [ -81.474078, 28.421806 ], [ -81.474087, 28.421999 ], [ -81.473816, 28.422048 ], [ -81.473664, 28.422057 ], [ -81.473512, 28.422053 ], [ -81.473404, 28.422043 ], [ -81.473268, 28.422021 ], [ -81.472731, 28.421892 ], [ -81.471916, 28.421697 ], [ -81.47125, 28.421544 ], [ -81.470897, 28.421468 ], [ -81.470592, 28.421408 ], [ -81.470287, 28.421347 ], [ -81.469214, 28.421186 ], [ -81.467872, 28.421064 ], [ -81.467629, 28.421057 ], [ -81.46709, 28.42104 ], [ -81.466678, 28.42104 ], [ -81.464985, 28.42104 ], [ -81.463074, 28.421052 ], [ -81.459879, 28.421101 ], [ -81.459623, 28.421106 ], [ -81.45857, 28.421107 ], [ -81.456593, 28.421116 ], [ -81.455613, 28.421121 ], [ -81.454589, 28.421117 ], [ -81.454289, 28.421116 ], [ -81.454073, 28.421116 ], [ -81.45334, 28.421148 ], [ -81.452617, 28.421127 ], [ -81.450621, 28.421142 ], [ -81.449013, 28.421169 ], [ -81.448112, 28.421185 ], [ -81.447562, 28.421158 ], [ -81.44521, 28.421216 ], [ -81.443429, 28.421205 ], [ -81.442783, 28.421208 ], [ -81.442642, 28.421209 ], [ -81.442602, 28.421209 ], [ -81.442571, 28.421209 ], [ -81.441867, 28.421214 ], [ -81.44063, 28.421215 ], [ -81.439398, 28.421227 ], [ -81.437753, 28.421236 ], [ -81.437628, 28.421235 ], [ -81.437121, 28.421232 ], [ -81.436884, 28.421231 ], [ -81.436534, 28.421239 ], [ -81.435523, 28.421261 ], [ -81.433623, 28.421269 ], [ -81.431534, 28.421297 ], [ -81.429295, 28.421315 ], [ -81.428572, 28.4213 ], [ -81.428592, 28.421218 ], [ -81.428775, 28.421102 ], [ -81.429296, 28.420776 ], [ -81.429489, 28.420484 ], [ -81.429576, 28.420324 ], [ -81.429645, 28.420247 ], [ -81.429676, 28.420165 ], [ -81.429676, 28.420025 ], [ -81.429676, 28.420005 ], [ -81.429832, 28.419328 ], [ -81.429844, 28.419158 ], [ -81.429913, 28.418938 ], [ -81.43005, 28.418701 ], [ -81.430317, 28.418354 ], [ -81.430641, 28.418052 ], [ -81.430868, 28.417828 ], [ -81.431027, 28.417672 ], [ -81.431332, 28.417397 ], [ -81.431431, 28.41732 ], [ -81.431494, 28.417237 ], [ -81.43155, 28.417155 ], [ -81.431587, 28.417067 ], [ -81.431647, 28.416714 ], [ -81.431755, 28.416087 ], [ -81.431826, 28.415774 ], [ -81.431898, 28.41546 ], [ -81.431961, 28.415087 ], [ -81.431976, 28.415002 ], [ -81.432055, 28.414543 ], [ -81.43234, 28.412879 ], [ -81.432452, 28.412269 ], [ -81.432602, 28.411427 ], [ -81.432732, 28.411355 ], [ -81.433075, 28.411108 ], [ -81.433224, 28.410976 ], [ -81.433349, 28.410816 ], [ -81.433417, 28.410684 ], [ -81.433479, 28.41048 ], [ -81.433497, 28.410297 ], [ -81.433535, 28.409908 ], [ -81.433753, 28.408268 ], [ -81.433784, 28.407927 ], [ -81.433865, 28.406959 ], [ -81.43394, 28.406452 ], [ -81.433971, 28.406122 ], [ -81.433996, 28.406023 ], [ -81.43404, 28.405924 ], [ -81.434201, 28.405743 ], [ -81.434332, 28.405655 ], [ -81.434842, 28.405203 ], [ -81.435054, 28.405033 ], [ -81.435247, 28.404851 ], [ -81.435315, 28.404741 ], [ -81.435421, 28.40462 ], [ -81.435552, 28.40451 ], [ -81.435795, 28.404268 ], [ -81.436025, 28.404103 ], [ -81.436168, 28.403982 ], [ -81.436392, 28.403734 ], [ -81.436597, 28.403459 ], [ -81.436709, 28.403195 ], [ -81.436877, 28.402881 ], [ -81.437114, 28.402529 ], [ -81.437301, 28.402309 ], [ -81.437481, 28.401957 ], [ -81.437531, 28.401896 ], [ -81.43773, 28.401605 ], [ -81.437842, 28.401407 ], [ -81.437935, 28.401302 ], [ -81.437966, 28.401241 ], [ -81.437979, 28.401137 ], [ -81.437959, 28.401067 ], [ -81.437932, 28.401001 ], [ -81.43789, 28.400862 ], [ -81.437836, 28.400725 ], [ -81.437801, 28.40066 ], [ -81.437774, 28.400631 ], [ -81.437744, 28.400609 ], [ -81.437525, 28.400448 ], [ -81.437484, 28.400346 ], [ -81.437323, 28.399861 ], [ -81.437224, 28.399624 ], [ -81.437194, 28.399519 ], [ -81.437162, 28.399341 ], [ -81.437143, 28.399198 ], [ -81.437109, 28.399057 ], [ -81.437095, 28.399028 ], [ -81.437077, 28.398992 ], [ -81.437022, 28.398898 ], [ -81.436977, 28.398839 ], [ -81.43694, 28.398782 ], [ -81.43689, 28.398738 ], [ -81.43684, 28.398694 ], [ -81.436722, 28.398628 ], [ -81.436704, 28.398609 ], [ -81.436641, 28.39854 ], [ -81.436604, 28.398479 ], [ -81.436604, 28.398452 ], [ -81.43656, 28.398353 ], [ -81.436535, 28.398232 ], [ -81.43656, 28.398033 ], [ -81.436591, 28.397929 ], [ -81.436641, 28.397813 ], [ -81.436496, 28.39761 ], [ -81.436193, 28.397186 ], [ -81.43605, 28.396982 ], [ -81.43586, 28.396718 ], [ -81.43567, 28.396454 ], [ -81.435047, 28.395599 ], [ -81.434563, 28.394919 ], [ -81.434494, 28.39477 ], [ -81.434339, 28.394413 ], [ -81.434298, 28.394135 ], [ -81.434258, 28.393857 ], [ -81.434245, 28.393829 ], [ -81.433894, 28.393178 ], [ -81.434526, 28.391589 ], [ -81.434676, 28.391347 ], [ -81.436441, 28.390535 ], [ -81.437466, 28.389833 ], [ -81.4391, 28.389192 ], [ -81.439211, 28.386518 ], [ -81.439524, 28.379038 ], [ -81.439382, 28.378399 ], [ -81.439057, 28.37683 ], [ -81.438865, 28.37589 ], [ -81.438736, 28.37514 ], [ -81.438671, 28.374946 ], [ -81.438661, 28.374877 ], [ -81.438533, 28.374572 ], [ -81.438415, 28.374424 ], [ -81.438222, 28.374218 ], [ -81.43811, 28.374132 ], [ -81.437958, 28.373981 ], [ -81.437851, 28.373844 ], [ -81.437548, 28.373574 ], [ -81.452982, 28.373511 ], [ -81.452974, 28.371394 ], [ -81.463018, 28.37136 ], [ -81.468782, 28.371315 ], [ -81.468663, 28.354127 ], [ -81.468664, 28.353866 ], [ -81.468592, 28.347213 ], [ -81.479617, 28.34714 ], [ -81.486547, 28.347094 ], [ -81.487493, 28.347088 ], [ -81.487591, 28.347088 ], [ -81.487939, 28.347088 ], [ -81.488033, 28.347089 ], [ -81.488935, 28.347097 ], [ -81.489236, 28.3471 ], [ -81.493298, 28.347131 ], [ -81.499803, 28.347183 ], [ -81.50547, 28.347189 ], [ -81.507968, 28.347191 ], [ -81.509347, 28.347193 ], [ -81.509874, 28.347193 ], [ -81.51028, 28.347196 ], [ -81.51053, 28.347194 ], [ -81.511243, 28.347195 ], [ -81.511903, 28.347195 ], [ -81.514071, 28.347198 ], [ -81.514498, 28.347198 ], [ -81.515498, 28.347199 ], [ -81.519492, 28.347206 ], [ -81.522153, 28.347205 ], [ -81.524656, 28.347215 ], [ -81.528723, 28.347255 ], [ -81.529006, 28.347257 ], [ -81.529228, 28.347262 ], [ -81.531272, 28.34728 ], [ -81.531528, 28.347282 ], [ -81.531635, 28.347284 ], [ -81.531924, 28.347284 ], [ -81.532429, 28.347292 ], [ -81.532542, 28.347292 ], [ -81.53279, 28.347295 ], [ -81.533168, 28.34729 ], [ -81.533444, 28.347291 ], [ -81.536832, 28.347272 ], [ -81.538637, 28.347261 ], [ -81.540875, 28.347248 ], [ -81.540917, 28.357573 ], [ -81.540923, 28.358849 ], [ -81.540928, 28.36005 ], [ -81.54093, 28.360626 ], [ -81.540935, 28.361336 ], [ -81.540936, 28.362078 ] ] ] ] } },
{ "type": "Feature", "properties": { "ZCTA5CE20": "32765", "GEOID20": "32765", "GEOIDFQ20": "860Z200US32765", "CLASSFP20": "B5", "MTFCC20": "G6350", "FUNCSTAT20": "S", "ALAND20": 101055741, "AWATER20": 8842727, "INTPTLAT20": "+28.6651120", "INTPTLON20": "-081.1962902" }, "geometry": { "type": "MultiPolygon", "coordinates": [ [ [ [ -81.271892, 28.64122 ], [ -81.271777, 28.641233 ], [ -81.27139, 28.64131 ], [ -81.271333, 28.641327 ], [ -81.271147, 28.641387 ], [ -81.271072, 28.641431 ], [ -81.271022, 28.641491 ], [ -81.270953, 28.641602 ], [ -81.270903, 28.641756 ], [ -81.270878, 28.641805 ], [ -81.270835, 28.641893 ], [ -81.2708, 28.641945 ], [ -81.270622, 28.642218 ], [ -81.27046, 28.642355 ], [ -81.269836, 28.642757 ], [ -81.269674, 28.642834 ], [ -81.269487, 28.642905 ], [ -81.269262, 28.642977 ], [ -81.26906, 28.643027 ], [ -81.268869, 28.643076 ], [ -81.268558, 28.643097 ], [ -81.268233, 28.643103 ], [ -81.267528, 28.643086 ], [ -81.267036, 28.643113 ], [ -81.266724, 28.643141 ], [ -81.266435, 28.643136 ], [ -81.266387, 28.643135 ], [ -81.2662, 28.643157 ], [ -81.26607, 28.643183 ], [ -81.265788, 28.643267 ], [ -81.265645, 28.643322 ], [ -81.265314, 28.643597 ], [ -81.265233, 28.643647 ], [ -81.265139, 28.643729 ], [ -81.264946, 28.643922 ], [ -81.264877, 28.644001 ], [ -81.26484, 28.644043 ], [ -81.264247, 28.644565 ], [ -81.264191, 28.644607 ], [ -81.264134, 28.644653 ], [ -81.263972, 28.644758 ], [ -81.263604, 28.645011 ], [ -81.263417, 28.645142 ], [ -81.263255, 28.645258 ], [ -81.26323, 28.645286 ], [ -81.263155, 28.645434 ], [ -81.263136, 28.645555 ], [ -81.263161, 28.645649 ], [ -81.263242, 28.645885 ], [ -81.263604, 28.646304 ], [ -81.263697, 28.646397 ], [ -81.263797, 28.646625 ], [ -81.263828, 28.646694 ], [ -81.264059, 28.647091 ], [ -81.264277, 28.647404 ], [ -81.264385, 28.647684 ], [ -81.262757, 28.647695 ], [ -81.260999, 28.647677 ], [ -81.258282, 28.647672 ], [ -81.254296, 28.647791 ], [ -81.253979, 28.647795 ], [ -81.253916, 28.647797 ], [ -81.253922, 28.647995 ], [ -81.253959, 28.648182 ], [ -81.254005, 28.649353 ], [ -81.254021, 28.649744 ], [ -81.254085, 28.650722 ], [ -81.25412, 28.651252 ], [ -81.254132, 28.651582 ], [ -81.254161, 28.652299 ], [ -81.254237, 28.654108 ], [ -81.254252, 28.654452 ], [ -81.254286, 28.65517 ], [ -81.254294, 28.655362 ], [ -81.25432, 28.65594 ], [ -81.254329, 28.656133 ], [ -81.254356, 28.656718 ], [ -81.254439, 28.658474 ], [ -81.254459, 28.65889 ], [ -81.254484, 28.658939 ], [ -81.25459, 28.658983 ], [ -81.25458, 28.659087 ], [ -81.251041, 28.658791 ], [ -81.251073, 28.660746 ], [ -81.251115, 28.663318 ], [ -81.251136, 28.664618 ], [ -81.25114, 28.664833 ], [ -81.250793, 28.664851 ], [ -81.24998, 28.664864 ], [ -81.248005, 28.664936 ], [ -81.247662, 28.664941 ], [ -81.247033, 28.664894 ], [ -81.245828, 28.664808 ], [ -81.245826, 28.664113 ], [ -81.245819, 28.663564 ], [ -81.245811, 28.662996 ], [ -81.245753, 28.662898 ], [ -81.245467, 28.662807 ], [ -81.245343, 28.662769 ], [ -81.244983, 28.66265 ], [ -81.244922, 28.66263 ], [ -81.243967, 28.662334 ], [ -81.243654, 28.662238 ], [ -81.243788, 28.662134 ], [ -81.244374, 28.661658 ], [ -81.244702, 28.661369 ], [ -81.244818, 28.661264 ], [ -81.244975, 28.6611 ], [ -81.245022, 28.661041 ], [ -81.245108, 28.660912 ], [ -81.24513, 28.660875 ], [ -81.245226, 28.660718 ], [ -81.245307, 28.660533 ], [ -81.245348, 28.660362 ], [ -81.245423, 28.660049 ], [ -81.245432, 28.65999 ], [ -81.245421, 28.659744 ], [ -81.245359, 28.65952 ], [ -81.245393, 28.659297 ], [ -81.245078, 28.658723 ], [ -81.244921, 28.658531 ], [ -81.244698, 28.658356 ], [ -81.24414, 28.658013 ], [ -81.24378, 28.657899 ], [ -81.243345, 28.657842 ], [ -81.243205, 28.657847 ], [ -81.243252, 28.657521 ], [ -81.243344, 28.657484 ], [ -81.243458, 28.657401 ], [ -81.243548, 28.6573 ], [ -81.243596, 28.657206 ], [ -81.243626, 28.656925 ], [ -81.24332, 28.656454 ], [ -81.242835, 28.656432 ], [ -81.242773, 28.656453 ], [ -81.242631, 28.656447 ], [ -81.242249, 28.656467 ], [ -81.242158, 28.656458 ], [ -81.242059, 28.656469 ], [ -81.24197, 28.656499 ], [ -81.241896, 28.656584 ], [ -81.241872, 28.656665 ], [ -81.241912, 28.656758 ], [ -81.241928, 28.656794 ], [ -81.241904, 28.65689 ], [ -81.241872, 28.656981 ], [ -81.241919, 28.657063 ], [ -81.241978, 28.657097 ], [ -81.242008, 28.657163 ], [ -81.24201, 28.657238 ], [ -81.242002, 28.657326 ], [ -81.242006, 28.657375 ], [ -81.241985, 28.65752 ], [ -81.241949, 28.65763 ], [ -81.241907, 28.657668 ], [ -81.24185, 28.657691 ], [ -81.241799, 28.657714 ], [ -81.241789, 28.657744 ], [ -81.241802, 28.657783 ], [ -81.241792, 28.657837 ], [ -81.241822, 28.657873 ], [ -81.24185, 28.657945 ], [ -81.241685, 28.658025 ], [ -81.241342, 28.657954 ], [ -81.241296, 28.658055 ], [ -81.241166, 28.658327 ], [ -81.241152, 28.658358 ], [ -81.240942, 28.658591 ], [ -81.240852, 28.65869 ], [ -81.24067, 28.658891 ], [ -81.240592, 28.658997 ], [ -81.240371, 28.659297 ], [ -81.240332, 28.659326 ], [ -81.239837, 28.659689 ], [ -81.239769, 28.659738 ], [ -81.239453, 28.65997 ], [ -81.239585, 28.660046 ], [ -81.239947, 28.660266 ], [ -81.24008, 28.660726 ], [ -81.240637, 28.660741 ], [ -81.241624, 28.66077 ], [ -81.241625, 28.660857 ], [ -81.241651, 28.661638 ], [ -81.24183, 28.666531 ], [ -81.236274, 28.666627 ], [ -81.233142, 28.666662 ], [ -81.232811, 28.666661 ], [ -81.232135, 28.666653 ], [ -81.229223, 28.666599 ], [ -81.229228, 28.66789 ], [ -81.229236, 28.668061 ], [ -81.229243, 28.668205 ], [ -81.229255, 28.668253 ], [ -81.229303, 28.670211 ], [ -81.228342, 28.670226 ], [ -81.227786, 28.67024 ], [ -81.227056, 28.670235 ], [ -81.226763, 28.671486 ], [ -81.226663, 28.672058 ], [ -81.226383, 28.673874 ], [ -81.226369, 28.67399 ], [ -81.226327, 28.674344 ], [ -81.226314, 28.674452 ], [ -81.226289, 28.674784 ], [ -81.226221, 28.675668 ], [ -81.226197, 28.676246 ], [ -81.226122, 28.677484 ], [ -81.226118, 28.677719 ], [ -81.226104, 28.678645 ], [ -81.226123, 28.679553 ], [ -81.226131, 28.679701 ], [ -81.226198, 28.681027 ], [ -81.226236, 28.681451 ], [ -81.22628, 28.681946 ], [ -81.226286, 28.682003 ], [ -81.226413, 28.682079 ], [ -81.226583, 28.682181 ], [ -81.226619, 28.682203 ], [ -81.226814, 28.682321 ], [ -81.228007, 28.68304 ], [ -81.229043, 28.683665 ], [ -81.229534, 28.683967 ], [ -81.229646, 28.684036 ], [ -81.229729, 28.684087 ], [ -81.230028, 28.684271 ], [ -81.230154, 28.684349 ], [ -81.230665, 28.684651 ], [ -81.230904, 28.684793 ], [ -81.231555, 28.685069 ], [ -81.23213, 28.685257 ], [ -81.232322, 28.685292 ], [ -81.232683, 28.685359 ], [ -81.232908, 28.685395 ], [ -81.232352, 28.685479 ], [ -81.232018, 28.685585 ], [ -81.231667, 28.685752 ], [ -81.231342, 28.685991 ], [ -81.231043, 28.686335 ], [ -81.230998, 28.6864 ], [ -81.230682, 28.686862 ], [ -81.2306, 28.68754 ], [ -81.230589, 28.687639 ], [ -81.230534, 28.688159 ], [ -81.23044, 28.688475 ], [ -81.230351, 28.688853 ], [ -81.230298, 28.689292 ], [ -81.230261, 28.689555 ], [ -81.230236, 28.689739 ], [ -81.230226, 28.689835 ], [ -81.230208, 28.690061 ], [ -81.230038, 28.690064 ], [ -81.230003, 28.690064 ], [ -81.23, 28.690146 ], [ -81.229997, 28.690231 ], [ -81.229975, 28.69023 ], [ -81.229912, 28.690229 ], [ -81.229891, 28.690229 ], [ -81.229463, 28.690221 ], [ -81.229422, 28.690221 ], [ -81.228791, 28.690238 ], [ -81.228183, 28.690242 ], [ -81.228142, 28.690243 ], [ -81.228061, 28.690243 ], [ -81.227756, 28.690243 ], [ -81.227728, 28.690243 ], [ -81.227645, 28.690243 ], [ -81.227618, 28.690243 ], [ -81.227064, 28.690243 ], [ -81.226944, 28.690244 ], [ -81.226283, 28.690271 ], [ -81.225403, 28.690275 ], [ -81.225016, 28.690277 ], [ -81.22485, 28.690276 ], [ -81.224732, 28.690275 ], [ -81.224378, 28.690274 ], [ -81.224319, 28.690274 ], [ -81.22426, 28.690274 ], [ -81.22406, 28.690273 ], [ -81.223805, 28.690272 ], [ -81.223462, 28.690268 ], [ -81.223263, 28.690267 ], [ -81.223173, 28.690266 ], [ -81.222904, 28.690265 ], [ -81.222815, 28.690265 ], [ -81.222348, 28.690263 ], [ -81.221447, 28.690259 ], [ -81.22095, 28.690258 ], [ -81.220484, 28.690257 ], [ -81.220386, 28.690256 ], [ -81.220313, 28.690256 ], [ -81.22025, 28.690256 ], [ -81.220093, 28.690255 ], [ -81.219996, 28.690255 ], [ -81.219799, 28.690254 ], [ -81.219755, 28.690254 ], [ -81.21913, 28.690251 ], [ -81.219035, 28.690251 ], [ -81.218949, 28.690251 ], [ -81.218795, 28.690251 ], [ -81.218662, 28.69025 ], [ -81.218267, 28.690248 ], [ -81.218135, 28.690248 ], [ -81.21779, 28.690246 ], [ -81.217552, 28.690247 ], [ -81.21731, 28.690248 ], [ -81.215804, 28.690261 ], [ -81.215493, 28.690263 ], [ -81.215429, 28.690264 ], [ -81.215024, 28.690267 ], [ -81.214985, 28.690267 ], [ -81.214967, 28.690268 ], [ -81.214932, 28.690269 ], [ -81.214904, 28.690269 ], [ -81.214823, 28.690269 ], [ -81.214796, 28.69027 ], [ -81.214551, 28.690272 ], [ -81.214238, 28.690275 ], [ -81.213816, 28.69028 ], [ -81.213745, 28.690281 ], [ -81.213572, 28.690284 ], [ -81.213556, 28.690284 ], [ -81.213508, 28.690284 ], [ -81.213493, 28.690285 ], [ -81.213003, 28.69029 ], [ -81.212929, 28.690291 ], [ -81.212917, 28.69899 ], [ -81.211035, 28.698979 ], [ -81.211038, 28.698995 ], [ -81.211071, 28.699154 ], [ -81.211082, 28.699207 ], [ -81.211084, 28.699216 ], [ -81.21114, 28.699552 ], [ -81.211234, 28.699987 ], [ -81.211315, 28.700168 ], [ -81.211396, 28.7003 ], [ -81.211412, 28.700318 ], [ -81.211483, 28.700399 ], [ -81.211577, 28.700487 ], [ -81.21169, 28.700696 ], [ -81.211764, 28.701016 ], [ -81.211765, 28.701296 ], [ -81.211783, 28.701373 ], [ -81.211852, 28.701549 ], [ -81.211871, 28.701863 ], [ -81.211902, 28.702023 ], [ -81.212008, 28.702254 ], [ -81.212102, 28.702567 ], [ -81.212096, 28.702705 ], [ -81.212065, 28.70298 ], [ -81.212071, 28.703244 ], [ -81.212114, 28.703398 ], [ -81.212227, 28.703602 ], [ -81.212251, 28.703631 ], [ -81.212377, 28.703789 ], [ -81.21252, 28.704025 ], [ -81.212583, 28.704168 ], [ -81.212639, 28.704548 ], [ -81.212683, 28.704697 ], [ -81.212851, 28.704636 ], [ -81.213057, 28.704597 ], [ -81.213151, 28.70457 ], [ -81.213288, 28.704509 ], [ -81.213556, 28.70441 ], [ -81.213706, 28.704377 ], [ -81.213806, 28.704372 ], [ -81.213943, 28.704405 ], [ -81.214106, 28.70441 ], [ -81.214218, 28.704388 ], [ -81.214436, 28.704394 ], [ -81.214624, 28.704487 ], [ -81.214748, 28.704498 ], [ -81.214817, 28.704531 ], [ -81.214961, 28.704531 ], [ -81.215085, 28.704487 ], [ -81.215373, 28.704294 ], [ -81.215741, 28.704096 ], [ -81.216061, 28.703971 ], [ -81.216234, 28.703904 ], [ -81.217026, 28.70343 ], [ -81.217238, 28.703392 ], [ -81.217725, 28.703226 ], [ -81.217962, 28.703204 ], [ -81.218274, 28.703232 ], [ -81.218692, 28.703342 ], [ -81.219248, 28.703353 ], [ -81.219416, 28.70333 ], [ -81.219535, 28.703297 ], [ -81.219841, 28.70316 ], [ -81.220228, 28.702962 ], [ -81.220446, 28.702912 ], [ -81.220646, 28.702846 ], [ -81.221114, 28.702796 ], [ -81.221226, 28.702774 ], [ -81.221788, 28.70256 ], [ -81.222143, 28.702471 ], [ -81.222243, 28.70246 ], [ -81.222618, 28.70246 ], [ -81.222805, 28.702499 ], [ -81.222967, 28.702504 ], [ -81.223229, 28.702455 ], [ -81.223404, 28.702438 ], [ -81.223604, 28.702328 ], [ -81.223691, 28.702311 ], [ -81.223791, 28.7023 ], [ -81.224078, 28.702322 ], [ -81.224309, 28.702289 ], [ -81.224359, 28.702262 ], [ -81.224527, 28.702234 ], [ -81.224596, 28.702212 ], [ -81.224702, 28.702157 ], [ -81.224814, 28.70208 ], [ -81.224945, 28.702014 ], [ -81.225108, 28.70197 ], [ -81.225233, 28.701986 ], [ -81.225407, 28.701981 ], [ -81.225545, 28.701948 ], [ -81.225707, 28.701854 ], [ -81.225894, 28.701695 ], [ -81.226075, 28.701601 ], [ -81.2262, 28.701557 ], [ -81.2263, 28.701542 ], [ -81.226655, 28.701491 ], [ -81.227055, 28.701513 ], [ -81.227298, 28.701562 ], [ -81.22756, 28.701579 ], [ -81.227747, 28.701562 ], [ -81.22791, 28.701529 ], [ -81.228122, 28.701463 ], [ -81.228234, 28.701408 ], [ -81.228646, 28.701171 ], [ -81.228977, 28.701033 ], [ -81.229345, 28.700967 ], [ -81.229588, 28.700962 ], [ -81.229773, 28.700968 ], [ -81.229821, 28.700969 ], [ -81.229858, 28.70097 ], [ -81.229938, 28.700973 ], [ -81.230112, 28.701004 ], [ -81.230197, 28.701019 ], [ -81.230487, 28.701071 ], [ -81.230678, 28.701086 ], [ -81.231036, 28.701115 ], [ -81.231504, 28.701187 ], [ -81.231854, 28.701286 ], [ -81.232111, 28.70134 ], [ -81.232266, 28.701373 ], [ -81.232353, 28.701373 ], [ -81.232565, 28.701412 ], [ -81.232591, 28.701411 ], [ -81.232699, 28.701408 ], [ -81.233026, 28.701401 ], [ -81.233052, 28.701401 ], [ -81.233134, 28.701388 ], [ -81.233051, 28.701238 ], [ -81.232971, 28.701092 ], [ -81.232804, 28.70079 ], [ -81.232722, 28.700641 ], [ -81.232558, 28.700344 ], [ -81.232067, 28.699454 ], [ -81.231904, 28.699158 ], [ -81.231742, 28.698865 ], [ -81.231566, 28.698545 ], [ -81.231263, 28.697987 ], [ -81.231105, 28.697694 ], [ -81.230975, 28.697454 ], [ -81.230917, 28.697347 ], [ -81.231187, 28.69723 ], [ -81.232177, 28.699062 ], [ -81.232451, 28.699562 ], [ -81.233039, 28.700632 ], [ -81.233345, 28.700623 ], [ -81.233501, 28.700619 ], [ -81.233763, 28.700718 ], [ -81.234082, 28.700722 ], [ -81.235881, 28.700748 ], [ -81.236481, 28.700757 ], [ -81.23665, 28.700759 ], [ -81.236956, 28.700764 ], [ -81.236856, 28.700026 ], [ -81.23623, 28.700051 ], [ -81.236231, 28.699086 ], [ -81.236304, 28.698473 ], [ -81.236396, 28.697699 ], [ -81.23718, 28.697695 ], [ -81.237578, 28.697695 ], [ -81.237556, 28.696907 ], [ -81.237547, 28.696554 ], [ -81.237543, 28.696419 ], [ -81.237541, 28.696342 ], [ -81.237537, 28.696227 ], [ -81.23754, 28.69597 ], [ -81.237543, 28.695814 ], [ -81.237511, 28.694925 ], [ -81.240484, 28.694874 ], [ -81.240561, 28.699151 ], [ -81.240413, 28.699161 ], [ -81.240359, 28.69927 ], [ -81.239518, 28.700038 ], [ -81.239305, 28.700215 ], [ -81.239093, 28.700381 ], [ -81.238731, 28.700788 ], [ -81.238509, 28.700946 ], [ -81.2384, 28.701025 ], [ -81.238107, 28.701157 ], [ -81.238007, 28.701179 ], [ -81.237957, 28.701195 ], [ -81.237583, 28.701245 ], [ -81.236834, 28.701229 ], [ -81.236353, 28.701301 ], [ -81.235455, 28.701295 ], [ -81.234775, 28.701323 ], [ -81.234489, 28.701315 ], [ -81.233707, 28.701296 ], [ -81.233427, 28.701341 ], [ -81.239183, 28.711841 ], [ -81.239276, 28.712011 ], [ -81.23911, 28.711979 ], [ -81.238943, 28.711947 ], [ -81.238811, 28.711938 ], [ -81.238679, 28.71193 ], [ -81.236451, 28.711787 ], [ -81.23455, 28.711569 ], [ -81.231529, 28.71139 ], [ -81.230381, 28.711342 ], [ -81.229717, 28.711314 ], [ -81.228869, 28.71128 ], [ -81.226905, 28.711498 ], [ -81.224468, 28.712019 ], [ -81.222759, 28.712538 ], [ -81.220893, 28.713779 ], [ -81.220055, 28.714193 ], [ -81.219078, 28.714687 ], [ -81.218057, 28.71531 ], [ -81.217767, 28.715511 ], [ -81.216873, 28.716133 ], [ -81.216085, 28.716592 ], [ -81.215819, 28.716747 ], [ -81.215657, 28.716865 ], [ -81.214862, 28.717442 ], [ -81.21401, 28.718106 ], [ -81.213883, 28.718205 ], [ -81.212788, 28.718948 ], [ -81.211933, 28.719511 ], [ -81.211923, 28.719518 ], [ -81.211682, 28.719728 ], [ -81.211511, 28.719571 ], [ -81.211223, 28.71988 ], [ -81.21017, 28.720857 ], [ -81.208002, 28.72265 ], [ -81.205772, 28.724769 ], [ -81.202923, 28.726941 ], [ -81.201435, 28.728315 ], [ -81.200569, 28.729114 ], [ -81.197843, 28.731342 ], [ -81.195551, 28.73346 ], [ -81.194188, 28.734764 ], [ -81.193321, 28.735959 ], [ -81.192578, 28.736937 ], [ -81.191772, 28.738186 ], [ -81.191448, 28.73932 ], [ -81.191988, 28.739376 ], [ -81.191834, 28.73961 ], [ -81.190354, 28.74186 ], [ -81.178886, 28.741844 ], [ -81.178224, 28.742069 ], [ -81.177363, 28.742745 ], [ -81.176661, 28.743235 ], [ -81.176356, 28.743301 ], [ -81.174572, 28.743266 ], [ -81.174184, 28.743274 ], [ -81.173535, 28.743102 ], [ -81.172707, 28.742676 ], [ -81.172463, 28.742573 ], [ -81.172129, 28.742496 ], [ -81.171878, 28.742364 ], [ -81.171698, 28.742274 ], [ -81.171255, 28.742133 ], [ -81.170844, 28.742081 ], [ -81.170427, 28.742139 ], [ -81.170073, 28.742203 ], [ -81.169707, 28.742319 ], [ -81.169482, 28.742409 ], [ -81.169322, 28.742377 ], [ -81.169219, 28.742313 ], [ -81.169091, 28.742126 ], [ -81.16902, 28.741863 ], [ -81.168924, 28.741715 ], [ -81.168814, 28.741632 ], [ -81.16868, 28.741606 ], [ -81.168455, 28.741619 ], [ -81.168127, 28.741683 ], [ -81.167722, 28.74176 ], [ -81.167414, 28.741702 ], [ -81.167318, 28.741638 ], [ -81.167065, 28.741328 ], [ -81.166977, 28.741229 ], [ -81.166726, 28.741063 ], [ -81.166411, 28.740848 ], [ -81.166386, 28.740783 ], [ -81.16638, 28.740551 ], [ -81.166448, 28.740348 ], [ -81.166554, 28.740221 ], [ -81.166673, 28.740111 ], [ -81.16691, 28.739968 ], [ -81.167054, 28.739908 ], [ -81.167216, 28.739858 ], [ -81.167422, 28.739831 ], [ -81.167603, 28.739825 ], [ -81.167778, 28.739809 ], [ -81.167828, 28.739776 ], [ -81.167909, 28.739671 ], [ -81.16799, 28.739523 ], [ -81.168003, 28.739435 ], [ -81.167941, 28.739292 ], [ -81.167828, 28.739198 ], [ -81.167585, 28.738923 ], [ -81.16751, 28.738818 ], [ -81.167479, 28.738714 ], [ -81.167479, 28.73862 ], [ -81.16746, 28.738549 ], [ -81.167385, 28.738516 ], [ -81.167248, 28.73851 ], [ -81.167048, 28.738549 ], [ -81.166964, 28.738546 ], [ -81.166867, 28.738543 ], [ -81.166786, 28.738494 ], [ -81.166368, 28.738015 ], [ -81.166286, 28.73785 ], [ -81.166274, 28.737657 ], [ -81.166324, 28.73758 ], [ -81.166392, 28.737515 ], [ -81.166393, 28.737497 ], [ -81.166567, 28.737415 ], [ -81.166592, 28.737376 ], [ -81.166592, 28.737305 ], [ -81.166505, 28.737233 ], [ -81.166386, 28.737211 ], [ -81.166274, 28.737162 ], [ -81.166193, 28.737074 ], [ -81.166112, 28.737024 ], [ -81.166006, 28.736914 ], [ -81.165968, 28.736854 ], [ -81.165831, 28.736755 ], [ -81.165744, 28.736705 ], [ -81.165731, 28.736562 ], [ -81.1657, 28.736468 ], [ -81.165631, 28.736342 ], [ -81.165475, 28.736193 ], [ -81.165419, 28.736182 ], [ -81.165338, 28.736215 ], [ -81.165294, 28.736248 ], [ -81.165201, 28.736259 ], [ -81.165026, 28.736182 ], [ -81.164926, 28.736094 ], [ -81.164857, 28.736006 ], [ -81.164782, 28.73588 ], [ -81.164695, 28.735758 ], [ -81.164632, 28.735698 ], [ -81.164551, 28.735555 ], [ -81.164508, 28.735505 ], [ -81.16432, 28.735351 ], [ -81.164264, 28.735324 ], [ -81.164089, 28.735285 ], [ -81.164015, 28.735252 ], [ -81.163958, 28.735203 ], [ -81.163727, 28.735043 ], [ -81.163484, 28.734839 ], [ -81.163403, 28.734751 ], [ -81.163266, 28.734531 ], [ -81.163203, 28.734449 ], [ -81.163022, 28.734416 ], [ -81.162928, 28.734388 ], [ -81.162847, 28.734328 ], [ -81.162785, 28.734262 ], [ -81.162679, 28.734091 ], [ -81.162648, 28.734063 ], [ -81.162591, 28.734041 ], [ -81.162535, 28.734036 ], [ -81.162485, 28.734041 ], [ -81.162261, 28.734091 ], [ -81.162179, 28.734096 ], [ -81.161998, 28.734091 ], [ -81.161873, 28.734058 ], [ -81.16158, 28.733948 ], [ -81.161424, 28.733926 ], [ -81.161224, 28.733931 ], [ -81.161037, 28.733975 ], [ -81.160937, 28.734008 ], [ -81.160731, 28.734096 ], [ -81.160619, 28.734129 ], [ -81.160438, 28.734146 ], [ -81.160179, 28.734145 ], [ -81.160144, 28.734145 ], [ -81.160026, 28.734096 ], [ -81.159926, 28.734013 ], [ -81.159776, 28.733914 ], [ -81.15962, 28.733832 ], [ -81.159433, 28.73376 ], [ -81.159127, 28.733678 ], [ -81.158946, 28.7336 ], [ -81.158565, 28.733485 ], [ -81.158446, 28.733424 ], [ -81.158297, 28.733331 ], [ -81.158128, 28.733182 ], [ -81.158016, 28.733155 ], [ -81.157847, 28.733171 ], [ -81.157754, 28.733193 ], [ -81.157516, 28.73327 ], [ -81.157148, 28.733363 ], [ -81.157023, 28.733413 ], [ -81.156936, 28.733468 ], [ -81.156698, 28.733556 ], [ -81.156161, 28.733715 ], [ -81.155787, 28.733842 ], [ -81.155718, 28.73388 ], [ -81.155612, 28.733968 ], [ -81.15555, 28.73404 ], [ -81.155468, 28.734183 ], [ -81.155387, 28.734298 ], [ -81.155325, 28.734359 ], [ -81.155237, 28.734425 ], [ -81.155075, 28.734497 ], [ -81.155012, 28.734513 ], [ -81.154869, 28.734502 ], [ -81.1548, 28.734502 ], [ -81.154763, 28.734513 ], [ -81.15465, 28.734618 ], [ -81.154619, 28.734634 ], [ -81.154494, 28.734656 ], [ -81.154419, 28.7347 ], [ -81.153565, 28.734217 ], [ -81.151003, 28.732771 ], [ -81.15015, 28.732289 ], [ -81.151037, 28.732333 ], [ -81.151836, 28.732196 ], [ -81.152441, 28.732218 ], [ -81.152491, 28.732064 ], [ -81.153147, 28.732372 ], [ -81.153396, 28.732504 ], [ -81.153696, 28.73268 ], [ -81.154089, 28.732945 ], [ -81.154407, 28.73328 ], [ -81.154782, 28.733561 ], [ -81.155194, 28.73306 ], [ -81.155394, 28.732846 ], [ -81.155662, 28.732626 ], [ -81.155981, 28.732334 ], [ -81.156012, 28.732296 ], [ -81.156037, 28.732301 ], [ -81.156368, 28.732257 ], [ -81.156786, 28.732092 ], [ -81.157579, 28.731977 ], [ -81.158022, 28.731999 ], [ -81.158696, 28.732258 ], [ -81.158927, 28.732379 ], [ -81.158846, 28.73179 ], [ -81.158715, 28.731394 ], [ -81.15874, 28.731075 ], [ -81.158915, 28.730954 ], [ -81.159015, 28.730849 ], [ -81.159096, 28.730717 ], [ -81.159146, 28.73042 ], [ -81.159228, 28.730123 ], [ -81.159421, 28.729749 ], [ -81.159521, 28.729523 ], [ -81.159609, 28.729292 ], [ -81.15964, 28.728725 ], [ -81.159609, 28.728555 ], [ -81.158872, 28.727916 ], [ -81.15808, 28.727465 ], [ -81.15725, 28.727091 ], [ -81.157, 28.726959 ], [ -81.156688, 28.726815 ], [ -81.156544, 28.726507 ], [ -81.156276, 28.725396 ], [ -81.15597, 28.724779 ], [ -81.155914, 28.724559 ], [ -81.155896, 28.724383 ], [ -81.155908, 28.724191 ], [ -81.156039, 28.72402 ], [ -81.156289, 28.723475 ], [ -81.155852, 28.723486 ], [ -81.155403, 28.723404 ], [ -81.154935, 28.723222 ], [ -81.15242, 28.721895 ], [ -81.151471, 28.721411 ], [ -81.15017, 28.721397 ], [ -81.1486, 28.721382 ], [ -81.148813, 28.721134 ], [ -81.149169, 28.720891 ], [ -81.149524, 28.720665 ], [ -81.149621, 28.720544 ], [ -81.149662, 28.720374 ], [ -81.149597, 28.720043 ], [ -81.149363, 28.719138 ], [ -81.148969, 28.718472 ], [ -81.148826, 28.718224 ], [ -81.148707, 28.717965 ], [ -81.148682, 28.717833 ], [ -81.148732, 28.717663 ], [ -81.148757, 28.717267 ], [ -81.148732, 28.717184 ], [ -81.148539, 28.716848 ], [ -81.148402, 28.71654 ], [ -81.148371, 28.716381 ], [ -81.148389, 28.716293 ], [ -81.148414, 28.716001 ], [ -81.14844, 28.7155 ], [ -81.148615, 28.714141 ], [ -81.148671, 28.713899 ], [ -81.148758, 28.71363 ], [ -81.148833, 28.713464 ], [ -81.149002, 28.713145 ], [ -81.149246, 28.712601 ], [ -81.149265, 28.712436 ], [ -81.149352, 28.71205 ], [ -81.149477, 28.71122 ], [ -81.149665, 28.710317 ], [ -81.149702, 28.710196 ], [ -81.147918, 28.710241 ], [ -81.139542, 28.710455 ], [ -81.139542, 28.699565 ], [ -81.141195, 28.699493 ], [ -81.138695, 28.697666 ], [ -81.138189, 28.697302 ], [ -81.13848, 28.697053 ], [ -81.138603, 28.696945 ], [ -81.138802, 28.696781 ], [ -81.139016, 28.696623 ], [ -81.139146, 28.696532 ], [ -81.139295, 28.696446 ], [ -81.139409, 28.696388 ], [ -81.139874, 28.696173 ], [ -81.140612, 28.695872 ], [ -81.14148, 28.695461 ], [ -81.14221, 28.695136 ], [ -81.143255, 28.69465 ], [ -81.147189, 28.692927 ], [ -81.147445, 28.692825 ], [ -81.1486, 28.692371 ], [ -81.151052, 28.691234 ], [ -81.151425, 28.69107 ], [ -81.151449, 28.691059 ], [ -81.155538, 28.68925 ], [ -81.156354, 28.68888 ], [ -81.156655, 28.688744 ], [ -81.158812, 28.687791 ], [ -81.159632, 28.687429 ], [ -81.160401, 28.687082 ], [ -81.161417, 28.686626 ], [ -81.162715, 28.686059 ], [ -81.163489, 28.685723 ], [ -81.16373, 28.685617 ], [ -81.164454, 28.685301 ], [ -81.164551, 28.685259 ], [ -81.164696, 28.685197 ], [ -81.164786, 28.685158 ], [ -81.164812, 28.685147 ], [ -81.164954, 28.685105 ], [ -81.165119, 28.685056 ], [ -81.164944, 28.685046 ], [ -81.163388, 28.685039 ], [ -81.163353, 28.684351 ], [ -81.163336, 28.683784 ], [ -81.16335, 28.683195 ], [ -81.16138, 28.683192 ], [ -81.161371, 28.682208 ], [ -81.160503, 28.682141 ], [ -81.160089, 28.682109 ], [ -81.159502, 28.682032 ], [ -81.159178, 28.682015 ], [ -81.158872, 28.681987 ], [ -81.158779, 28.681943 ], [ -81.158716, 28.681927 ], [ -81.157886, 28.681817 ], [ -81.157668, 28.681756 ], [ -81.157234, 28.681706 ], [ -81.156276, 28.681188 ], [ -81.156258, 28.68086 ], [ -81.156095, 28.680724 ], [ -81.155935, 28.680168 ], [ -81.15579, 28.679764 ], [ -81.155763, 28.679383 ], [ -81.155989, 28.679158 ], [ -81.156273, 28.679005 ], [ -81.156558, 28.678896 ], [ -81.156813, 28.678815 ], [ -81.157009, 28.678694 ], [ -81.157337, 28.678619 ], [ -81.157637, 28.678476 ], [ -81.157818, 28.678316 ], [ -81.158319, 28.678203 ], [ -81.158671, 28.677983 ], [ -81.159054, 28.677807 ], [ -81.159438, 28.677624 ], [ -81.159804, 28.6775 ], [ -81.160006, 28.677358 ], [ -81.160111, 28.677153 ], [ -81.16015, 28.676982 ], [ -81.16017, 28.676889 ], [ -81.160294, 28.676641 ], [ -81.160588, 28.676243 ], [ -81.160744, 28.676037 ], [ -81.160952, 28.675716 ], [ -81.161144, 28.675396 ], [ -81.161284, 28.675152 ], [ -81.161343, 28.674868 ], [ -81.161334, 28.674672 ], [ -81.161408, 28.674455 ], [ -81.161545, 28.674276 ], [ -81.161519, 28.674108 ], [ -81.161462, 28.673876 ], [ -81.161418, 28.673717 ], [ -81.161391, 28.673537 ], [ -81.16126, 28.673471 ], [ -81.161145, 28.673547 ], [ -81.16093, 28.673605 ], [ -81.160828, 28.673714 ], [ -81.160608, 28.673847 ], [ -81.160603, 28.674006 ], [ -81.160784, 28.674014 ], [ -81.161015, 28.673987 ], [ -81.161177, 28.67401 ], [ -81.161239, 28.674124 ], [ -81.161185, 28.674265 ], [ -81.161116, 28.674346 ], [ -81.161001, 28.67438 ], [ -81.160886, 28.674383 ], [ -81.160756, 28.674345 ], [ -81.160658, 28.674324 ], [ -81.160477, 28.674309 ], [ -81.160314, 28.674297 ], [ -81.16013, 28.674383 ], [ -81.160108, 28.674529 ], [ -81.160053, 28.674689 ], [ -81.159976, 28.675 ], [ -81.160057, 28.675038 ], [ -81.160191, 28.674956 ], [ -81.160197, 28.674785 ], [ -81.160336, 28.674569 ], [ -81.160603, 28.674447 ], [ -81.161028, 28.674504 ], [ -81.161155, 28.674624 ], [ -81.161145, 28.674895 ], [ -81.161011, 28.675433 ], [ -81.160739, 28.675701 ], [ -81.16045, 28.676003 ], [ -81.159988, 28.676478 ], [ -81.159855, 28.67654 ], [ -81.159692, 28.676494 ], [ -81.159115, 28.676146 ], [ -81.158881, 28.675802 ], [ -81.158748, 28.675406 ], [ -81.158911, 28.674532 ], [ -81.159239, 28.673597 ], [ -81.159585, 28.672645 ], [ -81.160163, 28.672112 ], [ -81.1606, 28.671824 ], [ -81.161248, 28.671619 ], [ -81.161695, 28.671518 ], [ -81.161897, 28.671349 ], [ -81.161969, 28.671191 ], [ -81.161946, 28.670938 ], [ -81.161986, 28.670712 ], [ -81.162137, 28.67061 ], [ -81.162337, 28.670542 ], [ -81.162527, 28.670274 ], [ -81.162959, 28.669628 ], [ -81.163208, 28.669368 ], [ -81.163324, 28.669354 ], [ -81.163549, 28.669414 ], [ -81.163761, 28.669321 ], [ -81.163975, 28.669029 ], [ -81.164049, 28.66872 ], [ -81.164074, 28.668388 ], [ -81.164188, 28.668225 ], [ -81.164392, 28.668058 ], [ -81.16488, 28.668015 ], [ -81.165532, 28.668224 ], [ -81.165975, 28.66841 ], [ -81.166287, 28.66841 ], [ -81.16629, 28.668206 ], [ -81.165811, 28.667869 ], [ -81.165644, 28.667718 ], [ -81.165742, 28.667717 ], [ -81.165917, 28.667778 ], [ -81.166168, 28.667914 ], [ -81.166388, 28.668022 ], [ -81.166662, 28.668085 ], [ -81.16703, 28.668195 ], [ -81.167376, 28.668189 ], [ -81.167589, 28.668007 ], [ -81.167679, 28.667746 ], [ -81.167591, 28.667616 ], [ -81.167528, 28.667415 ], [ -81.167761, 28.667379 ], [ -81.168189, 28.667523 ], [ -81.168349, 28.667519 ], [ -81.168592, 28.667501 ], [ -81.169092, 28.667422 ], [ -81.169383, 28.667251 ], [ -81.169874, 28.666837 ], [ -81.170226, 28.666601 ], [ -81.170335, 28.666443 ], [ -81.1704, 28.666189 ], [ -81.170106, 28.665762 ], [ -81.170355, 28.665364 ], [ -81.170283, 28.665157 ], [ -81.170196, 28.664974 ], [ -81.170408, 28.664983 ], [ -81.170724, 28.66505 ], [ -81.171116, 28.665071 ], [ -81.171315, 28.664949 ], [ -81.171303, 28.664769 ], [ -81.17129, 28.664684 ], [ -81.171173, 28.664436 ], [ -81.170922, 28.664167 ], [ -81.17079, 28.663977 ], [ -81.170754, 28.663464 ], [ -81.170727, 28.66324 ], [ -81.170582, 28.66289 ], [ -81.170404, 28.662616 ], [ -81.170398, 28.662471 ], [ -81.170407, 28.662322 ], [ -81.170666, 28.662095 ], [ -81.170784, 28.662056 ], [ -81.170858, 28.662025 ], [ -81.170916, 28.661981 ], [ -81.170974, 28.661932 ], [ -81.171013, 28.661876 ], [ -81.171048, 28.66181 ], [ -81.171082, 28.661741 ], [ -81.171101, 28.661669 ], [ -81.171106, 28.661591 ], [ -81.170947, 28.660557 ], [ -81.171004, 28.659802 ], [ -81.17073, 28.65951 ], [ -81.170588, 28.659412 ], [ -81.170348, 28.659174 ], [ -81.170412, 28.658916 ], [ -81.170683, 28.658821 ], [ -81.170804, 28.658801 ], [ -81.170926, 28.65881 ], [ -81.171018, 28.658797 ], [ -81.171331, 28.658661 ], [ -81.171516, 28.65837 ], [ -81.171586, 28.658219 ], [ -81.171714, 28.65804 ], [ -81.171822, 28.658058 ], [ -81.17214, 28.657693 ], [ -81.172152, 28.65761 ], [ -81.172164, 28.65754 ], [ -81.172063, 28.657347 ], [ -81.171845, 28.657246 ], [ -81.17148, 28.657352 ], [ -81.171396, 28.657114 ], [ -81.171084, 28.656962 ], [ -81.171018, 28.656865 ], [ -81.171015, 28.65679 ], [ -81.171025, 28.656721 ], [ -81.171082, 28.656671 ], [ -81.171176, 28.656644 ], [ -81.171394, 28.656726 ], [ -81.171592, 28.656731 ], [ -81.171726, 28.656679 ], [ -81.17177, 28.656626 ], [ -81.171798, 28.656566 ], [ -81.17181, 28.656493 ], [ -81.17179, 28.656401 ], [ -81.171771, 28.656331 ], [ -81.17172, 28.656264 ], [ -81.171644, 28.656208 ], [ -81.171174, 28.655934 ], [ -81.170067, 28.65558 ], [ -81.169919, 28.655352 ], [ -81.169945, 28.655316 ], [ -81.169965, 28.655297 ], [ -81.170083, 28.655137 ], [ -81.170119, 28.655107 ], [ -81.170233, 28.655011 ], [ -81.170376, 28.654823 ], [ -81.170376, 28.654735 ], [ -81.170302, 28.654636 ], [ -81.170301, 28.654609 ], [ -81.170264, 28.654559 ], [ -81.170233, 28.654493 ], [ -81.170233, 28.654332 ], [ -81.169797, 28.654117 ], [ -81.169563, 28.653889 ], [ -81.169228, 28.653616 ], [ -81.169067, 28.653355 ], [ -81.168969, 28.652766 ], [ -81.168752, 28.652646 ], [ -81.1686, 28.652552 ], [ -81.168627, 28.652353 ], [ -81.168668, 28.652241 ], [ -81.168518, 28.652101 ], [ -81.168262, 28.651842 ], [ -81.168196, 28.651661 ], [ -81.168206, 28.651472 ], [ -81.168021, 28.651198 ], [ -81.167986, 28.650987 ], [ -81.167951, 28.650777 ], [ -81.168035, 28.65065 ], [ -81.168271, 28.650583 ], [ -81.168426, 28.650552 ], [ -81.168467, 28.650368 ], [ -81.168446, 28.650212 ], [ -81.168493, 28.649898 ], [ -81.168482, 28.649553 ], [ -81.168426, 28.649458 ], [ -81.168126, 28.649297 ], [ -81.167888, 28.649149 ], [ -81.16787, 28.648911 ], [ -81.16796, 28.648679 ], [ -81.16816, 28.648406 ], [ -81.16838, 28.64806 ], [ -81.168498, 28.647887 ], [ -81.168522, 28.647724 ], [ -81.16848, 28.647639 ], [ -81.168282, 28.647595 ], [ -81.167589, 28.648093 ], [ -81.167449, 28.64832 ], [ -81.167336, 28.648408 ], [ -81.167127, 28.648437 ], [ -81.166974, 28.648369 ], [ -81.166878, 28.648097 ], [ -81.166946, 28.647791 ], [ -81.16706, 28.647587 ], [ -81.167039, 28.647469 ], [ -81.16678, 28.647353 ], [ -81.166549, 28.647269 ], [ -81.166555, 28.646996 ], [ -81.166663, 28.64655 ], [ -81.166785, 28.646257 ], [ -81.166846, 28.646081 ], [ -81.166839, 28.646007 ], [ -81.16662, 28.645908 ], [ -81.166593, 28.645768 ], [ -81.166685, 28.645471 ], [ -81.166589, 28.645393 ], [ -81.166539, 28.644909 ], [ -81.166241, 28.64466 ], [ -81.164975, 28.644058 ], [ -81.164699, 28.643931 ], [ -81.164587, 28.643752 ], [ -81.164674, 28.643553 ], [ -81.164788, 28.643465 ], [ -81.164913, 28.643424 ], [ -81.164981, 28.643386 ], [ -81.165006, 28.643328 ], [ -81.164858, 28.64325 ], [ -81.164698, 28.643215 ], [ -81.164324, 28.643114 ], [ -81.164222, 28.643069 ], [ -81.164072, 28.642746 ], [ -81.16407, 28.642557 ], [ -81.163885, 28.642441 ], [ -81.163557, 28.642314 ], [ -81.163408, 28.642198 ], [ -81.16322, 28.642012 ], [ -81.162715, 28.641875 ], [ -81.161808, 28.641523 ], [ -81.161555, 28.6414 ], [ -81.161376, 28.641231 ], [ -81.161408, 28.640662 ], [ -81.161372, 28.640318 ], [ -81.161344, 28.639944 ], [ -81.161414, 28.639752 ], [ -81.161308, 28.639506 ], [ -81.161166, 28.63905 ], [ -81.161234, 28.638865 ], [ -81.161155, 28.638619 ], [ -81.161072, 28.638206 ], [ -81.161242, 28.638045 ], [ -81.161689, 28.638035 ], [ -81.162168, 28.638101 ], [ -81.162344, 28.638103 ], [ -81.162195, 28.63777 ], [ -81.161649, 28.637447 ], [ -81.16135, 28.637239 ], [ -81.161013, 28.636927 ], [ -81.160913, 28.636751 ], [ -81.161125, 28.636607 ], [ -81.161244, 28.63656 ], [ -81.161163, 28.636389 ], [ -81.161237, 28.636158 ], [ -81.161334, 28.636045 ], [ -81.161647, 28.63601 ], [ -81.161805, 28.636155 ], [ -81.161925, 28.636316 ], [ -81.162219, 28.636354 ], [ -81.162375, 28.636308 ], [ -81.162491, 28.636161 ], [ -81.162546, 28.635942 ], [ -81.162417, 28.635809 ], [ -81.162364, 28.635526 ], [ -81.162399, 28.6353 ], [ -81.162374, 28.634929 ], [ -81.162272, 28.634626 ], [ -81.162426, 28.634467 ], [ -81.162364, 28.63422 ], [ -81.162381, 28.634092 ], [ -81.162367, 28.63405 ], [ -81.162365, 28.634006 ], [ -81.162384, 28.633924 ], [ -81.162391, 28.633478 ], [ -81.162391, 28.633235 ], [ -81.162192, 28.633056 ], [ -81.162116, 28.632988 ], [ -81.162079, 28.632917 ], [ -81.162141, 28.632779 ], [ -81.162129, 28.632691 ], [ -81.161935, 28.632432 ], [ -81.161892, 28.6323 ], [ -81.161848, 28.632212 ], [ -81.161786, 28.632157 ], [ -81.161717, 28.632141 ], [ -81.161655, 28.632174 ], [ -81.161649, 28.632229 ], [ -81.161661, 28.632311 ], [ -81.161717, 28.632394 ], [ -81.161736, 28.632454 ], [ -81.161717, 28.632553 ], [ -81.161673, 28.632597 ], [ -81.161592, 28.632647 ], [ -81.161492, 28.632663 ], [ -81.161374, 28.632658 ], [ -81.161268, 28.632619 ], [ -81.161187, 28.632504 ], [ -81.161212, 28.632344 ], [ -81.161212, 28.632251 ], [ -81.161208, 28.632206 ], [ -81.161199, 28.632075 ], [ -81.161162, 28.632031 ], [ -81.161056, 28.63202 ], [ -81.160688, 28.632146 ], [ -81.160426, 28.632152 ], [ -81.160308, 28.632102 ], [ -81.160127, 28.631915 ], [ -81.160021, 28.631843 ], [ -81.159821, 28.631623 ], [ -81.159759, 28.631486 ], [ -81.159578, 28.631205 ], [ -81.159472, 28.631084 ], [ -81.159154, 28.630952 ], [ -81.159092, 28.630913 ], [ -81.159005, 28.630721 ], [ -81.158892, 28.630522 ], [ -81.158892, 28.630456 ], [ -81.158986, 28.630313 ], [ -81.15893, 28.629824 ], [ -81.158868, 28.629741 ], [ -81.158762, 28.629714 ], [ -81.158637, 28.629702 ], [ -81.158456, 28.629752 ], [ -81.158394, 28.629757 ], [ -81.158325, 28.629735 ], [ -81.158269, 28.629686 ], [ -81.158263, 28.629636 ], [ -81.1583, 28.629548 ], [ -81.158344, 28.629482 ], [ -81.15835, 28.629378 ], [ -81.158325, 28.629312 ], [ -81.1583, 28.629284 ], [ -81.158144, 28.629235 ], [ -81.158038, 28.629213 ], [ -81.158007, 28.629174 ], [ -81.158001, 28.629114 ], [ -81.158107, 28.62902 ], [ -81.158132, 28.628949 ], [ -81.158113, 28.628745 ], [ -81.158045, 28.628662 ], [ -81.157876, 28.628585 ], [ -81.15767, 28.628585 ], [ -81.157571, 28.628563 ], [ -81.157508, 28.628514 ], [ -81.157421, 28.628393 ], [ -81.157384, 28.628371 ], [ -81.157346, 28.628376 ], [ -81.157278, 28.628409 ], [ -81.15719, 28.628475 ], [ -81.157153, 28.628486 ], [ -81.15709, 28.628481 ], [ -81.157034, 28.628437 ], [ -81.156978, 28.628178 ], [ -81.156922, 28.62809 ], [ -81.156914, 28.628084 ], [ -81.156847, 28.62804 ], [ -81.156773, 28.628057 ], [ -81.156716, 28.628106 ], [ -81.156573, 28.628365 ], [ -81.156535, 28.628403 ], [ -81.156486, 28.62842 ], [ -81.156436, 28.628414 ], [ -81.15638, 28.628348 ], [ -81.15638, 28.628282 ], [ -81.156411, 28.628205 ], [ -81.156436, 28.628172 ], [ -81.156448, 28.628117 ], [ -81.156392, 28.627974 ], [ -81.156349, 28.627754 ], [ -81.156392, 28.627672 ], [ -81.15643, 28.627462 ], [ -81.156548, 28.627226 ], [ -81.156542, 28.627187 ], [ -81.156548, 28.627072 ], [ -81.156523, 28.627028 ], [ -81.156505, 28.626951 ], [ -81.15648, 28.626907 ], [ -81.156476, 28.626825 ], [ -81.156493, 28.626781 ], [ -81.156511, 28.626736 ], [ -81.156548, 28.626687 ], [ -81.156617, 28.626615 ], [ -81.156711, 28.626544 ], [ -81.156773, 28.626483 ], [ -81.156821, 28.626403 ], [ -81.156854, 28.626351 ], [ -81.156917, 28.626175 ], [ -81.156973, 28.626125 ], [ -81.157035, 28.626087 ], [ -81.15711, 28.626054 ], [ -81.157203, 28.626038 ], [ -81.157266, 28.625999 ], [ -81.157366, 28.6259 ], [ -81.157384, 28.62585 ], [ -81.157372, 28.625834 ], [ -81.157297, 28.625801 ], [ -81.15716, 28.625773 ], [ -81.15711, 28.62574 ], [ -81.157091, 28.625707 ], [ -81.157088, 28.625694 ], [ -81.157079, 28.625647 ], [ -81.157079, 28.625575 ], [ -81.157104, 28.625515 ], [ -81.157141, 28.625465 ], [ -81.157172, 28.625438 ], [ -81.157216, 28.625421 ], [ -81.157278, 28.625416 ], [ -81.157371, 28.625377 ], [ -81.157452, 28.625311 ], [ -81.15744, 28.62513 ], [ -81.157371, 28.624998 ], [ -81.15739, 28.624866 ], [ -81.157364, 28.624714 ], [ -81.157347, 28.624608 ], [ -81.157322, 28.624542 ], [ -81.157142, 28.624366 ], [ -81.157086, 28.624294 ], [ -81.156974, 28.62398 ], [ -81.156706, 28.623892 ], [ -81.156606, 28.623821 ], [ -81.15655, 28.623705 ], [ -81.156544, 28.623584 ], [ -81.156575, 28.623491 ], [ -81.156799, 28.623221 ], [ -81.156812, 28.623073 ], [ -81.156993, 28.622704 ], [ -81.156954, 28.622544 ], [ -81.156937, 28.622473 ], [ -81.156874, 28.622429 ], [ -81.1568, 28.622258 ], [ -81.156731, 28.622198 ], [ -81.156712, 28.621994 ], [ -81.156943, 28.621757 ], [ -81.157205, 28.621103 ], [ -81.157466, 28.62102 ], [ -81.15756, 28.62091 ], [ -81.157554, 28.620597 ], [ -81.157747, 28.620299 ], [ -81.158165, 28.62009 ], [ -81.158221, 28.620002 ], [ -81.158333, 28.619925 ], [ -81.158209, 28.619116 ], [ -81.158278, 28.61883 ], [ -81.158265, 28.618594 ], [ -81.158178, 28.618533 ], [ -81.157679, 28.618418 ], [ -81.157573, 28.618352 ], [ -81.157493, 28.618258 ], [ -81.157549, 28.618181 ], [ -81.157598, 28.618137 ], [ -81.157972, 28.617983 ], [ -81.158234, 28.617691 ], [ -81.158234, 28.617587 ], [ -81.158116, 28.617488 ], [ -81.158016, 28.617438 ], [ -81.157804, 28.6174 ], [ -81.157654, 28.617323 ], [ -81.157574, 28.617268 ], [ -81.157549, 28.617174 ], [ -81.157568, 28.616882 ], [ -81.157331, 28.616728 ], [ -81.157294, 28.616673 ], [ -81.157275, 28.616426 ], [ -81.157331, 28.616156 ], [ -81.157444, 28.616002 ], [ -81.157581, 28.615892 ], [ -81.157631, 28.615798 ], [ -81.157369, 28.615705 ], [ -81.157375, 28.615573 ], [ -81.157444, 28.615413 ], [ -81.157823, 28.614924 ], [ -81.157899, 28.614879 ], [ -81.157967, 28.614841 ], [ -81.158397, 28.61478 ], [ -81.158534, 28.614731 ], [ -81.158678, 28.614616 ], [ -81.158784, 28.614401 ], [ -81.158821, 28.614038 ], [ -81.158722, 28.613697 ], [ -81.158566, 28.613443 ], [ -81.158429, 28.61313 ], [ -81.158098, 28.612568 ], [ -81.157988, 28.612468 ], [ -81.157911, 28.612398 ], [ -81.157806, 28.612315 ], [ -81.157808, 28.61229 ], [ -81.157812, 28.612225 ], [ -81.160657, 28.612203 ], [ -81.164917, 28.612072 ], [ -81.165442, 28.612068 ], [ -81.165928, 28.612063 ], [ -81.16624, 28.61206 ], [ -81.166712, 28.612057 ], [ -81.167296, 28.612055 ], [ -81.167814, 28.612052 ], [ -81.168164, 28.612048 ], [ -81.168795, 28.612048 ], [ -81.169287, 28.612044 ], [ -81.169724, 28.61204 ], [ -81.169966, 28.612039 ], [ -81.170303, 28.612038 ], [ -81.17064, 28.612035 ], [ -81.171114, 28.612032 ], [ -81.171526, 28.612029 ], [ -81.171938, 28.612026 ], [ -81.172587, 28.612021 ], [ -81.173086, 28.612018 ], [ -81.173528, 28.612015 ], [ -81.173809, 28.612013 ], [ -81.173844, 28.612012 ], [ -81.174169, 28.612011 ], [ -81.174394, 28.612011 ], [ -81.174445, 28.61201 ], [ -81.174468, 28.612012 ], [ -81.17449, 28.612016 ], [ -81.174511, 28.612023 ], [ -81.174531, 28.612038 ], [ -81.177796, 28.612033 ], [ -81.177931, 28.612028 ], [ -81.183569, 28.612004 ], [ -81.183627, 28.612002 ], [ -81.184765, 28.611988 ], [ -81.186918, 28.611965 ], [ -81.18708, 28.611964 ], [ -81.18819, 28.611952 ], [ -81.189333, 28.611943 ], [ -81.190738, 28.612015 ], [ -81.191845, 28.612072 ], [ -81.192027, 28.612081 ], [ -81.194017, 28.612068 ], [ -81.196116, 28.612059 ], [ -81.201221, 28.612036 ], [ -81.201287, 28.612036 ], [ -81.201309, 28.612036 ], [ -81.203819, 28.612022 ], [ -81.204121, 28.612016 ], [ -81.205325, 28.612002 ], [ -81.207323, 28.611983 ], [ -81.207495, 28.611876 ], [ -81.207533, 28.611873 ], [ -81.207707, 28.611876 ], [ -81.209629, 28.611897 ], [ -81.209756, 28.611902 ], [ -81.211609, 28.611905 ], [ -81.212206, 28.611898 ], [ -81.213418, 28.611886 ], [ -81.213757, 28.611883 ], [ -81.214933, 28.611871 ], [ -81.215415, 28.611869 ], [ -81.217895, 28.611858 ], [ -81.218349, 28.611857 ], [ -81.218708, 28.611856 ], [ -81.218813, 28.611856 ], [ -81.222454, 28.611807 ], [ -81.224087, 28.611785 ], [ -81.22428, 28.611759 ], [ -81.224425, 28.61176 ], [ -81.22481, 28.611756 ], [ -81.225323, 28.611769 ], [ -81.22596, 28.611769 ], [ -81.226185, 28.611817 ], [ -81.226248, 28.6118 ], [ -81.227641, 28.611764 ], [ -81.227723, 28.611762 ], [ -81.228045, 28.611753 ], [ -81.228198, 28.611749 ], [ -81.228302, 28.611747 ], [ -81.228616, 28.611745 ], [ -81.228721, 28.611744 ], [ -81.229643, 28.611736 ], [ -81.231234, 28.611724 ], [ -81.232409, 28.611716 ], [ -81.233209, 28.611709 ], [ -81.233332, 28.611709 ], [ -81.234491, 28.611736 ], [ -81.234527, 28.611735 ], [ -81.237445, 28.61169 ], [ -81.239053, 28.611665 ], [ -81.241887, 28.611645 ], [ -81.242257, 28.611638 ], [ -81.243167, 28.611662 ], [ -81.2433, 28.611649 ], [ -81.244698, 28.611536 ], [ -81.244725, 28.611547 ], [ -81.24581, 28.611652 ], [ -81.246729, 28.611642 ], [ -81.24949, 28.611612 ], [ -81.25041, 28.611603 ], [ -81.250455, 28.611602 ], [ -81.25048, 28.611602 ], [ -81.250547, 28.611601 ], [ -81.25132, 28.611589 ], [ -81.252053, 28.611577 ], [ -81.255341, 28.611547 ], [ -81.25749, 28.611531 ], [ -81.258285, 28.611528 ], [ -81.258446, 28.611526 ], [ -81.258574, 28.611524 ], [ -81.261851, 28.6115 ], [ -81.26233, 28.611491 ], [ -81.26317, 28.611476 ], [ -81.266317, 28.611421 ], [ -81.266993, 28.611416 ], [ -81.268018, 28.611389 ], [ -81.268047, 28.613852 ], [ -81.268062, 28.615067 ], [ -81.26706, 28.615102 ], [ -81.26706, 28.615198 ], [ -81.267063, 28.615919 ], [ -81.267072, 28.618314 ], [ -81.26712, 28.618443 ], [ -81.266908, 28.618476 ], [ -81.266698, 28.618494 ], [ -81.266053, 28.618491 ], [ -81.266055, 28.618616 ], [ -81.266061, 28.618917 ], [ -81.266076, 28.619696 ], [ -81.266079, 28.619819 ], [ -81.266085, 28.620121 ], [ -81.266092, 28.620465 ], [ -81.266098, 28.620757 ], [ -81.266114, 28.621497 ], [ -81.266122, 28.621841 ], [ -81.266124, 28.621936 ], [ -81.26613, 28.622221 ], [ -81.266133, 28.622317 ], [ -81.266134, 28.622397 ], [ -81.26614, 28.622639 ], [ -81.266143, 28.62272 ], [ -81.266145, 28.622827 ], [ -81.266148, 28.622983 ], [ -81.266152, 28.623149 ], [ -81.266155, 28.623257 ], [ -81.266165, 28.623674 ], [ -81.266167, 28.623771 ], [ -81.266196, 28.624999 ], [ -81.266195, 28.625044 ], [ -81.266201, 28.625847 ], [ -81.266204, 28.625984 ], [ -81.266213, 28.626217 ], [ -81.266216, 28.626295 ], [ -81.26622, 28.626407 ], [ -81.266233, 28.626746 ], [ -81.266238, 28.626859 ], [ -81.266258, 28.627393 ], [ -81.266319, 28.628998 ], [ -81.266337, 28.629467 ], [ -81.266343, 28.629533 ], [ -81.266358, 28.630072 ], [ -81.266398, 28.631464 ], [ -81.266401, 28.631689 ], [ -81.26641, 28.632229 ], [ -81.266412, 28.63234 ], [ -81.26642, 28.632673 ], [ -81.266423, 28.632785 ], [ -81.266427, 28.633113 ], [ -81.266429, 28.633181 ], [ -81.266443, 28.634096 ], [ -81.266449, 28.634425 ], [ -81.266452, 28.634616 ], [ -81.266461, 28.63519 ], [ -81.266465, 28.635382 ], [ -81.266469, 28.635675 ], [ -81.266484, 28.636557 ], [ -81.266489, 28.636851 ], [ -81.266504, 28.638214 ], [ -81.266508, 28.638602 ], [ -81.266721, 28.638553 ], [ -81.269998, 28.638569 ], [ -81.270034, 28.640282 ], [ -81.271863, 28.640274 ], [ -81.271892, 28.64122 ] ] ] ] } },
{ "type": "Feature", "properties": { "ZCTA5CE20": "32810", "GEOID20": "32810", "GEOIDFQ20": "860Z200US32810", "CLASSFP20": "B5", "MTFCC20": "G6350", "FUNCSTAT20": "S", "ALAND20": 23747825, "AWATER20": 1602641, "INTPTLAT20": "+28.6215948", "INTPTLON20": "-081.4287064" }, "geometry": { "type": "MultiPolygon", "coordinates": [ [ [ [ -81.463751, 28.603619 ], [ -81.462741, 28.603732 ], [ -81.462748, 28.603913 ], [ -81.461709, 28.603967 ], [ -81.461718, 28.605486 ], [ -81.45965, 28.605579 ], [ -81.459652, 28.605449 ], [ -81.459632, 28.604922 ], [ -81.459645, 28.60445 ], [ -81.459647, 28.604212 ], [ -81.459651, 28.603839 ], [ -81.459665, 28.603798 ], [ -81.459697, 28.603765 ], [ -81.459739, 28.603744 ], [ -81.459823, 28.603736 ], [ -81.459952, 28.603732 ], [ -81.460551, 28.603713 ], [ -81.461444, 28.603678 ], [ -81.461699, 28.603671 ], [ -81.461958, 28.603649 ], [ -81.462257, 28.603632 ], [ -81.462618, 28.603626 ], [ -81.462647, 28.60362 ], [ -81.462672, 28.603609 ], [ -81.462698, 28.603585 ], [ -81.462724, 28.603553 ], [ -81.462739, 28.603509 ], [ -81.46274, 28.603395 ], [ -81.462735, 28.603278 ], [ -81.462728, 28.602692 ], [ -81.46273, 28.602514 ], [ -81.46272, 28.602377 ], [ -81.462712, 28.602122 ], [ -81.462713, 28.601766 ], [ -81.462714, 28.601588 ], [ -81.462747, 28.600904 ], [ -81.462746, 28.600789 ], [ -81.462735, 28.600685 ], [ -81.462715, 28.600564 ], [ -81.462707, 28.600476 ], [ -81.462729, 28.600215 ], [ -81.462732, 28.599999 ], [ -81.46284, 28.599997 ], [ -81.463164, 28.599991 ], [ -81.463273, 28.59999 ], [ -81.463759, 28.599964 ], [ -81.463751, 28.603619 ] ] ], [ [ [ -81.480391, 28.620182 ], [ -81.478971, 28.620167 ], [ -81.479017, 28.624537 ], [ -81.479482, 28.624576 ], [ -81.479451, 28.625704 ], [ -81.478188, 28.625712 ], [ -81.477627, 28.625716 ], [ -81.477419, 28.625719 ], [ -81.477337, 28.625718 ], [ -81.477066, 28.625718 ], [ -81.476468, 28.625722 ], [ -81.476334, 28.625723 ], [ -81.476179, 28.625725 ], [ -81.475704, 28.62573 ], [ -81.475525, 28.625733 ], [ -81.475217, 28.625731 ], [ -81.475049, 28.625732 ], [ -81.474897, 28.625733 ], [ -81.474918, 28.626257 ], [ -81.474951, 28.627094 ], [ -81.473784, 28.627084 ], [ -81.473626, 28.627083 ], [ -81.473624, 28.62742 ], [ -81.473615, 28.629366 ], [ -81.472871, 28.629366 ], [ -81.472129, 28.629366 ], [ -81.468028, 28.629382 ], [ -81.463867, 28.629399 ], [ -81.463698, 28.629297 ], [ -81.463653, 28.629311 ], [ -81.46358, 28.629319 ], [ -81.463468, 28.629317 ], [ -81.46243, 28.629302 ], [ -81.462191, 28.629299 ], [ -81.462084, 28.629295 ], [ -81.461621, 28.629288 ], [ -81.460234, 28.629267 ], [ -81.459895, 28.629263 ], [ -81.459865, 28.62926 ], [ -81.459811, 28.629236 ], [ -81.459787, 28.629213 ], [ -81.459775, 28.629194 ], [ -81.459752, 28.629116 ], [ -81.459746, 28.629055 ], [ -81.459757, 28.628808 ], [ -81.459764, 28.628488 ], [ -81.459759, 28.628153 ], [ -81.459722, 28.627599 ], [ -81.458075, 28.627606 ], [ -81.458017, 28.626246 ], [ -81.456754, 28.626289 ], [ -81.456753, 28.627704 ], [ -81.456369, 28.627499 ], [ -81.456255, 28.627438 ], [ -81.455913, 28.627255 ], [ -81.4558, 28.627195 ], [ -81.455447, 28.627003 ], [ -81.454604, 28.626562 ], [ -81.454424, 28.626457 ], [ -81.454321, 28.626399 ], [ -81.454276, 28.626376 ], [ -81.454236, 28.626356 ], [ -81.454197, 28.626335 ], [ -81.454157, 28.626315 ], [ -81.454119, 28.626293 ], [ -81.453897, 28.626168 ], [ -81.453785, 28.626099 ], [ -81.45368, 28.626013 ], [ -81.453624, 28.625954 ], [ -81.453574, 28.625887 ], [ -81.453524, 28.625792 ], [ -81.453502, 28.625718 ], [ -81.453486, 28.625619 ], [ -81.453484, 28.625519 ], [ -81.452907, 28.625535 ], [ -81.452693, 28.625567 ], [ -81.451831, 28.625517 ], [ -81.450665, 28.625522 ], [ -81.449703, 28.625536 ], [ -81.449649, 28.625537 ], [ -81.448736, 28.625547 ], [ -81.44839, 28.625548 ], [ -81.447356, 28.625553 ], [ -81.447151, 28.625554 ], [ -81.448286, 28.627329 ], [ -81.448357, 28.627414 ], [ -81.448531, 28.627348 ], [ -81.449401, 28.627019 ], [ -81.449691, 28.62691 ], [ -81.449824, 28.627224 ], [ -81.449841, 28.627265 ], [ -81.449958, 28.627537 ], [ -81.450004, 28.627648 ], [ -81.450295, 28.62833 ], [ -81.450447, 28.628686 ], [ -81.450493, 28.628794 ], [ -81.450631, 28.62912 ], [ -81.450678, 28.629229 ], [ -81.450602, 28.629249 ], [ -81.450433, 28.629248 ], [ -81.449866, 28.629245 ], [ -81.449783, 28.629248 ], [ -81.449719, 28.629265 ], [ -81.449695, 28.629275 ], [ -81.449635, 28.629304 ], [ -81.449564, 28.629353 ], [ -81.452263, 28.633498 ], [ -81.452404, 28.633714 ], [ -81.452188, 28.633759 ], [ -81.45229, 28.63391 ], [ -81.453133, 28.635164 ], [ -81.45321, 28.635278 ], [ -81.453265, 28.635359 ], [ -81.451644, 28.635561 ], [ -81.451319, 28.635614 ], [ -81.450955, 28.635691 ], [ -81.450608, 28.635784 ], [ -81.450346, 28.635872 ], [ -81.450041, 28.635993 ], [ -81.44972, 28.636135 ], [ -81.449354, 28.63634 ], [ -81.449063, 28.636518 ], [ -81.448862, 28.636656 ], [ -81.44867, 28.636803 ], [ -81.448078, 28.637289 ], [ -81.447889, 28.637444 ], [ -81.446305, 28.638745 ], [ -81.444584, 28.640158 ], [ -81.443809, 28.640152 ], [ -81.443603, 28.64015 ], [ -81.442923, 28.640159 ], [ -81.439209, 28.640141 ], [ -81.436986, 28.640128 ], [ -81.435572, 28.640065 ], [ -81.435472, 28.640061 ], [ -81.430196, 28.640151 ], [ -81.429279, 28.640166 ], [ -81.427327, 28.6402 ], [ -81.425278, 28.64013 ], [ -81.424195, 28.640133 ], [ -81.424194, 28.640105 ], [ -81.423985, 28.640099 ], [ -81.423489, 28.640097 ], [ -81.422994, 28.640096 ], [ -81.421375, 28.6401 ], [ -81.420996, 28.640102 ], [ -81.420671, 28.640094 ], [ -81.420568, 28.640087 ], [ -81.420123, 28.640083 ], [ -81.419461, 28.640078 ], [ -81.419134, 28.640081 ], [ -81.418479, 28.640079 ], [ -81.417931, 28.640078 ], [ -81.417614, 28.640077 ], [ -81.417442, 28.640074 ], [ -81.416263, 28.640058 ], [ -81.415976, 28.640058 ], [ -81.41571, 28.640059 ], [ -81.415637, 28.640061 ], [ -81.415368, 28.640058 ], [ -81.415204, 28.640057 ], [ -81.415204, 28.640077 ], [ -81.415213, 28.640308 ], [ -81.415215, 28.640541 ], [ -81.414543, 28.640539 ], [ -81.413921, 28.640563 ], [ -81.413008, 28.640557 ], [ -81.411861, 28.640571 ], [ -81.411232, 28.640569 ], [ -81.409998, 28.640505 ], [ -81.409532, 28.64046 ], [ -81.409034, 28.640399 ], [ -81.408642, 28.640309 ], [ -81.408042, 28.640109 ], [ -81.407991, 28.640087 ], [ -81.407745, 28.640098 ], [ -81.407633, 28.640104 ], [ -81.407589, 28.640104 ], [ -81.407322, 28.640099 ], [ -81.407098, 28.6401 ], [ -81.406435, 28.640104 ], [ -81.403777, 28.64012 ], [ -81.402891, 28.640126 ], [ -81.398574, 28.640152 ], [ -81.398571, 28.639857 ], [ -81.398564, 28.638975 ], [ -81.398562, 28.638681 ], [ -81.398558, 28.638246 ], [ -81.39855, 28.637351 ], [ -81.398551, 28.636944 ], [ -81.398552, 28.636763 ], [ -81.398547, 28.636511 ], [ -81.398541, 28.636174 ], [ -81.398541, 28.636143 ], [ -81.398543, 28.635268 ], [ -81.398538, 28.635041 ], [ -81.39853, 28.634674 ], [ -81.398522, 28.633147 ], [ -81.398521, 28.632337 ], [ -81.398521, 28.631979 ], [ -81.39852, 28.63097 ], [ -81.399455, 28.630956 ], [ -81.399445, 28.631056 ], [ -81.402888, 28.63102 ], [ -81.405122, 28.630996 ], [ -81.405124, 28.630644 ], [ -81.407289, 28.630621 ], [ -81.407332, 28.630611 ], [ -81.40737, 28.63059 ], [ -81.407399, 28.63056 ], [ -81.407416, 28.630523 ], [ -81.407416, 28.629903 ], [ -81.407474, 28.6299 ], [ -81.407548, 28.629881 ], [ -81.407599, 28.629857 ], [ -81.407712, 28.629761 ], [ -81.407814, 28.629706 ], [ -81.407887, 28.629677 ], [ -81.407918, 28.629669 ], [ -81.407953, 28.629661 ], [ -81.40797, 28.629576 ], [ -81.40787, 28.629299 ], [ -81.407826, 28.629298 ], [ -81.407815, 28.628143 ], [ -81.407885, 28.628143 ], [ -81.407883, 28.627849 ], [ -81.407916, 28.627769 ], [ -81.407951, 28.627689 ], [ -81.407946, 28.627431 ], [ -81.407948, 28.627386 ], [ -81.407449, 28.627393 ], [ -81.406718, 28.62739 ], [ -81.406589, 28.62739 ], [ -81.40661, 28.627357 ], [ -81.40663, 28.627299 ], [ -81.406632, 28.62728 ], [ -81.406635, 28.627254 ], [ -81.406629, 28.62602 ], [ -81.406628, 28.6256 ], [ -81.406664, 28.625599 ], [ -81.406775, 28.625598 ], [ -81.406813, 28.625598 ], [ -81.40684, 28.625597 ], [ -81.406923, 28.625596 ], [ -81.406951, 28.625596 ], [ -81.407015, 28.625595 ], [ -81.407013, 28.625262 ], [ -81.407013, 28.624561 ], [ -81.407444, 28.62456 ], [ -81.407543, 28.62456 ], [ -81.407543, 28.624629 ], [ -81.407901, 28.624629 ], [ -81.407901, 28.624657 ], [ -81.40826, 28.624657 ], [ -81.40826, 28.624602 ], [ -81.40835, 28.624602 ], [ -81.408447, 28.624602 ], [ -81.408821, 28.624602 ], [ -81.408821, 28.62467 ], [ -81.409022, 28.62467 ], [ -81.40922, 28.624406 ], [ -81.409486, 28.624562 ], [ -81.40954, 28.624555 ], [ -81.409685, 28.624538 ], [ -81.410085, 28.62462 ], [ -81.41077, 28.624763 ], [ -81.410821, 28.62474 ], [ -81.410819, 28.62458 ], [ -81.410815, 28.624222 ], [ -81.410804, 28.623355 ], [ -81.410793, 28.62246 ], [ -81.410791, 28.622281 ], [ -81.410788, 28.622014 ], [ -81.406531, 28.622027 ], [ -81.405354, 28.622036 ], [ -81.405341, 28.622059 ], [ -81.405235, 28.622108 ], [ -81.40516, 28.622207 ], [ -81.405142, 28.62229 ], [ -81.405142, 28.622346 ], [ -81.405142, 28.622405 ], [ -81.405154, 28.622708 ], [ -81.405216, 28.623104 ], [ -81.405241, 28.623203 ], [ -81.405285, 28.62328 ], [ -81.405378, 28.623407 ], [ -81.405441, 28.623462 ], [ -81.405578, 28.623512 ], [ -81.40564, 28.623578 ], [ -81.405908, 28.624001 ], [ -81.405952, 28.624111 ], [ -81.406014, 28.624398 ], [ -81.406027, 28.624508 ], [ -81.405983, 28.624568 ], [ -81.405945, 28.624579 ], [ -81.405883, 28.62459 ], [ -81.405827, 28.624629 ], [ -81.405715, 28.624651 ], [ -81.405671, 28.624673 ], [ -81.405559, 28.624684 ], [ -81.405372, 28.624667 ], [ -81.405206, 28.624694 ], [ -81.405135, 28.624706 ], [ -81.405004, 28.624683 ], [ -81.404966, 28.6247 ], [ -81.404673, 28.624689 ], [ -81.404661, 28.624595 ], [ -81.404083, 28.624652 ], [ -81.403819, 28.624678 ], [ -81.403505, 28.62479 ], [ -81.403376, 28.624837 ], [ -81.402834, 28.624854 ], [ -81.402765, 28.624864 ], [ -81.402771, 28.624914 ], [ -81.402734, 28.624964 ], [ -81.402522, 28.62498 ], [ -81.402397, 28.624969 ], [ -81.402279, 28.624853 ], [ -81.402216, 28.62482 ], [ -81.402173, 28.624842 ], [ -81.402148, 28.624804 ], [ -81.402179, 28.624754 ], [ -81.402175, 28.624708 ], [ -81.402173, 28.624666 ], [ -81.402075, 28.624599 ], [ -81.402004, 28.624551 ], [ -81.401904, 28.624545 ], [ -81.401792, 28.624573 ], [ -81.401699, 28.624644 ], [ -81.401586, 28.624595 ], [ -81.401556, 28.624548 ], [ -81.401471, 28.624676 ], [ -81.401473, 28.624718 ], [ -81.401509, 28.625582 ], [ -81.399525, 28.625709 ], [ -81.399245, 28.625711 ], [ -81.398962, 28.625712 ], [ -81.398706, 28.625704 ], [ -81.39845, 28.625698 ], [ -81.398424, 28.625697 ], [ -81.398405, 28.624504 ], [ -81.398402, 28.624418 ], [ -81.398399, 28.624331 ], [ -81.398379, 28.623919 ], [ -81.398359, 28.623507 ], [ -81.398352, 28.623374 ], [ -81.398345, 28.623227 ], [ -81.398334, 28.623045 ], [ -81.398329, 28.622978 ], [ -81.398328, 28.622946 ], [ -81.398322, 28.622846 ], [ -81.398305, 28.622572 ], [ -81.398263, 28.621888 ], [ -81.398257, 28.621753 ], [ -81.398245, 28.62148 ], [ -81.398208, 28.620592 ], [ -81.398204, 28.620478 ], [ -81.398071, 28.620295 ], [ -81.396235, 28.620303 ], [ -81.396276, 28.621677 ], [ -81.396292, 28.621963 ], [ -81.396226, 28.621983 ], [ -81.396095, 28.622013 ], [ -81.395965, 28.622033 ], [ -81.395833, 28.622044 ], [ -81.395096, 28.622056 ], [ -81.394926, 28.62207 ], [ -81.394542, 28.622137 ], [ -81.394386, 28.62217 ], [ -81.394278, 28.622187 ], [ -81.394062, 28.622205 ], [ -81.393846, 28.62221 ], [ -81.393091, 28.622192 ], [ -81.392675, 28.622189 ], [ -81.391982, 28.622174 ], [ -81.391429, 28.622173 ], [ -81.390942, 28.62219 ], [ -81.390848, 28.622207 ], [ -81.390758, 28.622237 ], [ -81.390675, 28.622279 ], [ -81.39069, 28.621986 ], [ -81.39051, 28.621986 ], [ -81.390137, 28.621986 ], [ -81.390142, 28.62116 ], [ -81.390142, 28.621128 ], [ -81.388222, 28.621088 ], [ -81.387638, 28.621079 ], [ -81.387248, 28.621072 ], [ -81.387161, 28.621067 ], [ -81.386736, 28.621022 ], [ -81.386717, 28.618348 ], [ -81.386691, 28.614321 ], [ -81.386705, 28.613488 ], [ -81.386712, 28.611525 ], [ -81.386712, 28.611398 ], [ -81.386712, 28.61123 ], [ -81.386665, 28.610299 ], [ -81.386665, 28.609256 ], [ -81.386648, 28.608726 ], [ -81.386623, 28.60797 ], [ -81.386605, 28.607433 ], [ -81.3866, 28.607273 ], [ -81.386553, 28.606041 ], [ -81.386552, 28.605846 ], [ -81.386511, 28.604392 ], [ -81.386474, 28.603643 ], [ -81.386892, 28.603907 ], [ -81.387993, 28.603886 ], [ -81.388591, 28.60418 ], [ -81.387962, 28.605249 ], [ -81.389045, 28.606035 ], [ -81.389324, 28.60635 ], [ -81.389838, 28.60635 ], [ -81.389891, 28.607262 ], [ -81.391819, 28.607188 ], [ -81.391725, 28.606874 ], [ -81.39269, 28.606811 ], [ -81.392679, 28.606612 ], [ -81.393355, 28.606708 ], [ -81.393394, 28.606392 ], [ -81.393469, 28.60566 ], [ -81.393534, 28.605016 ], [ -81.393577, 28.604597 ], [ -81.393582, 28.604426 ], [ -81.393572, 28.604255 ], [ -81.393532, 28.603997 ], [ -81.393522, 28.603866 ], [ -81.39352, 28.603847 ], [ -81.393612, 28.603845 ], [ -81.395541, 28.60386 ], [ -81.39749, 28.603857 ], [ -81.397529, 28.60385 ], [ -81.397587, 28.603822 ], [ -81.397624, 28.603789 ], [ -81.397686, 28.603676 ], [ -81.397718, 28.603155 ], [ -81.39773, 28.602995 ], [ -81.39773, 28.602981 ], [ -81.397749, 28.602698 ], [ -81.40042, 28.602752 ], [ -81.400353, 28.603806 ], [ -81.400418, 28.603822 ], [ -81.400408, 28.603984 ], [ -81.400366, 28.60466 ], [ -81.400352, 28.60488 ], [ -81.400569, 28.604871 ], [ -81.400692, 28.604535 ], [ -81.400912, 28.604537 ], [ -81.40089, 28.604887 ], [ -81.401748, 28.604913 ], [ -81.401714, 28.605436 ], [ -81.4017, 28.605776 ], [ -81.401927, 28.605781 ], [ -81.402795, 28.605739 ], [ -81.402922, 28.605736 ], [ -81.403681, 28.605623 ], [ -81.403895, 28.605564 ], [ -81.404601, 28.605354 ], [ -81.405014, 28.605149 ], [ -81.405014, 28.605129 ], [ -81.405018, 28.604953 ], [ -81.405082, 28.603963 ], [ -81.405756, 28.603966 ], [ -81.406491, 28.603969 ], [ -81.406577, 28.603986 ], [ -81.406637, 28.604011 ], [ -81.406651, 28.604022 ], [ -81.406922, 28.603789 ], [ -81.406991, 28.603718 ], [ -81.407096, 28.603796 ], [ -81.407146, 28.603752 ], [ -81.407186, 28.603705 ], [ -81.407236, 28.603646 ], [ -81.407185, 28.603607 ], [ -81.407139, 28.60357 ], [ -81.4072, 28.603508 ], [ -81.40776, 28.602945 ], [ -81.40811, 28.602594 ], [ -81.408363, 28.602364 ], [ -81.408468, 28.602248 ], [ -81.408412, 28.602198 ], [ -81.408415, 28.601841 ], [ -81.408419, 28.601454 ], [ -81.408419, 28.601336 ], [ -81.408422, 28.600982 ], [ -81.408424, 28.600865 ], [ -81.408424, 28.600783 ], [ -81.408427, 28.60054 ], [ -81.408428, 28.600459 ], [ -81.408428, 28.600438 ], [ -81.408428, 28.600378 ], [ -81.408429, 28.600358 ], [ -81.408447, 28.600358 ], [ -81.408501, 28.600358 ], [ -81.408519, 28.600359 ], [ -81.408865, 28.600362 ], [ -81.409867, 28.600374 ], [ -81.409909, 28.600375 ], [ -81.410296, 28.600383 ], [ -81.410826, 28.600382 ], [ -81.410794, 28.600278 ], [ -81.410792, 28.600257 ], [ -81.410791, 28.600239 ], [ -81.410736, 28.600242 ], [ -81.41069, 28.600245 ], [ -81.41065, 28.600249 ], [ -81.410602, 28.600255 ], [ -81.410554, 28.600261 ], [ -81.410536, 28.598664 ], [ -81.410531, 28.598263 ], [ -81.410524, 28.597668 ], [ -81.410623, 28.597613 ], [ -81.410866, 28.597558 ], [ -81.410997, 28.597607 ], [ -81.411128, 28.59764 ], [ -81.411327, 28.597673 ], [ -81.411377, 28.597668 ], [ -81.411465, 28.597613 ], [ -81.411614, 28.597591 ], [ -81.411662, 28.597608 ], [ -81.411764, 28.597646 ], [ -81.411882, 28.597596 ], [ -81.411995, 28.597514 ], [ -81.412468, 28.597294 ], [ -81.412561, 28.597308 ], [ -81.412591, 28.597313 ], [ -81.412643, 28.597321 ], [ -81.412786, 28.597316 ], [ -81.413005, 28.597266 ], [ -81.413578, 28.596716 ], [ -81.413728, 28.596667 ], [ -81.413865, 28.59665 ], [ -81.41389, 28.596546 ], [ -81.41381, 28.596512 ], [ -81.413772, 28.596496 ], [ -81.413784, 28.596436 ], [ -81.413815, 28.596403 ], [ -81.41394, 28.596392 ], [ -81.414027, 28.596304 ], [ -81.414029, 28.596276 ], [ -81.414046, 28.596061 ], [ -81.414065, 28.595957 ], [ -81.414041, 28.59594 ], [ -81.413984, 28.595902 ], [ -81.413915, 28.595918 ], [ -81.41384, 28.595951 ], [ -81.413865, 28.596023 ], [ -81.413884, 28.596138 ], [ -81.413865, 28.59621 ], [ -81.413728, 28.596188 ], [ -81.413703, 28.596111 ], [ -81.413716, 28.596006 ], [ -81.413828, 28.595798 ], [ -81.413847, 28.595764 ], [ -81.413863, 28.595751 ], [ -81.414091, 28.595753 ], [ -81.415118, 28.595761 ], [ -81.415401, 28.595764 ], [ -81.415464, 28.595764 ], [ -81.415527, 28.595765 ], [ -81.415608, 28.595765 ], [ -81.415965, 28.596451 ], [ -81.416741, 28.597835 ], [ -81.416777, 28.597924 ], [ -81.416816, 28.598019 ], [ -81.416975, 28.59795 ], [ -81.41704, 28.597918 ], [ -81.417506, 28.597677 ], [ -81.417384, 28.597889 ], [ -81.417281, 28.598135 ], [ -81.417314, 28.598197 ], [ -81.417397, 28.598355 ], [ -81.417516, 28.598582 ], [ -81.417667, 28.59887 ], [ -81.418719, 28.598852 ], [ -81.418727, 28.599167 ], [ -81.417781, 28.599185 ], [ -81.417979, 28.599562 ], [ -81.418047, 28.59956 ], [ -81.418086, 28.599635 ], [ -81.418129, 28.599717 ], [ -81.418165, 28.599785 ], [ -81.418444, 28.600317 ], [ -81.418769, 28.600936 ], [ -81.420015, 28.600915 ], [ -81.420157, 28.601186 ], [ -81.421297, 28.601166 ], [ -81.422038, 28.601153 ], [ -81.422938, 28.601138 ], [ -81.423034, 28.603877 ], [ -81.421835, 28.60389 ], [ -81.42105, 28.6039 ], [ -81.420622, 28.604236 ], [ -81.420861, 28.604538 ], [ -81.421151, 28.604911 ], [ -81.421432, 28.605229 ], [ -81.421526, 28.605336 ], [ -81.42161, 28.605265 ], [ -81.421669, 28.605222 ], [ -81.422117, 28.604901 ], [ -81.422267, 28.604794 ], [ -81.422314, 28.604761 ], [ -81.422554, 28.60458 ], [ -81.422675, 28.604499 ], [ -81.422952, 28.604294 ], [ -81.423016, 28.604249 ], [ -81.423239, 28.604094 ], [ -81.423778, 28.603704 ], [ -81.423899, 28.603628 ], [ -81.424068, 28.603538 ], [ -81.424213, 28.603468 ], [ -81.42441, 28.603834 ], [ -81.42516, 28.604494 ], [ -81.425841, 28.604646 ], [ -81.4263, 28.60463 ], [ -81.426873, 28.604612 ], [ -81.426976, 28.604581 ], [ -81.427078, 28.60455 ], [ -81.427164, 28.604524 ], [ -81.42725, 28.604498 ], [ -81.42772, 28.605195 ], [ -81.42774, 28.605219 ], [ -81.428111, 28.605675 ], [ -81.428191, 28.605801 ], [ -81.428477, 28.606252 ], [ -81.428617, 28.606746 ], [ -81.428588, 28.607301 ], [ -81.428505, 28.607567 ], [ -81.428444, 28.607769 ], [ -81.428174, 28.608119 ], [ -81.428111, 28.60821 ], [ -81.428048, 28.6083 ], [ -81.42803, 28.608327 ], [ -81.427982, 28.608296 ], [ -81.427841, 28.608205 ], [ -81.427794, 28.608175 ], [ -81.427728, 28.608133 ], [ -81.427637, 28.608059 ], [ -81.427601, 28.60803 ], [ -81.427526, 28.607954 ], [ -81.427426, 28.60783 ], [ -81.427375, 28.607751 ], [ -81.427332, 28.607668 ], [ -81.427301, 28.607592 ], [ -81.427281, 28.60754 ], [ -81.427249, 28.607406 ], [ -81.427085, 28.60743 ], [ -81.427074, 28.607432 ], [ -81.426924, 28.607467 ], [ -81.426822, 28.60751 ], [ -81.426726, 28.607563 ], [ -81.426637, 28.607624 ], [ -81.426601, 28.607654 ], [ -81.426556, 28.607694 ], [ -81.426484, 28.60777 ], [ -81.426477, 28.607779 ], [ -81.426334, 28.607956 ], [ -81.426215, 28.608104 ], [ -81.42601, 28.608336 ], [ -81.425938, 28.608414 ], [ -81.425885, 28.608471 ], [ -81.425788, 28.608577 ], [ -81.425781, 28.608585 ], [ -81.426824, 28.609287 ], [ -81.426903, 28.609337 ], [ -81.426931, 28.609297 ], [ -81.427044, 28.609135 ], [ -81.427167, 28.609215 ], [ -81.427274, 28.609285 ], [ -81.427779, 28.609616 ], [ -81.427857, 28.609667 ], [ -81.427942, 28.609722 ], [ -81.428015, 28.609769 ], [ -81.428075, 28.609808 ], [ -81.428159, 28.609861 ], [ -81.428242, 28.609914 ], [ -81.428316, 28.609961 ], [ -81.428387, 28.610005 ], [ -81.428431, 28.610033 ], [ -81.42854, 28.610125 ], [ -81.428449, 28.610239 ], [ -81.428429, 28.610263 ], [ -81.428393, 28.610307 ], [ -81.428692, 28.610517 ], [ -81.42955, 28.611031 ], [ -81.429975, 28.611329 ], [ -81.430755, 28.611755 ], [ -81.430886, 28.611823 ], [ -81.431472, 28.61213 ], [ -81.431514, 28.612152 ], [ -81.431635, 28.612225 ], [ -81.43178, 28.612312 ], [ -81.432054, 28.612478 ], [ -81.432132, 28.612535 ], [ -81.432225, 28.612603 ], [ -81.432337, 28.612685 ], [ -81.432564, 28.612786 ], [ -81.434397, 28.612663 ], [ -81.434458, 28.612664 ], [ -81.434744, 28.612654 ], [ -81.435531, 28.612642 ], [ -81.43619, 28.61264 ], [ -81.436506, 28.61265 ], [ -81.436708, 28.612655 ], [ -81.437314, 28.612672 ], [ -81.437516, 28.612678 ], [ -81.437718, 28.612685 ], [ -81.437915, 28.612692 ], [ -81.438325, 28.612701 ], [ -81.438528, 28.612706 ], [ -81.438733, 28.612711 ], [ -81.439348, 28.612726 ], [ -81.439553, 28.612732 ], [ -81.439874, 28.61274 ], [ -81.440837, 28.612764 ], [ -81.441158, 28.612772 ], [ -81.441714, 28.612782 ], [ -81.441814, 28.612784 ], [ -81.442252, 28.612798 ], [ -81.442416, 28.612798 ], [ -81.442699, 28.61279 ], [ -81.443025, 28.612763 ], [ -81.443339, 28.612722 ], [ -81.443572, 28.612681 ], [ -81.443603, 28.612678 ], [ -81.443622, 28.612672 ], [ -81.443842, 28.612633 ], [ -81.445163, 28.612369 ], [ -81.445639, 28.612281 ], [ -81.446718, 28.612072 ], [ -81.447114, 28.612001 ], [ -81.44757, 28.611912 ], [ -81.447679, 28.611888 ], [ -81.448234, 28.611778 ], [ -81.448251, 28.611775 ], [ -81.448278, 28.61177 ], [ -81.448533, 28.611722 ], [ -81.449724, 28.611497 ], [ -81.449782, 28.611486 ], [ -81.449995, 28.611443 ], [ -81.450149, 28.611417 ], [ -81.450148, 28.611408 ], [ -81.450148, 28.611374 ], [ -81.450138, 28.611052 ], [ -81.450115, 28.610269 ], [ -81.450112, 28.610086 ], [ -81.45011, 28.60984 ], [ -81.450119, 28.609813 ], [ -81.450137, 28.609789 ], [ -81.45015, 28.609778 ], [ -81.450176, 28.609764 ], [ -81.450208, 28.609756 ], [ -81.45046, 28.609758 ], [ -81.451404, 28.609768 ], [ -81.451719, 28.609772 ], [ -81.451725, 28.610013 ], [ -81.451724, 28.61008 ], [ -81.451721, 28.610333 ], [ -81.451725, 28.610994 ], [ -81.451726, 28.611007 ], [ -81.451733, 28.611082 ], [ -81.45178, 28.611311 ], [ -81.452116, 28.611289 ], [ -81.452653, 28.611281 ], [ -81.453184, 28.611275 ], [ -81.455276, 28.611211 ], [ -81.455716, 28.611198 ], [ -81.456151, 28.611181 ], [ -81.456856, 28.611161 ], [ -81.457396, 28.611147 ], [ -81.458034, 28.611124 ], [ -81.458779, 28.611103 ], [ -81.458974, 28.611095 ], [ -81.45968, 28.611068 ], [ -81.460004, 28.611048 ], [ -81.460976, 28.61099 ], [ -81.461301, 28.610972 ], [ -81.461674, 28.610939 ], [ -81.461789, 28.610943 ], [ -81.461908, 28.610935 ], [ -81.463732, 28.610825 ], [ -81.46434, 28.610789 ], [ -81.464618, 28.610773 ], [ -81.465235, 28.610739 ], [ -81.465452, 28.610725 ], [ -81.465731, 28.610708 ], [ -81.465925, 28.610695 ], [ -81.466092, 28.610685 ], [ -81.466415, 28.610673 ], [ -81.466507, 28.610676 ], [ -81.466644, 28.610681 ], [ -81.466702, 28.610687 ], [ -81.46687, 28.610703 ], [ -81.466928, 28.610712 ], [ -81.467163, 28.610749 ], [ -81.467341, 28.610792 ], [ -81.467513, 28.610847 ], [ -81.467592, 28.610874 ], [ -81.467758, 28.610932 ], [ -81.467807, 28.610952 ], [ -81.467937, 28.611012 ], [ -81.467984, 28.611038 ], [ -81.468501, 28.611329 ], [ -81.468674, 28.611427 ], [ -81.468757, 28.611297 ], [ -81.468806, 28.611223 ], [ -81.469028, 28.610922 ], [ -81.469057, 28.610884 ], [ -81.469128, 28.610805 ], [ -81.469382, 28.610915 ], [ -81.469486, 28.610842 ], [ -81.469679, 28.610683 ], [ -81.46985, 28.610683 ], [ -81.469893, 28.610784 ], [ -81.470199, 28.611298 ], [ -81.470425, 28.611683 ], [ -81.470669, 28.611915 ], [ -81.470947, 28.612065 ], [ -81.471421, 28.612193 ], [ -81.471334, 28.61261 ], [ -81.471621, 28.612681 ], [ -81.471782, 28.612717 ], [ -81.472267, 28.612828 ], [ -81.472429, 28.612866 ], [ -81.473177, 28.613042 ], [ -81.473467, 28.613111 ], [ -81.473751, 28.613181 ], [ -81.474266, 28.613301 ], [ -81.474719, 28.613409 ], [ -81.475152, 28.613507 ], [ -81.475424, 28.613573 ], [ -81.475767, 28.613657 ], [ -81.476178, 28.613729 ], [ -81.47617, 28.614325 ], [ -81.476168, 28.614497 ], [ -81.476133, 28.615296 ], [ -81.476119, 28.615646 ], [ -81.476191, 28.616063 ], [ -81.476301, 28.617152 ], [ -81.476308, 28.618196 ], [ -81.477557, 28.618198 ], [ -81.478209, 28.618182 ], [ -81.480375, 28.618129 ], [ -81.480376, 28.618321 ], [ -81.480378, 28.618719 ], [ -81.480379, 28.618897 ], [ -81.480381, 28.61909 ], [ -81.480381, 28.619149 ], [ -81.480384, 28.619327 ], [ -81.480385, 28.619387 ], [ -81.480389, 28.619909 ], [ -81.480391, 28.620182 ] ] ] ] } },
{ "type": "Feature", "properties": { "ZCTA5CE20": "32812", "GEOID20": "32812", "GEOIDFQ20": "860Z200US32812", "CLASSFP20": "B5", "MTFCC20": "G6350", "FUNCSTAT20": "S", "ALAND20": 22050592, "AWATER20": 2486796, "INTPTLAT20": "+28.4846785", "INTPTLON20": "-081.3244224" }, "geometry": { "type": "MultiPolygon", "coordinates": [ [ [ [ -81.357635, 28.463981 ], [ -81.357389, 28.464129 ], [ -81.357315, 28.464101 ], [ -81.357203, 28.464145 ], [ -81.357128, 28.464134 ], [ -81.357034, 28.464101 ], [ -81.356823, 28.46398 ], [ -81.356679, 28.463931 ], [ -81.356468, 28.463782 ], [ -81.356324, 28.463727 ], [ -81.35625, 28.463672 ], [ -81.356212, 28.463601 ], [ -81.356175, 28.463562 ], [ -81.356113, 28.463601 ], [ -81.356063, 28.463617 ], [ -81.355913, 28.463639 ], [ -81.355851, 28.463628 ], [ -81.355776, 28.463628 ], [ -81.355596, 28.46365 ], [ -81.355353, 28.463651 ], [ -81.355098, 28.46364 ], [ -81.355017, 28.463612 ], [ -81.354817, 28.463524 ], [ -81.35478, 28.46348 ], [ -81.354724, 28.463365 ], [ -81.354469, 28.463156 ], [ -81.354238, 28.462991 ], [ -81.354126, 28.462936 ], [ -81.354033, 28.462941 ], [ -81.353777, 28.462936 ], [ -81.353696, 28.462897 ], [ -81.353615, 28.462886 ], [ -81.353472, 28.463007 ], [ -81.353285, 28.463145 ], [ -81.352931, 28.463343 ], [ -81.352856, 28.463398 ], [ -81.352731, 28.463459 ], [ -81.352576, 28.463453 ], [ -81.352551, 28.463409 ], [ -81.352439, 28.46342 ], [ -81.35237, 28.463448 ], [ -81.352352, 28.463464 ], [ -81.352345, 28.463481 ], [ -81.352364, 28.463536 ], [ -81.352308, 28.463541 ], [ -81.352196, 28.463525 ], [ -81.352121, 28.46347 ], [ -81.352053, 28.463453 ], [ -81.351941, 28.463503 ], [ -81.351791, 28.463519 ], [ -81.351505, 28.463531 ], [ -81.351418, 28.46352 ], [ -81.351112, 28.463608 ], [ -81.350882, 28.463652 ], [ -81.350677, 28.463679 ], [ -81.350477, 28.46368 ], [ -81.350272, 28.463652 ], [ -81.350154, 28.463625 ], [ -81.350098, 28.463652 ], [ -81.3501, 28.463694 ], [ -81.350104, 28.463779 ], [ -81.350023, 28.46379 ], [ -81.349792, 28.463795 ], [ -81.349525, 28.463817 ], [ -81.349027, 28.463812 ], [ -81.348858, 28.463801 ], [ -81.348678, 28.463768 ], [ -81.347694, 28.463746 ], [ -81.347333, 28.463719 ], [ -81.346592, 28.463681 ], [ -81.345988, 28.463587 ], [ -81.345459, 28.463466 ], [ -81.345377, 28.463422 ], [ -81.345049, 28.463955 ], [ -81.344945, 28.464038 ], [ -81.344642, 28.464354 ], [ -81.344545, 28.464432 ], [ -81.344457, 28.464506 ], [ -81.344395, 28.464542 ], [ -81.344801, 28.465117 ], [ -81.344606, 28.46522 ], [ -81.344401, 28.465278 ], [ -81.344483, 28.465408 ], [ -81.344315, 28.4655 ], [ -81.344419, 28.465568 ], [ -81.34422, 28.465635 ], [ -81.34394, 28.465844 ], [ -81.343722, 28.465954 ], [ -81.343635, 28.465981 ], [ -81.343448, 28.466014 ], [ -81.343323, 28.466031 ], [ -81.343255, 28.466003 ], [ -81.343118, 28.466042 ], [ -81.343068, 28.466026 ], [ -81.342975, 28.465904 ], [ -81.342925, 28.465888 ], [ -81.342873, 28.465913 ], [ -81.342863, 28.465921 ], [ -81.342813, 28.465943 ], [ -81.342863, 28.466064 ], [ -81.342857, 28.466152 ], [ -81.342794, 28.466235 ], [ -81.342738, 28.466268 ], [ -81.342682, 28.466268 ], [ -81.342508, 28.466328 ], [ -81.342439, 28.466416 ], [ -81.342439, 28.46646 ], [ -81.342408, 28.466543 ], [ -81.342427, 28.466757 ], [ -81.342464, 28.466862 ], [ -81.342477, 28.466967 ], [ -81.342427, 28.467115 ], [ -81.342371, 28.467242 ], [ -81.34239, 28.467253 ], [ -81.342521, 28.467264 ], [ -81.342583, 28.467297 ], [ -81.342608, 28.467363 ], [ -81.342545, 28.467418 ], [ -81.342477, 28.467407 ], [ -81.342365, 28.467423 ], [ -81.342334, 28.467533 ], [ -81.342371, 28.467594 ], [ -81.342521, 28.467654 ], [ -81.342707, 28.467693 ], [ -81.343106, 28.46788 ], [ -81.343224, 28.467896 ], [ -81.343324, 28.467968 ], [ -81.343324, 28.468001 ], [ -81.343224, 28.468012 ], [ -81.34315, 28.468111 ], [ -81.343175, 28.468243 ], [ -81.343162, 28.468331 ], [ -81.34305, 28.468353 ], [ -81.342994, 28.468441 ], [ -81.342932, 28.468441 ], [ -81.342876, 28.468458 ], [ -81.342895, 28.468579 ], [ -81.342938, 28.468628 ], [ -81.342926, 28.468727 ], [ -81.34287, 28.468832 ], [ -81.342783, 28.468898 ], [ -81.342652, 28.468914 ], [ -81.342565, 28.468915 ], [ -81.342502, 28.468948 ], [ -81.342502, 28.469002 ], [ -81.342602, 28.469157 ], [ -81.342565, 28.469294 ], [ -81.342496, 28.46936 ], [ -81.342397, 28.469415 ], [ -81.342328, 28.469377 ], [ -81.342191, 28.469239 ], [ -81.342035, 28.469201 ], [ -81.341643, 28.469063 ], [ -81.341475, 28.469058 ], [ -81.3414, 28.469107 ], [ -81.34135, 28.469063 ], [ -81.341307, 28.469157 ], [ -81.341226, 28.469272 ], [ -81.341213, 28.469366 ], [ -81.341151, 28.469482 ], [ -81.340778, 28.469619 ], [ -81.34074, 28.469735 ], [ -81.340759, 28.469872 ], [ -81.340659, 28.469955 ], [ -81.340498, 28.469966 ], [ -81.340373, 28.470043 ], [ -81.340255, 28.470054 ], [ -81.340164, 28.47004 ], [ -81.340111, 28.470032 ], [ -81.339956, 28.470043 ], [ -81.33985, 28.470214 ], [ -81.339875, 28.470335 ], [ -81.3398, 28.470346 ], [ -81.339563, 28.470175 ], [ -81.339539, 28.470214 ], [ -81.339501, 28.470252 ], [ -81.339508, 28.470318 ], [ -81.339439, 28.470417 ], [ -81.339439, 28.470527 ], [ -81.339296, 28.470775 ], [ -81.339178, 28.470913 ], [ -81.338972, 28.471248 ], [ -81.338935, 28.471342 ], [ -81.338779, 28.471568 ], [ -81.33863, 28.471672 ], [ -81.338605, 28.471683 ], [ -81.338499, 28.471645 ], [ -81.338211, 28.471448 ], [ -81.338169, 28.471419 ], [ -81.337826, 28.471254 ], [ -81.33759, 28.471265 ], [ -81.337378, 28.471359 ], [ -81.33698, 28.471568 ], [ -81.336861, 28.471639 ], [ -81.336388, 28.471992 ], [ -81.336351, 28.472113 ], [ -81.336214, 28.472382 ], [ -81.336189, 28.472603 ], [ -81.336195, 28.473092 ], [ -81.33627, 28.473222 ], [ -81.336307, 28.473285 ], [ -81.336388, 28.473367 ], [ -81.336544, 28.473472 ], [ -81.336775, 28.473604 ], [ -81.336868, 28.473648 ], [ -81.337142, 28.47373 ], [ -81.337417, 28.473774 ], [ -81.33759, 28.473802 ], [ -81.337896, 28.473879 ], [ -81.33802, 28.473939 ], [ -81.338188, 28.473983 ], [ -81.338338, 28.474071 ], [ -81.338403, 28.474086 ], [ -81.338481, 28.474104 ], [ -81.338705, 28.47422 ], [ -81.339135, 28.474253 ], [ -81.339291, 28.474302 ], [ -81.33954, 28.47428 ], [ -81.339614, 28.474258 ], [ -81.339913, 28.474209 ], [ -81.340081, 28.474225 ], [ -81.340169, 28.474258 ], [ -81.340206, 28.474308 ], [ -81.340225, 28.474456 ], [ -81.340125, 28.474599 ], [ -81.340075, 28.47461 ], [ -81.339994, 28.47461 ], [ -81.339857, 28.474583 ], [ -81.339739, 28.474583 ], [ -81.339664, 28.474594 ], [ -81.339608, 28.474621 ], [ -81.339552, 28.474621 ], [ -81.339478, 28.474599 ], [ -81.339454, 28.474599 ], [ -81.339409, 28.474599 ], [ -81.339372, 28.474621 ], [ -81.339322, 28.474671 ], [ -81.339285, 28.474786 ], [ -81.339272, 28.474924 ], [ -81.339272, 28.475133 ], [ -81.339285, 28.475183 ], [ -81.339334, 28.475276 ], [ -81.339434, 28.475414 ], [ -81.339453, 28.475485 ], [ -81.339515, 28.475535 ], [ -81.339658, 28.475601 ], [ -81.3397, 28.475617 ], [ -81.339714, 28.475623 ], [ -81.339914, 28.475672 ], [ -81.340202, 28.475604 ], [ -81.340287, 28.475584 ], [ -81.340368, 28.475507 ], [ -81.340368, 28.475484 ], [ -81.340356, 28.475469 ], [ -81.340304, 28.475463 ], [ -81.340287, 28.475452 ], [ -81.340281, 28.475375 ], [ -81.340325, 28.475325 ], [ -81.340362, 28.475314 ], [ -81.340406, 28.475314 ], [ -81.340455, 28.475347 ], [ -81.340592, 28.475534 ], [ -81.340723, 28.475738 ], [ -81.341066, 28.476068 ], [ -81.341303, 28.476349 ], [ -81.341421, 28.47653 ], [ -81.341639, 28.476717 ], [ -81.341894, 28.476987 ], [ -81.342119, 28.477278 ], [ -81.342274, 28.477339 ], [ -81.342343, 28.477433 ], [ -81.342318, 28.477515 ], [ -81.34238, 28.477636 ], [ -81.342457, 28.477726 ], [ -81.342517, 28.477796 ], [ -81.342617, 28.477867 ], [ -81.342723, 28.477994 ], [ -81.342854, 28.478126 ], [ -81.34291, 28.478142 ], [ -81.343053, 28.478214 ], [ -81.343097, 28.478214 ], [ -81.343128, 28.478181 ], [ -81.343203, 28.478142 ], [ -81.343265, 28.478148 ], [ -81.343277, 28.478192 ], [ -81.343221, 28.478263 ], [ -81.343209, 28.478318 ], [ -81.343234, 28.478412 ], [ -81.343389, 28.478549 ], [ -81.343483, 28.47867 ], [ -81.34385, 28.47894 ], [ -81.343975, 28.478989 ], [ -81.344075, 28.479088 ], [ -81.344199, 28.479165 ], [ -81.344305, 28.479259 ], [ -81.344461, 28.479341 ], [ -81.344511, 28.479352 ], [ -81.344617, 28.479418 ], [ -81.344772, 28.479462 ], [ -81.344984, 28.479578 ], [ -81.345177, 28.479633 ], [ -81.345296, 28.479655 ], [ -81.34542, 28.479715 ], [ -81.345669, 28.479897 ], [ -81.346161, 28.480172 ], [ -81.346217, 28.480161 ], [ -81.346286, 28.480177 ], [ -81.346367, 28.480221 ], [ -81.346429, 28.480276 ], [ -81.346435, 28.480353 ], [ -81.346504, 28.480452 ], [ -81.346616, 28.480529 ], [ -81.346685, 28.480606 ], [ -81.346791, 28.480683 ], [ -81.347046, 28.480777 ], [ -81.347152, 28.480804 ], [ -81.347395, 28.480898 ], [ -81.34742, 28.480931 ], [ -81.347681, 28.481046 ], [ -81.348036, 28.48114 ], [ -81.348223, 28.481178 ], [ -81.348709, 28.481167 ], [ -81.349058, 28.481195 ], [ -81.349201, 28.481228 ], [ -81.349406, 28.481255 ], [ -81.349568, 28.48126 ], [ -81.349905, 28.481249 ], [ -81.350365, 28.481293 ], [ -81.350739, 28.481403 ], [ -81.350932, 28.481398 ], [ -81.350957, 28.48142 ], [ -81.351188, 28.481535 ], [ -81.351294, 28.481656 ], [ -81.351399, 28.481678 ], [ -81.35158, 28.481656 ], [ -81.351711, 28.481662 ], [ -81.351761, 28.481689 ], [ -81.351767, 28.481733 ], [ -81.351524, 28.481783 ], [ -81.351399, 28.481739 ], [ -81.351312, 28.481739 ], [ -81.351225, 28.481755 ], [ -81.351138, 28.48181 ], [ -81.351088, 28.481876 ], [ -81.350982, 28.481909 ], [ -81.350895, 28.481909 ], [ -81.350783, 28.481942 ], [ -81.350727, 28.48197 ], [ -81.350571, 28.481981 ], [ -81.350465, 28.482042 ], [ -81.350378, 28.482069 ], [ -81.350335, 28.482102 ], [ -81.35031, 28.482152 ], [ -81.350266, 28.482152 ], [ -81.350223, 28.482146 ], [ -81.350073, 28.482036 ], [ -81.350023, 28.481981 ], [ -81.350042, 28.481954 ], [ -81.350082, 28.481965 ], [ -81.350179, 28.481992 ], [ -81.350297, 28.482003 ], [ -81.350359, 28.481959 ], [ -81.35031, 28.481866 ], [ -81.350173, 28.4818 ], [ -81.350029, 28.481745 ], [ -81.349911, 28.481745 ], [ -81.349737, 28.481783 ], [ -81.349537, 28.481789 ], [ -81.349556, 28.481745 ], [ -81.349625, 28.481684 ], [ -81.349625, 28.481651 ], [ -81.349587, 28.481624 ], [ -81.349419, 28.481723 ], [ -81.349375, 28.481789 ], [ -81.349083, 28.482031 ], [ -81.348977, 28.48213 ], [ -81.348896, 28.482246 ], [ -81.348834, 28.482383 ], [ -81.348853, 28.482807 ], [ -81.348977, 28.482961 ], [ -81.349071, 28.483098 ], [ -81.349158, 28.483269 ], [ -81.34922, 28.483313 ], [ -81.349289, 28.483313 ], [ -81.349351, 28.483368 ], [ -81.349382, 28.483434 ], [ -81.349389, 28.483478 ], [ -81.349357, 28.483555 ], [ -81.349407, 28.483605 ], [ -81.349501, 28.483638 ], [ -81.3496, 28.483665 ], [ -81.349706, 28.483671 ], [ -81.34969, 28.483826 ], [ -81.349681, 28.483929 ], [ -81.349624, 28.484289 ], [ -81.3496, 28.484444 ], [ -81.349587, 28.484522 ], [ -81.34955, 28.484758 ], [ -81.349538, 28.484837 ], [ -81.349451, 28.484832 ], [ -81.349333, 28.48503 ], [ -81.349109, 28.485151 ], [ -81.349079, 28.48517 ], [ -81.348928, 28.485272 ], [ -81.348661, 28.485415 ], [ -81.34848, 28.485498 ], [ -81.348187, 28.485696 ], [ -81.347863, 28.485713 ], [ -81.347726, 28.485762 ], [ -81.347577, 28.485916 ], [ -81.347524, 28.486004 ], [ -81.34739, 28.48623 ], [ -81.347172, 28.486302 ], [ -81.347091, 28.486285 ], [ -81.347066, 28.486263 ], [ -81.346985, 28.486192 ], [ -81.346911, 28.485878 ], [ -81.346973, 28.485691 ], [ -81.347122, 28.485383 ], [ -81.347122, 28.484981 ], [ -81.347147, 28.484849 ], [ -81.347315, 28.484585 ], [ -81.347303, 28.484447 ], [ -81.347253, 28.48431 ], [ -81.347153, 28.484189 ], [ -81.347041, 28.484101 ], [ -81.346866, 28.484062 ], [ -81.346698, 28.484062 ], [ -81.346493, 28.484046 ], [ -81.346387, 28.484057 ], [ -81.346268, 28.484161 ], [ -81.346269, 28.48426 ], [ -81.346374, 28.484453 ], [ -81.346518, 28.48453 ], [ -81.346605, 28.484557 ], [ -81.346705, 28.484563 ], [ -81.346836, 28.485009 ], [ -81.346773, 28.485064 ], [ -81.346462, 28.485135 ], [ -81.346325, 28.485113 ], [ -81.346244, 28.485031 ], [ -81.346219, 28.484921 ], [ -81.346225, 28.4847 ], [ -81.346194, 28.484612 ], [ -81.346082, 28.484524 ], [ -81.345982, 28.484453 ], [ -81.345851, 28.484431 ], [ -81.345608, 28.484409 ], [ -81.345446, 28.484327 ], [ -81.345291, 28.484283 ], [ -81.345166, 28.484283 ], [ -81.344811, 28.484398 ], [ -81.3445, 28.484558 ], [ -81.344375, 28.484607 ], [ -81.344108, 28.484618 ], [ -81.343553, 28.484701 ], [ -81.343479, 28.484657 ], [ -81.343217, 28.484635 ], [ -81.343092, 28.484597 ], [ -81.342968, 28.484492 ], [ -81.342737, 28.484371 ], [ -81.342364, 28.484206 ], [ -81.342158, 28.484146 ], [ -81.341977, 28.484129 ], [ -81.341828, 28.484096 ], [ -81.341672, 28.484008 ], [ -81.341448, 28.483854 ], [ -81.341242, 28.483744 ], [ -81.340806, 28.483651 ], [ -81.34052, 28.483651 ], [ -81.340202, 28.483667 ], [ -81.339648, 28.483827 ], [ -81.339561, 28.483827 ], [ -81.339386, 28.483899 ], [ -81.339244, 28.484066 ], [ -81.3392, 28.484119 ], [ -81.339007, 28.484317 ], [ -81.338589, 28.484537 ], [ -81.33783, 28.484768 ], [ -81.337612, 28.484917 ], [ -81.337325, 28.485038 ], [ -81.337157, 28.485176 ], [ -81.33707, 28.485209 ], [ -81.336802, 28.485209 ], [ -81.336591, 28.485271 ], [ -81.336541, 28.485286 ], [ -81.336396, 28.485406 ], [ -81.33636, 28.485435 ], [ -81.336279, 28.485556 ], [ -81.33618, 28.485952 ], [ -81.336211, 28.486326 ], [ -81.336273, 28.486678 ], [ -81.336273, 28.486997 ], [ -81.336398, 28.487333 ], [ -81.33646, 28.487404 ], [ -81.336591, 28.48747 ], [ -81.336728, 28.487624 ], [ -81.336934, 28.48774 ], [ -81.336996, 28.487757 ], [ -81.337158, 28.487855 ], [ -81.33732, 28.487999 ], [ -81.337513, 28.488125 ], [ -81.337694, 28.488301 ], [ -81.338055, 28.48856 ], [ -81.338211, 28.488697 ], [ -81.338246, 28.488733 ], [ -81.338516, 28.489016 ], [ -81.338678, 28.489132 ], [ -81.338759, 28.489165 ], [ -81.338902, 28.489176 ], [ -81.338996, 28.489209 ], [ -81.339295, 28.489357 ], [ -81.339376, 28.489429 ], [ -81.339407, 28.489544 ], [ -81.339407, 28.489786 ], [ -81.339432, 28.489847 ], [ -81.339513, 28.489941 ], [ -81.3396, 28.489996 ], [ -81.3396, 28.490084 ], [ -81.339617, 28.490148 ], [ -81.339201, 28.490188 ], [ -81.339014, 28.490216 ], [ -81.338946, 28.490265 ], [ -81.33894, 28.490403 ], [ -81.338853, 28.490414 ], [ -81.338821, 28.490447 ], [ -81.338822, 28.490596 ], [ -81.338772, 28.490662 ], [ -81.338759, 28.49075 ], [ -81.338772, 28.490832 ], [ -81.338865, 28.49114 ], [ -81.33884, 28.491179 ], [ -81.338803, 28.491212 ], [ -81.338747, 28.491234 ], [ -81.338753, 28.491267 ], [ -81.338797, 28.491316 ], [ -81.338778, 28.491613 ], [ -81.338735, 28.491685 ], [ -81.338585, 28.491828 ], [ -81.338429, 28.491933 ], [ -81.338355, 28.49196 ], [ -81.338324, 28.49196 ], [ -81.338274, 28.491999 ], [ -81.338255, 28.49207 ], [ -81.338205, 28.492103 ], [ -81.338162, 28.492098 ], [ -81.338124, 28.492059 ], [ -81.338068, 28.492076 ], [ -81.337931, 28.49239 ], [ -81.3379, 28.492571 ], [ -81.337905, 28.492637 ], [ -81.337905, 28.492872 ], [ -81.337967, 28.492872 ], [ -81.338135, 28.492925 ], [ -81.338311, 28.492981 ], [ -81.338504, 28.493159 ], [ -81.338562, 28.493317 ], [ -81.338779, 28.493826 ], [ -81.338959, 28.494128 ], [ -81.339053, 28.49426 ], [ -81.339094, 28.494949 ], [ -81.339047, 28.494949 ], [ -81.33905, 28.495167 ], [ -81.339005, 28.495121 ], [ -81.338966, 28.495097 ], [ -81.3389, 28.495069 ], [ -81.338839, 28.495056 ], [ -81.338805, 28.495049 ], [ -81.338592, 28.495049 ], [ -81.338604, 28.497556 ], [ -81.338605, 28.497788 ], [ -81.338707, 28.497893 ], [ -81.339107, 28.497881 ], [ -81.339107, 28.498148 ], [ -81.339107, 28.498273 ], [ -81.339107, 28.498353 ], [ -81.339108, 28.498593 ], [ -81.339109, 28.498674 ], [ -81.337043, 28.498694 ], [ -81.337076, 28.500286 ], [ -81.337356, 28.500279 ], [ -81.337499, 28.500359 ], [ -81.337694, 28.50046 ], [ -81.337735, 28.500553 ], [ -81.337735, 28.50234 ], [ -81.338141, 28.502338 ], [ -81.338533, 28.502923 ], [ -81.338725, 28.506128 ], [ -81.338821, 28.507711 ], [ -81.338563, 28.509135 ], [ -81.339197, 28.510137 ], [ -81.339198, 28.510232 ], [ -81.3392, 28.510387 ], [ -81.339201, 28.51054 ], [ -81.339204, 28.510999 ], [ -81.339205, 28.511153 ], [ -81.339205, 28.511199 ], [ -81.339206, 28.511337 ], [ -81.339207, 28.511384 ], [ -81.339207, 28.511484 ], [ -81.339209, 28.511697 ], [ -81.339213, 28.512261 ], [ -81.339202, 28.512638 ], [ -81.339197, 28.512815 ], [ -81.339195, 28.512952 ], [ -81.339193, 28.513013 ], [ -81.339191, 28.513199 ], [ -81.33919, 28.513261 ], [ -81.339186, 28.513383 ], [ -81.339197, 28.514242 ], [ -81.33921, 28.5144 ], [ -81.339229, 28.514631 ], [ -81.339234, 28.515242 ], [ -81.339235, 28.515406 ], [ -81.339239, 28.5159 ], [ -81.339241, 28.516065 ], [ -81.339241, 28.516231 ], [ -81.339244, 28.516732 ], [ -81.339245, 28.516899 ], [ -81.339246, 28.517054 ], [ -81.339251, 28.517521 ], [ -81.339253, 28.517677 ], [ -81.339253, 28.517757 ], [ -81.339254, 28.518 ], [ -81.339255, 28.518081 ], [ -81.339255, 28.518157 ], [ -81.339255, 28.518313 ], [ -81.339256, 28.518386 ], [ -81.339257, 28.518447 ], [ -81.339257, 28.518463 ], [ -81.339257, 28.518486 ], [ -81.339257, 28.518555 ], [ -81.339258, 28.518578 ], [ -81.339258, 28.518607 ], [ -81.339258, 28.518696 ], [ -81.339258, 28.518726 ], [ -81.339258, 28.518755 ], [ -81.339258, 28.518842 ], [ -81.339259, 28.518871 ], [ -81.339259, 28.518944 ], [ -81.339262, 28.519166 ], [ -81.339263, 28.51924 ], [ -81.339263, 28.519334 ], [ -81.339265, 28.519616 ], [ -81.339266, 28.51971 ], [ -81.339266, 28.519764 ], [ -81.339268, 28.519926 ], [ -81.339269, 28.51998 ], [ -81.33927, 28.52009 ], [ -81.339273, 28.520422 ], [ -81.339274, 28.520533 ], [ -81.339274, 28.520629 ], [ -81.339277, 28.520919 ], [ -81.339278, 28.521016 ], [ -81.339278, 28.521033 ], [ -81.339278, 28.521085 ], [ -81.339279, 28.521103 ], [ -81.339279, 28.521155 ], [ -81.33928, 28.521311 ], [ -81.339281, 28.521363 ], [ -81.339281, 28.521378 ], [ -81.339281, 28.521423 ], [ -81.339281, 28.521439 ], [ -81.339281, 28.521534 ], [ -81.339281, 28.521822 ], [ -81.33887, 28.521818 ], [ -81.337969, 28.521825 ], [ -81.33784, 28.521824 ], [ -81.336733, 28.521817 ], [ -81.336622, 28.521817 ], [ -81.335622, 28.521821 ], [ -81.33526, 28.521847 ], [ -81.335252, 28.521557 ], [ -81.335249, 28.521393 ], [ -81.335228, 28.521393 ], [ -81.335168, 28.521393 ], [ -81.335148, 28.521394 ], [ -81.335149, 28.521559 ], [ -81.335152, 28.521845 ], [ -81.335167, 28.522055 ], [ -81.33517, 28.522091 ], [ -81.335183, 28.52222 ], [ -81.335197, 28.522367 ], [ -81.335199, 28.522429 ], [ -81.335201, 28.522491 ], [ -81.335201, 28.522505 ], [ -81.335208, 28.523209 ], [ -81.334044, 28.523207 ], [ -81.334095, 28.523932 ], [ -81.333547, 28.523918 ], [ -81.333541, 28.523824 ], [ -81.333246, 28.523826 ], [ -81.3332, 28.523686 ], [ -81.332545, 28.523668 ], [ -81.332615, 28.523556 ], [ -81.332638, 28.523528 ], [ -81.332664, 28.523482 ], [ -81.332686, 28.523414 ], [ -81.332686, 28.523285 ], [ -81.332355, 28.523291 ], [ -81.332259, 28.523293 ], [ -81.331362, 28.523299 ], [ -81.331227, 28.5233 ], [ -81.331123, 28.523306 ], [ -81.331117, 28.523762 ], [ -81.331111, 28.524041 ], [ -81.33103, 28.52425 ], [ -81.331035, 28.525027 ], [ -81.331231, 28.525018 ], [ -81.331243, 28.525018 ], [ -81.331571, 28.525014 ], [ -81.331631, 28.525089 ], [ -81.331668, 28.527575 ], [ -81.331608, 28.527576 ], [ -81.331086, 28.527588 ], [ -81.33109, 28.527818 ], [ -81.331092, 28.527937 ], [ -81.331092, 28.527985 ], [ -81.331095, 28.528129 ], [ -81.331096, 28.528177 ], [ -81.331098, 28.528343 ], [ -81.331104, 28.528841 ], [ -81.331107, 28.529007 ], [ -81.331108, 28.529126 ], [ -81.331113, 28.529483 ], [ -81.331115, 28.529603 ], [ -81.331115, 28.52965 ], [ -81.331117, 28.529792 ], [ -81.331118, 28.52984 ], [ -81.33112, 28.530005 ], [ -81.331126, 28.530502 ], [ -81.331128, 28.530668 ], [ -81.331129, 28.530834 ], [ -81.331134, 28.531332 ], [ -81.331136, 28.531498 ], [ -81.331137, 28.531647 ], [ -81.331138, 28.531867 ], [ -81.330775, 28.531874 ], [ -81.32981, 28.531894 ], [ -81.327491, 28.531941 ], [ -81.327489, 28.531653 ], [ -81.327258, 28.531649 ], [ -81.326758, 28.531641 ], [ -81.32577, 28.531625 ], [ -81.324945, 28.531635 ], [ -81.324942, 28.53124 ], [ -81.324938, 28.530673 ], [ -81.324937, 28.530514 ], [ -81.324932, 28.530337 ], [ -81.324927, 28.530172 ], [ -81.32493, 28.529689 ], [ -81.324915, 28.52811 ], [ -81.324908, 28.527937 ], [ -81.324893, 28.527817 ], [ -81.32489, 28.527727 ], [ -81.324882, 28.527411 ], [ -81.324882, 28.527075 ], [ -81.324881, 28.526807 ], [ -81.324881, 28.526665 ], [ -81.324866, 28.526006 ], [ -81.324861, 28.52574 ], [ -81.324818, 28.525739 ], [ -81.324692, 28.525736 ], [ -81.32465, 28.525736 ], [ -81.324394, 28.525733 ], [ -81.323924, 28.525737 ], [ -81.323865, 28.52572 ], [ -81.323813, 28.525691 ], [ -81.323636, 28.525551 ], [ -81.323339, 28.525602 ], [ -81.323202, 28.525604 ], [ -81.32301, 28.525607 ], [ -81.32281, 28.52561 ], [ -81.322807, 28.525851 ], [ -81.322802, 28.526163 ], [ -81.318929, 28.526131 ], [ -81.318902, 28.526146 ], [ -81.318856, 28.526153 ], [ -81.318006, 28.526149 ], [ -81.317954, 28.526139 ], [ -81.317903, 28.526122 ], [ -81.317848, 28.526118 ], [ -81.317816, 28.526122 ], [ -81.317657, 28.526136 ], [ -81.317339, 28.526139 ], [ -81.316741, 28.526133 ], [ -81.316704, 28.526118 ], [ -81.316679, 28.52609 ], [ -81.31667, 28.526055 ], [ -81.316661, 28.52546 ], [ -81.316653, 28.524795 ], [ -81.316598, 28.524388 ], [ -81.315562, 28.52439 ], [ -81.315979, 28.524512 ], [ -81.315994, 28.525885 ], [ -81.315997, 28.526202 ], [ -81.315489, 28.526206 ], [ -81.314847, 28.52621 ], [ -81.314551, 28.526212 ], [ -81.314551, 28.526166 ], [ -81.314538, 28.524996 ], [ -81.314533, 28.524522 ], [ -81.31454, 28.52439 ], [ -81.314536, 28.524289 ], [ -81.314529, 28.524107 ], [ -81.314519, 28.522538 ], [ -81.314517, 28.522089 ], [ -81.314516, 28.521639 ], [ -81.314253, 28.521642 ], [ -81.313003, 28.521659 ], [ -81.312928, 28.52166 ], [ -81.312917, 28.519293 ], [ -81.312919, 28.518506 ], [ -81.312424, 28.518496 ], [ -81.3124, 28.517133 ], [ -81.312565, 28.517151 ], [ -81.313602, 28.517137 ], [ -81.314216, 28.517134 ], [ -81.314475, 28.517127 ], [ -81.314473, 28.517041 ], [ -81.31447, 28.516794 ], [ -81.314464, 28.516053 ], [ -81.314462, 28.515807 ], [ -81.31446, 28.515638 ], [ -81.314456, 28.515132 ], [ -81.314455, 28.514964 ], [ -81.314454, 28.514906 ], [ -81.314454, 28.514884 ], [ -81.314453, 28.514791 ], [ -81.314446, 28.514647 ], [ -81.314443, 28.514568 ], [ -81.314427, 28.514145 ], [ -81.314422, 28.51398 ], [ -81.314422, 28.513338 ], [ -81.314423, 28.512925 ], [ -81.314422, 28.512877 ], [ -81.314419, 28.512455 ], [ -81.314413, 28.511742 ], [ -81.314414, 28.511717 ], [ -81.31443, 28.511444 ], [ -81.314419, 28.509882 ], [ -81.314418, 28.509809 ], [ -81.314417, 28.50955 ], [ -81.314416, 28.509503 ], [ -81.314416, 28.509217 ], [ -81.314414, 28.508992 ], [ -81.314411, 28.508766 ], [ -81.314407, 28.508408 ], [ -81.314407, 28.50832 ], [ -81.314403, 28.507964 ], [ -81.314403, 28.507875 ], [ -81.3144, 28.507494 ], [ -81.3144, 28.507336 ], [ -81.314402, 28.506979 ], [ -81.314402, 28.506816 ], [ -81.314404, 28.506334 ], [ -81.314398, 28.506165 ], [ -81.314391, 28.505978 ], [ -81.314384, 28.505241 ], [ -81.314382, 28.50489 ], [ -81.31438, 28.503935 ], [ -81.31437, 28.503146 ], [ -81.314368, 28.502977 ], [ -81.31437, 28.502732 ], [ -81.314374, 28.502472 ], [ -81.314378, 28.502193 ], [ -81.314376, 28.501549 ], [ -81.314375, 28.501475 ], [ -81.314372, 28.501254 ], [ -81.314372, 28.501181 ], [ -81.314371, 28.501171 ], [ -81.314371, 28.501134 ], [ -81.314369, 28.501001 ], [ -81.314366, 28.500602 ], [ -81.314365, 28.500461 ], [ -81.314365, 28.500426 ], [ -81.314364, 28.5004 ], [ -81.314364, 28.500358 ], [ -81.314366, 28.50006 ], [ -81.314372, 28.499198 ], [ -81.314371, 28.499169 ], [ -81.314365, 28.498872 ], [ -81.314248, 28.49887 ], [ -81.314087, 28.498869 ], [ -81.3139, 28.498869 ], [ -81.313784, 28.49887 ], [ -81.313621, 28.49887 ], [ -81.313226, 28.498873 ], [ -81.313132, 28.498872 ], [ -81.31297, 28.498872 ], [ -81.312877, 28.498871 ], [ -81.312601, 28.498869 ], [ -81.312509, 28.498869 ], [ -81.312312, 28.498869 ], [ -81.311722, 28.498869 ], [ -81.311526, 28.498869 ], [ -81.311409, 28.498869 ], [ -81.311266, 28.498867 ], [ -81.311014, 28.498866 ], [ -81.310488, 28.498869 ], [ -81.310433, 28.49887 ], [ -81.31033, 28.498875 ], [ -81.310329, 28.49874 ], [ -81.310325, 28.496816 ], [ -81.310334, 28.495274 ], [ -81.310453, 28.495277 ], [ -81.310498, 28.495279 ], [ -81.310801, 28.495283 ], [ -81.31117, 28.495281 ], [ -81.31141, 28.49528 ], [ -81.311987, 28.495275 ], [ -81.31372, 28.495261 ], [ -81.314167, 28.495258 ], [ -81.314298, 28.495248 ], [ -81.314291, 28.495056 ], [ -81.314282, 28.494803 ], [ -81.314282, 28.494481 ], [ -81.314283, 28.494367 ], [ -81.314272, 28.494313 ], [ -81.31426, 28.494294 ], [ -81.314329, 28.494013 ], [ -81.314324, 28.493428 ], [ -81.31432, 28.492819 ], [ -81.314318, 28.492448 ], [ -81.314312, 28.491576 ], [ -81.314301, 28.489728 ], [ -81.314293, 28.488429 ], [ -81.314289, 28.487886 ], [ -81.310479, 28.487926 ], [ -81.310277, 28.487923 ], [ -81.310268, 28.487433 ], [ -81.31025, 28.486924 ], [ -81.310243, 28.485045 ], [ -81.31022, 28.480612 ], [ -81.310335, 28.48061 ], [ -81.310369, 28.48061 ], [ -81.310396, 28.480609 ], [ -81.310536, 28.480604 ], [ -81.310792, 28.480596 ], [ -81.310957, 28.480597 ], [ -81.311098, 28.480598 ], [ -81.311396, 28.4806 ], [ -81.31226, 28.480607 ], [ -81.312291, 28.480606 ], [ -81.31259, 28.480606 ], [ -81.31261, 28.480606 ], [ -81.312671, 28.480606 ], [ -81.312692, 28.480606 ], [ -81.312692, 28.480301 ], [ -81.312684, 28.47694 ], [ -81.312305, 28.476942 ], [ -81.311649, 28.476945 ], [ -81.310386, 28.476949 ], [ -81.310202, 28.476954 ], [ -81.310187, 28.476855 ], [ -81.310188, 28.476782 ], [ -81.310201, 28.47578 ], [ -81.310204, 28.47513 ], [ -81.310204, 28.475054 ], [ -81.310201, 28.474756 ], [ -81.31019, 28.473161 ], [ -81.310203, 28.472208 ], [ -81.310202, 28.472018 ], [ -81.310201, 28.471818 ], [ -81.310295, 28.47184 ], [ -81.311412, 28.471823 ], [ -81.311409, 28.470911 ], [ -81.311412, 28.470845 ], [ -81.311423, 28.47078 ], [ -81.31144, 28.470715 ], [ -81.311465, 28.470653 ], [ -81.311496, 28.470593 ], [ -81.311534, 28.470535 ], [ -81.311578, 28.470482 ], [ -81.311628, 28.470432 ], [ -81.311683, 28.470387 ], [ -81.311742, 28.470346 ], [ -81.311806, 28.470311 ], [ -81.311859, 28.470282 ], [ -81.311908, 28.470249 ], [ -81.311954, 28.470211 ], [ -81.311995, 28.470169 ], [ -81.312031, 28.470124 ], [ -81.312062, 28.470076 ], [ -81.312087, 28.470026 ], [ -81.312106, 28.469973 ], [ -81.312118, 28.469927 ], [ -81.312125, 28.469879 ], [ -81.312128, 28.469831 ], [ -81.31212, 28.469026 ], [ -81.312119, 28.468949 ], [ -81.311345, 28.468946 ], [ -81.311319, 28.468946 ], [ -81.311082, 28.468945 ], [ -81.310189, 28.46894 ], [ -81.310166, 28.465967 ], [ -81.309965, 28.465961 ], [ -81.309952, 28.464693 ], [ -81.309946, 28.463528 ], [ -81.309946, 28.463419 ], [ -81.309945, 28.463218 ], [ -81.309945, 28.46317 ], [ -81.309945, 28.462455 ], [ -81.309945, 28.462262 ], [ -81.309918, 28.460343 ], [ -81.309909, 28.458777 ], [ -81.310161, 28.458763 ], [ -81.310178, 28.456838 ], [ -81.310134, 28.456402 ], [ -81.310135, 28.455906 ], [ -81.310108, 28.455476 ], [ -81.310049, 28.454887 ], [ -81.309997, 28.454517 ], [ -81.30992, 28.454061 ], [ -81.30981, 28.453458 ], [ -81.30973, 28.453136 ], [ -81.309664, 28.452874 ], [ -81.309626, 28.452716 ], [ -81.309484, 28.452134 ], [ -81.309376, 28.451692 ], [ -81.309344, 28.451552 ], [ -81.309158, 28.451454 ], [ -81.309133, 28.451349 ], [ -81.309293, 28.45135 ], [ -81.309863, 28.451357 ], [ -81.310129, 28.451347 ], [ -81.31066, 28.451342 ], [ -81.311853, 28.451342 ], [ -81.312399, 28.451346 ], [ -81.314685, 28.451364 ], [ -81.31489, 28.451358 ], [ -81.317464, 28.451307 ], [ -81.320473, 28.451264 ], [ -81.322238, 28.451302 ], [ -81.326221, 28.451287 ], [ -81.327441, 28.451253 ], [ -81.327944, 28.451242 ], [ -81.329268, 28.451275 ], [ -81.329295, 28.451274 ], [ -81.330546, 28.451248 ], [ -81.332271, 28.451159 ], [ -81.332518, 28.451141 ], [ -81.332769, 28.451126 ], [ -81.333447, 28.451073 ], [ -81.335004, 28.450953 ], [ -81.335063, 28.450948 ], [ -81.335292, 28.450931 ], [ -81.335454, 28.450918 ], [ -81.338716, 28.450653 ], [ -81.338844, 28.450635 ], [ -81.33906, 28.450622 ], [ -81.341197, 28.450518 ], [ -81.341787, 28.450498 ], [ -81.342891, 28.450544 ], [ -81.344132, 28.450619 ], [ -81.345121, 28.450684 ], [ -81.345104, 28.450774 ], [ -81.345091, 28.450836 ], [ -81.345047, 28.451067 ], [ -81.345032, 28.451168 ], [ -81.345163, 28.451176 ], [ -81.346043, 28.451263 ], [ -81.346811, 28.451319 ], [ -81.347335, 28.451352 ], [ -81.347355, 28.452276 ], [ -81.348884, 28.452652 ], [ -81.349982, 28.452971 ], [ -81.349982, 28.453124 ], [ -81.351556, 28.453648 ], [ -81.351626, 28.453615 ], [ -81.351731, 28.453582 ], [ -81.351756, 28.453554 ], [ -81.351694, 28.453488 ], [ -81.351725, 28.45345 ], [ -81.351818, 28.453373 ], [ -81.351862, 28.453274 ], [ -81.351949, 28.453235 ], [ -81.35203, 28.453235 ], [ -81.352148, 28.453268 ], [ -81.352161, 28.453323 ], [ -81.352124, 28.453411 ], [ -81.352024, 28.453598 ], [ -81.351893, 28.453769 ], [ -81.351806, 28.453972 ], [ -81.351725, 28.454435 ], [ -81.351694, 28.454506 ], [ -81.351645, 28.454534 ], [ -81.351539, 28.454545 ], [ -81.351495, 28.454578 ], [ -81.351402, 28.454704 ], [ -81.351352, 28.454754 ], [ -81.351352, 28.454848 ], [ -81.351315, 28.45493 ], [ -81.351564, 28.455106 ], [ -81.351682, 28.455222 ], [ -81.352019, 28.455458 ], [ -81.352423, 28.455772 ], [ -81.352585, 28.455959 ], [ -81.35266, 28.456102 ], [ -81.352791, 28.456289 ], [ -81.352866, 28.456536 ], [ -81.353009, 28.456938 ], [ -81.353277, 28.457417 ], [ -81.353526, 28.457835 ], [ -81.353638, 28.457978 ], [ -81.353719, 28.458143 ], [ -81.353788, 28.458242 ], [ -81.353875, 28.458324 ], [ -81.353898, 28.458365 ], [ -81.353917, 28.458404 ], [ -81.353931, 28.458479 ], [ -81.353973, 28.458534 ], [ -81.354071, 28.45876 ], [ -81.354074, 28.458778 ], [ -81.354092, 28.45885 ], [ -81.354157, 28.458936 ], [ -81.354253, 28.459121 ], [ -81.354338, 28.459229 ], [ -81.354464, 28.459252 ], [ -81.354538, 28.459342 ], [ -81.354598, 28.459465 ], [ -81.354699, 28.459619 ], [ -81.354784, 28.459686 ], [ -81.354812, 28.459826 ], [ -81.354819, 28.459859 ], [ -81.354857, 28.46018 ], [ -81.354885, 28.460151 ], [ -81.354908, 28.460356 ], [ -81.354857, 28.460643 ], [ -81.354892, 28.460675 ], [ -81.35499, 28.460737 ], [ -81.355025, 28.460784 ], [ -81.355073, 28.460954 ], [ -81.355165, 28.461051 ], [ -81.355229, 28.46108 ], [ -81.355296, 28.461233 ], [ -81.355429, 28.461342 ], [ -81.355563, 28.461431 ], [ -81.355756, 28.461516 ], [ -81.355857, 28.461534 ], [ -81.355949, 28.4616 ], [ -81.356161, 28.461701 ], [ -81.356265, 28.461778 ], [ -81.356613, 28.461831 ], [ -81.356754, 28.461904 ], [ -81.356738, 28.462019 ], [ -81.356851, 28.462054 ], [ -81.35697, 28.462026 ], [ -81.357139, 28.46213 ], [ -81.357225, 28.462212 ], [ -81.357281, 28.462355 ], [ -81.357321, 28.462388 ], [ -81.3574, 28.462338 ], [ -81.357433, 28.462397 ], [ -81.357448, 28.462486 ], [ -81.357347, 28.462483 ], [ -81.357373, 28.46261 ], [ -81.357401, 28.462883 ], [ -81.357452, 28.463142 ], [ -81.357452, 28.463352 ], [ -81.357384, 28.463591 ], [ -81.357366, 28.463801 ], [ -81.35777, 28.463872 ], [ -81.357635, 28.463981 ] ] ] ] } },
{ "type": "Feature", "properties": { "ZCTA5CE20": "32771", "GEOID20": "32771", "GEOIDFQ20": "860Z200US32771", "CLASSFP20": "B5", "MTFCC20": "G6350", "FUNCSTAT20": "S", "ALAND20": 97082884, "AWATER20": 19120077, "INTPTLAT20": "+28.8146559", "INTPTLON20": "-081.3175832" }, "geometry": { "type": "MultiPolygon", "coordinates": [ [ [ [ -81.419648, 28.815583 ], [ -81.419643, 28.815792 ], [ -81.419615, 28.816066 ], [ -81.419599, 28.816227 ], [ -81.41958, 28.816394 ], [ -81.419529, 28.816646 ], [ -81.419281, 28.817897 ], [ -81.419199, 28.818315 ], [ -81.419187, 28.818359 ], [ -81.419174, 28.818411 ], [ -81.41915, 28.818491 ], [ -81.419137, 28.818536 ], [ -81.41905, 28.818761 ], [ -81.41879, 28.819435 ], [ -81.418704, 28.819661 ], [ -81.418355, 28.820661 ], [ -81.417801, 28.822103 ], [ -81.417562, 28.822727 ], [ -81.416846, 28.824569 ], [ -81.416294, 28.825565 ], [ -81.41575, 28.826372 ], [ -81.414377, 28.8275 ], [ -81.413612, 28.828528 ], [ -81.41357, 28.828586 ], [ -81.412761, 28.829624 ], [ -81.412004, 28.830577 ], [ -81.411798, 28.830762 ], [ -81.411541, 28.83087 ], [ -81.410909, 28.831137 ], [ -81.410085, 28.831671 ], [ -81.409804, 28.831854 ], [ -81.409696, 28.832046 ], [ -81.409504, 28.832158 ], [ -81.409261, 28.832302 ], [ -81.40911, 28.832476 ], [ -81.409139, 28.832627 ], [ -81.409181, 28.832846 ], [ -81.409165, 28.832878 ], [ -81.409194, 28.833018 ], [ -81.409232, 28.833191 ], [ -81.409098, 28.833332 ], [ -81.409039, 28.833336 ], [ -81.408897, 28.833348 ], [ -81.408889, 28.83336 ], [ -81.408882, 28.833374 ], [ -81.408868, 28.833396 ], [ -81.408862, 28.833409 ], [ -81.40874, 28.833627 ], [ -81.408617, 28.83374 ], [ -81.408279, 28.834056 ], [ -81.40764, 28.834515 ], [ -81.407302, 28.834759 ], [ -81.407288, 28.834769 ], [ -81.407261, 28.834773 ], [ -81.407129, 28.834795 ], [ -81.407086, 28.834803 ], [ -81.406913, 28.834773 ], [ -81.406809, 28.834756 ], [ -81.406516, 28.834748 ], [ -81.406389, 28.834759 ], [ -81.406215, 28.834775 ], [ -81.406183, 28.834776 ], [ -81.406131, 28.834778 ], [ -81.406088, 28.83478 ], [ -81.406057, 28.834782 ], [ -81.405902, 28.834784 ], [ -81.405574, 28.83488 ], [ -81.405307, 28.834978 ], [ -81.405137, 28.835041 ], [ -81.404819, 28.835056 ], [ -81.404572, 28.834985 ], [ -81.404239, 28.834847 ], [ -81.404029, 28.834794 ], [ -81.403862, 28.83483 ], [ -81.403724, 28.835002 ], [ -81.403568, 28.835326 ], [ -81.4034, 28.83552 ], [ -81.403322, 28.835611 ], [ -81.403261, 28.835915 ], [ -81.403255, 28.836266 ], [ -81.403235, 28.836359 ], [ -81.403206, 28.836498 ], [ -81.403168, 28.836637 ], [ -81.403144, 28.83673 ], [ -81.403126, 28.836798 ], [ -81.403082, 28.837006 ], [ -81.403068, 28.837076 ], [ -81.403063, 28.837096 ], [ -81.403051, 28.837155 ], [ -81.403047, 28.837176 ], [ -81.402864, 28.837337 ], [ -81.402323, 28.837741 ], [ -81.402274, 28.837768 ], [ -81.402062, 28.837888 ], [ -81.402034, 28.837903 ], [ -81.401992, 28.837927 ], [ -81.40195, 28.837949 ], [ -81.401923, 28.837964 ], [ -81.401791, 28.83802 ], [ -81.401153, 28.838364 ], [ -81.400525, 28.838705 ], [ -81.399922, 28.839328 ], [ -81.399192, 28.840044 ], [ -81.399091, 28.840144 ], [ -81.398747, 28.840333 ], [ -81.398574, 28.840484 ], [ -81.39853, 28.840578 ], [ -81.398516, 28.840587 ], [ -81.398476, 28.840613 ], [ -81.398463, 28.840623 ], [ -81.398393, 28.840668 ], [ -81.398468, 28.840852 ], [ -81.398487, 28.840895 ], [ -81.398521, 28.840971 ], [ -81.39863, 28.841009 ], [ -81.398671, 28.841023 ], [ -81.39887, 28.84109 ], [ -81.398837, 28.841206 ], [ -81.398728, 28.841307 ], [ -81.398612, 28.841417 ], [ -81.39848, 28.841704 ], [ -81.398397, 28.841887 ], [ -81.398271, 28.841969 ], [ -81.398011, 28.841977 ], [ -81.397684, 28.8419 ], [ -81.397637, 28.841889 ], [ -81.397412, 28.841746 ], [ -81.397287, 28.841737 ], [ -81.397231, 28.841734 ], [ -81.396974, 28.841693 ], [ -81.396917, 28.841698 ], [ -81.396794, 28.841711 ], [ -81.396712, 28.84178 ], [ -81.396578, 28.841929 ], [ -81.396333, 28.842206 ], [ -81.396195, 28.842295 ], [ -81.396059, 28.842281 ], [ -81.395949, 28.842132 ], [ -81.395915, 28.842073 ], [ -81.395762, 28.841806 ], [ -81.395717, 28.841801 ], [ -81.395642, 28.841793 ], [ -81.395582, 28.841788 ], [ -81.395556, 28.841786 ], [ -81.39554, 28.841794 ], [ -81.395412, 28.841855 ], [ -81.395399, 28.841862 ], [ -81.39501, 28.84199 ], [ -81.394876, 28.842035 ], [ -81.39466, 28.842106 ], [ -81.394466, 28.842287 ], [ -81.394129, 28.842604 ], [ -81.393688, 28.843194 ], [ -81.393555, 28.843439 ], [ -81.393386, 28.843755 ], [ -81.393387, 28.84389 ], [ -81.393387, 28.843966 ], [ -81.393388, 28.844082 ], [ -81.393388, 28.844197 ], [ -81.393388, 28.844274 ], [ -81.393356, 28.844441 ], [ -81.393316, 28.84466 ], [ -81.393086, 28.844837 ], [ -81.393003, 28.844902 ], [ -81.392951, 28.844941 ], [ -81.392942, 28.844947 ], [ -81.392915, 28.844967 ], [ -81.392907, 28.844974 ], [ -81.392859, 28.845008 ], [ -81.392749, 28.845087 ], [ -81.392755, 28.845126 ], [ -81.392765, 28.845184 ], [ -81.392775, 28.845247 ], [ -81.392796, 28.845367 ], [ -81.392766, 28.845433 ], [ -81.392741, 28.845493 ], [ -81.3927, 28.845585 ], [ -81.392643, 28.8457 ], [ -81.392595, 28.845798 ], [ -81.392299, 28.845856 ], [ -81.392117, 28.845775 ], [ -81.392078, 28.845842 ], [ -81.391965, 28.846041 ], [ -81.39191, 28.846136 ], [ -81.391863, 28.846219 ], [ -81.391828, 28.846451 ], [ -81.391812, 28.84656 ], [ -81.391794, 28.846673 ], [ -81.391769, 28.846843 ], [ -81.391679, 28.846993 ], [ -81.39162, 28.847092 ], [ -81.391592, 28.847132 ], [ -81.391397, 28.847404 ], [ -81.391342, 28.847482 ], [ -81.390803, 28.847865 ], [ -81.390439, 28.848019 ], [ -81.390086, 28.848169 ], [ -81.389989, 28.848266 ], [ -81.38998, 28.848276 ], [ -81.389931, 28.848342 ], [ -81.38998, 28.848432 ], [ -81.390169, 28.848533 ], [ -81.390223, 28.848562 ], [ -81.390226, 28.848639 ], [ -81.390234, 28.84887 ], [ -81.390122, 28.849013 ], [ -81.389988, 28.849054 ], [ -81.389362, 28.849248 ], [ -81.388917, 28.849229 ], [ -81.388626, 28.849338 ], [ -81.388474, 28.849533 ], [ -81.388324, 28.849727 ], [ -81.388068, 28.849898 ], [ -81.388047, 28.849905 ], [ -81.387866, 28.849922 ], [ -81.387672, 28.849949 ], [ -81.387416, 28.849954 ], [ -81.38729, 28.849898 ], [ -81.387141, 28.849833 ], [ -81.387079, 28.849679 ], [ -81.387079, 28.84936 ], [ -81.386985, 28.849233 ], [ -81.386873, 28.849211 ], [ -81.386716, 28.84936 ], [ -81.386516, 28.849745 ], [ -81.386379, 28.849872 ], [ -81.386304, 28.849915 ], [ -81.386041, 28.849943 ], [ -81.385844, 28.849891 ], [ -81.385791, 28.849877 ], [ -81.38566, 28.849877 ], [ -81.385522, 28.849943 ], [ -81.385454, 28.850025 ], [ -81.38546, 28.85035 ], [ -81.385435, 28.850355 ], [ -81.385403, 28.850399 ], [ -81.385322, 28.850476 ], [ -81.385172, 28.850498 ], [ -81.385003, 28.850548 ], [ -81.384878, 28.850619 ], [ -81.38481, 28.850674 ], [ -81.384703, 28.85078 ], [ -81.384584, 28.8509 ], [ -81.384366, 28.851054 ], [ -81.384084, 28.851065 ], [ -81.383953, 28.85112 ], [ -81.383572, 28.851538 ], [ -81.38335, 28.851705 ], [ -81.382965, 28.851994 ], [ -81.382928, 28.852082 ], [ -81.382965, 28.852203 ], [ -81.383003, 28.85239 ], [ -81.382965, 28.852487 ], [ -81.382959, 28.852506 ], [ -81.382927, 28.85261 ], [ -81.382458, 28.853166 ], [ -81.382446, 28.853188 ], [ -81.382458, 28.853204 ], [ -81.382396, 28.853309 ], [ -81.382258, 28.853526 ], [ -81.382008, 28.85392 ], [ -81.381727, 28.854161 ], [ -81.381508, 28.854266 ], [ -81.381462, 28.854301 ], [ -81.381364, 28.854381 ], [ -81.381183, 28.854557 ], [ -81.381126, 28.854612 ], [ -81.381083, 28.85464 ], [ -81.38092, 28.854871 ], [ -81.380757, 28.855195 ], [ -81.380706, 28.855328 ], [ -81.380469, 28.855955 ], [ -81.380007, 28.856477 ], [ -81.379844, 28.856857 ], [ -81.379744, 28.857275 ], [ -81.379731, 28.857484 ], [ -81.379769, 28.8576 ], [ -81.379867, 28.857791 ], [ -81.379893, 28.857842 ], [ -81.379918, 28.858106 ], [ -81.379806, 28.858337 ], [ -81.379556, 28.858568 ], [ -81.379174, 28.858661 ], [ -81.37894, 28.858773 ], [ -81.378924, 28.858782 ], [ -81.378749, 28.859013 ], [ -81.378699, 28.859349 ], [ -81.378599, 28.859635 ], [ -81.378311, 28.859844 ], [ -81.378136, 28.859943 ], [ -81.377948, 28.859943 ], [ -81.377701, 28.859855 ], [ -81.377517, 28.859789 ], [ -81.37738, 28.859788 ], [ -81.377098, 28.859937 ], [ -81.377111, 28.859964 ], [ -81.377055, 28.860102 ], [ -81.376948, 28.860388 ], [ -81.376944, 28.860481 ], [ -81.376917, 28.861142 ], [ -81.376816, 28.861296 ], [ -81.376641, 28.861428 ], [ -81.376335, 28.86173 ], [ -81.376175, 28.861908 ], [ -81.375966, 28.862143 ], [ -81.375891, 28.862154 ], [ -81.375747, 28.862104 ], [ -81.375735, 28.862071 ], [ -81.375681, 28.862068 ], [ -81.375641, 28.862066 ], [ -81.375553, 28.862055 ], [ -81.375523, 28.862048 ], [ -81.375472, 28.862038 ], [ -81.37536, 28.862063 ], [ -81.375248, 28.86209 ], [ -81.375174, 28.86214 ], [ -81.375073, 28.862209 ], [ -81.375063, 28.862221 ], [ -81.375013, 28.862288 ], [ -81.374998, 28.862315 ], [ -81.374929, 28.862385 ], [ -81.374912, 28.862495 ], [ -81.37492, 28.862591 ], [ -81.375005, 28.862669 ], [ -81.375022, 28.862685 ], [ -81.375038, 28.862735 ], [ -81.375029, 28.862778 ], [ -81.374999, 28.862806 ], [ -81.374976, 28.862852 ], [ -81.374971, 28.862881 ], [ -81.37498, 28.862908 ], [ -81.375004, 28.86294 ], [ -81.375012, 28.862974 ], [ -81.375028, 28.863015 ], [ -81.375067, 28.863045 ], [ -81.375098, 28.86307 ], [ -81.375106, 28.863105 ], [ -81.375099, 28.863132 ], [ -81.375082, 28.863149 ], [ -81.375077, 28.863178 ], [ -81.375086, 28.863194 ], [ -81.375095, 28.863211 ], [ -81.375111, 28.863259 ], [ -81.375127, 28.863312 ], [ -81.37512, 28.863337 ], [ -81.375117, 28.863346 ], [ -81.375088, 28.863366 ], [ -81.376006, 28.865901 ], [ -81.375941, 28.865933 ], [ -81.37593, 28.865939 ], [ -81.375898, 28.865959 ], [ -81.375888, 28.865966 ], [ -81.375884, 28.865976 ], [ -81.375871, 28.866006 ], [ -81.375868, 28.866017 ], [ -81.375863, 28.866028 ], [ -81.375849, 28.866062 ], [ -81.375845, 28.866074 ], [ -81.375831, 28.86611 ], [ -81.375826, 28.86612 ], [ -81.375813, 28.866153 ], [ -81.375809, 28.866165 ], [ -81.375802, 28.866182 ], [ -81.375781, 28.866233 ], [ -81.375775, 28.866251 ], [ -81.37576, 28.866289 ], [ -81.375754, 28.866303 ], [ -81.375735, 28.866347 ], [ -81.37573, 28.866362 ], [ -81.375724, 28.866376 ], [ -81.375706, 28.866419 ], [ -81.375701, 28.866434 ], [ -81.375684, 28.866477 ], [ -81.375329, 28.866511 ], [ -81.375038, 28.86654 ], [ -81.374909, 28.866682 ], [ -81.375089, 28.867235 ], [ -81.375151, 28.867423 ], [ -81.37526, 28.867539 ], [ -81.375253, 28.867556 ], [ -81.375234, 28.867602 ], [ -81.375207, 28.867672 ], [ -81.375179, 28.86774 ], [ -81.375161, 28.867787 ], [ -81.375154, 28.867804 ], [ -81.375176, 28.868074 ], [ -81.375186, 28.868197 ], [ -81.375047, 28.868435 ], [ -81.374811, 28.868593 ], [ -81.374627, 28.868635 ], [ -81.374422, 28.868683 ], [ -81.374379, 28.868749 ], [ -81.374326, 28.868829 ], [ -81.374248, 28.86895 ], [ -81.374168, 28.86907 ], [ -81.374116, 28.869151 ], [ -81.374122, 28.869273 ], [ -81.374132, 28.86946 ], [ -81.374121, 28.869641 ], [ -81.374115, 28.869764 ], [ -81.374036, 28.869868 ], [ -81.373903, 28.870047 ], [ -81.373752, 28.870121 ], [ -81.373635, 28.870179 ], [ -81.37362, 28.870186 ], [ -81.373574, 28.870208 ], [ -81.37356, 28.870216 ], [ -81.373523, 28.870233 ], [ -81.373491, 28.87025 ], [ -81.373412, 28.870216 ], [ -81.373375, 28.8702 ], [ -81.373313, 28.870173 ], [ -81.373129, 28.870094 ], [ -81.373088, 28.870043 ], [ -81.372926, 28.869822 ], [ -81.372897, 28.86956 ], [ -81.372882, 28.869415 ], [ -81.372919, 28.869104 ], [ -81.372622, 28.868908 ], [ -81.37238, 28.8689 ], [ -81.372009, 28.869039 ], [ -81.371928, 28.869175 ], [ -81.371758, 28.869464 ], [ -81.37172, 28.869663 ], [ -81.371715, 28.869688 ], [ -81.371709, 28.86972 ], [ -81.3717, 28.869766 ], [ -81.371695, 28.869792 ], [ -81.371686, 28.869834 ], [ -81.371675, 28.869895 ], [ -81.371645, 28.869955 ], [ -81.371627, 28.869994 ], [ -81.371618, 28.870011 ], [ -81.371592, 28.870065 ], [ -81.371584, 28.870083 ], [ -81.371575, 28.870101 ], [ -81.371553, 28.870147 ], [ -81.371543, 28.870152 ], [ -81.371525, 28.870162 ], [ -81.371322, 28.870292 ], [ -81.371217, 28.87036 ], [ -81.370946, 28.870378 ], [ -81.370699, 28.870303 ], [ -81.370632, 28.870287 ], [ -81.370397, 28.870234 ], [ -81.370332, 28.870219 ], [ -81.370244, 28.870235 ], [ -81.369936, 28.870295 ], [ -81.369827, 28.870402 ], [ -81.369717, 28.870512 ], [ -81.369692, 28.870536 ], [ -81.369737, 28.870887 ], [ -81.369788, 28.871266 ], [ -81.369763, 28.87134 ], [ -81.369646, 28.871695 ], [ -81.369447, 28.872024 ], [ -81.369127, 28.872513 ], [ -81.368608, 28.872921 ], [ -81.368105, 28.873043 ], [ -81.368078, 28.873046 ], [ -81.367525, 28.873116 ], [ -81.367238, 28.873163 ], [ -81.366902, 28.873217 ], [ -81.366705, 28.87325 ], [ -81.366296, 28.873602 ], [ -81.366226, 28.873874 ], [ -81.366152, 28.874165 ], [ -81.366153, 28.874205 ], [ -81.366155, 28.87442 ], [ -81.366158, 28.874744 ], [ -81.366238, 28.875057 ], [ -81.366292, 28.875267 ], [ -81.366296, 28.875282 ], [ -81.36631, 28.875327 ], [ -81.366315, 28.875342 ], [ -81.366345, 28.875421 ], [ -81.36639, 28.87554 ], [ -81.366434, 28.875659 ], [ -81.366464, 28.875739 ], [ -81.36654, 28.875969 ], [ -81.366602, 28.876153 ], [ -81.366764, 28.876619 ], [ -81.366771, 28.876662 ], [ -81.366814, 28.876902 ], [ -81.36686, 28.877163 ], [ -81.366898, 28.877365 ], [ -81.366972, 28.877755 ], [ -81.367052, 28.878315 ], [ -81.367036, 28.878766 ], [ -81.367036, 28.878779 ], [ -81.36694, 28.879227 ], [ -81.366892, 28.879147 ], [ -81.366796, 28.878731 ], [ -81.366601, 28.878291 ], [ -81.366492, 28.878043 ], [ -81.366317, 28.877784 ], [ -81.366092, 28.877451 ], [ -81.36604, 28.877391 ], [ -81.365292, 28.876523 ], [ -81.364709, 28.875984 ], [ -81.364652, 28.875931 ], [ -81.364619, 28.875896 ], [ -81.364316, 28.875582 ], [ -81.364012, 28.875267 ], [ -81.363987, 28.875267 ], [ -81.363724, 28.875019 ], [ -81.363036, 28.874379 ], [ -81.362179, 28.873653 ], [ -81.362092, 28.873579 ], [ -81.361286, 28.872919 ], [ -81.360805, 28.872561 ], [ -81.360668, 28.872459 ], [ -81.36045, 28.872122 ], [ -81.360214, 28.87152 ], [ -81.360184, 28.871446 ], [ -81.360171, 28.871399 ], [ -81.360227, 28.871127 ], [ -81.360305, 28.870772 ], [ -81.360475, 28.870523 ], [ -81.360693, 28.870437 ], [ -81.360923, 28.870347 ], [ -81.361611, 28.870219 ], [ -81.361648, 28.870219 ], [ -81.362043, 28.870219 ], [ -81.362571, 28.870027 ], [ -81.363035, 28.869899 ], [ -81.363579, 28.869419 ], [ -81.363633, 28.869327 ], [ -81.363651, 28.869296 ], [ -81.363839, 28.869099 ], [ -81.364063, 28.868593 ], [ -81.364075, 28.868572 ], [ -81.364571, 28.867436 ], [ -81.364731, 28.866556 ], [ -81.364651, 28.865692 ], [ -81.364203, 28.865196 ], [ -81.363483, 28.864732 ], [ -81.362972, 28.864714 ], [ -81.362571, 28.8647 ], [ -81.361718, 28.864629 ], [ -81.361027, 28.864571 ], [ -81.359977, 28.864411 ], [ -81.35808, 28.86406 ], [ -81.357931, 28.864028 ], [ -81.356155, 28.863426 ], [ -81.356043, 28.863388 ], [ -81.355597, 28.863312 ], [ -81.355241, 28.863251 ], [ -81.354731, 28.863164 ], [ -81.353691, 28.8631 ], [ -81.352939, 28.862844 ], [ -81.352475, 28.862588 ], [ -81.352123, 28.862316 ], [ -81.351995, 28.861756 ], [ -81.351896, 28.861178 ], [ -81.351787, 28.86054 ], [ -81.351547, 28.85958 ], [ -81.351323, 28.858924 ], [ -81.351115, 28.858108 ], [ -81.352182, 28.858135 ], [ -81.353484, 28.859201 ], [ -81.354539, 28.858668 ], [ -81.354779, 28.858348 ], [ -81.355003, 28.857996 ], [ -81.354955, 28.85758 ], [ -81.355099, 28.856556 ], [ -81.355035, 28.855868 ], [ -81.355019, 28.855228 ], [ -81.355019, 28.854572 ], [ -81.355115, 28.85438 ], [ -81.355307, 28.853756 ], [ -81.355657, 28.853341 ], [ -81.356702, 28.852654 ], [ -81.357015, 28.852517 ], [ -81.357303, 28.852392 ], [ -81.3583, 28.851929 ], [ -81.358966, 28.85138 ], [ -81.359204, 28.850961 ], [ -81.359243, 28.850924 ], [ -81.359627, 28.8503 ], [ -81.359643, 28.849596 ], [ -81.359488, 28.849261 ], [ -81.359339, 28.84894 ], [ -81.358715, 28.848284 ], [ -81.358027, 28.847804 ], [ -81.357369, 28.847701 ], [ -81.356283, 28.847532 ], [ -81.354532, 28.847392 ], [ -81.354369, 28.847378 ], [ -81.354205, 28.847365 ], [ -81.352491, 28.847229 ], [ -81.352019, 28.847135 ], [ -81.351555, 28.847043 ], [ -81.349995, 28.846733 ], [ -81.34795, 28.846291 ], [ -81.347627, 28.846221 ], [ -81.344907, 28.846333 ], [ -81.342891, 28.846893 ], [ -81.341547, 28.847053 ], [ -81.339803, 28.846221 ], [ -81.339495, 28.845795 ], [ -81.339387, 28.845646 ], [ -81.339051, 28.845181 ], [ -81.338048, 28.844357 ], [ -81.337531, 28.843933 ], [ -81.336459, 28.842797 ], [ -81.334795, 28.841358 ], [ -81.333483, 28.840398 ], [ -81.332027, 28.839902 ], [ -81.331678, 28.839758 ], [ -81.32993, 28.839038 ], [ -81.327706, 28.838398 ], [ -81.326734, 28.838126 ], [ -81.32666, 28.838106 ], [ -81.325827, 28.837873 ], [ -81.32553, 28.83779 ], [ -81.324842, 28.837694 ], [ -81.32467, 28.837676 ], [ -81.324619, 28.83767 ], [ -81.324519, 28.837658 ], [ -81.32446, 28.837651 ], [ -81.32439, 28.837643 ], [ -81.324315, 28.837635 ], [ -81.324238, 28.837623 ], [ -81.324108, 28.837602 ], [ -81.324085, 28.837598 ], [ -81.324054, 28.837585 ], [ -81.323905, 28.837523 ], [ -81.323391, 28.837309 ], [ -81.323344, 28.837256 ], [ -81.323168, 28.837051 ], [ -81.321758, 28.835424 ], [ -81.321311, 28.835113 ], [ -81.320744, 28.834719 ], [ -81.32057, 28.834596 ], [ -81.320473, 28.83453 ], [ -81.319796, 28.834532 ], [ -81.31936, 28.834534 ], [ -81.318521, 28.834536 ], [ -81.318072, 28.834537 ], [ -81.317884, 28.834538 ], [ -81.317246, 28.83454 ], [ -81.313409, 28.834552 ], [ -81.311696, 28.834557 ], [ -81.309571, 28.834564 ], [ -81.308474, 28.834538 ], [ -81.305186, 28.83446 ], [ -81.30409, 28.834434 ], [ -81.301169, 28.834364 ], [ -81.298377, 28.834299 ], [ -81.292406, 28.834157 ], [ -81.289485, 28.834089 ], [ -81.28814, 28.834057 ], [ -81.286794, 28.834025 ], [ -81.279887, 28.833862 ], [ -81.27298, 28.833699 ], [ -81.271019, 28.833653 ], [ -81.269058, 28.833607 ], [ -81.267274, 28.833565 ], [ -81.262843, 28.833447 ], [ -81.258815, 28.83334 ], [ -81.254787, 28.833233 ], [ -81.253823, 28.833207 ], [ -81.250933, 28.833131 ], [ -81.24997, 28.833106 ], [ -81.249769, 28.833101 ], [ -81.248267, 28.833064 ], [ -81.246941, 28.833033 ], [ -81.2442, 28.832966 ], [ -81.24316, 28.83294 ], [ -81.241458, 28.8329 ], [ -81.239142, 28.832844 ], [ -81.238713, 28.832834 ], [ -81.233265, 28.832703 ], [ -81.232196, 28.832677 ], [ -81.231784, 28.832667 ], [ -81.230303, 28.832631 ], [ -81.230092, 28.832626 ], [ -81.229881, 28.832621 ], [ -81.229497, 28.832505 ], [ -81.22884, 28.832407 ], [ -81.228279, 28.832428 ], [ -81.227795, 28.832516 ], [ -81.227736, 28.832522 ], [ -81.227218, 28.832639 ], [ -81.22678, 28.832674 ], [ -81.226375, 28.832644 ], [ -81.226003, 28.83263 ], [ -81.225678, 28.832453 ], [ -81.225287, 28.832067 ], [ -81.225137, 28.831532 ], [ -81.224972, 28.830837 ], [ -81.224644, 28.830223 ], [ -81.224055, 28.829238 ], [ -81.223367, 28.82801 ], [ -81.223003, 28.827164 ], [ -81.222976, 28.827099 ], [ -81.222874, 28.826862 ], [ -81.22287, 28.826146 ], [ -81.22287, 28.825919 ], [ -81.223252, 28.824948 ], [ -81.223716, 28.823875 ], [ -81.224245, 28.8229 ], [ -81.224596, 28.822039 ], [ -81.224627, 28.821585 ], [ -81.224413, 28.821262 ], [ -81.224007, 28.821102 ], [ -81.222969, 28.820882 ], [ -81.222028, 28.820676 ], [ -81.221345, 28.82034 ], [ -81.220822, 28.819629 ], [ -81.219973, 28.8185 ], [ -81.219223, 28.817645 ], [ -81.218635, 28.816984 ], [ -81.217658, 28.816051 ], [ -81.216535, 28.815182 ], [ -81.215898, 28.814423 ], [ -81.215763, 28.813485 ], [ -81.215887, 28.812318 ], [ -81.216002, 28.811687 ], [ -81.21613, 28.811431 ], [ -81.216501, 28.810688 ], [ -81.216742, 28.810403 ], [ -81.216729, 28.810352 ], [ -81.21669, 28.810199 ], [ -81.216678, 28.810149 ], [ -81.216675, 28.810138 ], [ -81.216666, 28.810105 ], [ -81.216664, 28.810095 ], [ -81.216632, 28.809972 ], [ -81.216624, 28.809938 ], [ -81.216537, 28.809607 ], [ -81.216505, 28.809486 ], [ -81.216483, 28.809326 ], [ -81.216419, 28.808847 ], [ -81.216398, 28.808688 ], [ -81.216394, 28.808659 ], [ -81.216382, 28.808572 ], [ -81.216378, 28.808544 ], [ -81.216371, 28.808495 ], [ -81.216351, 28.80835 ], [ -81.216345, 28.808302 ], [ -81.216363, 28.808258 ], [ -81.216416, 28.808126 ], [ -81.216435, 28.808083 ], [ -81.216169, 28.808192 ], [ -81.215862, 28.808291 ], [ -81.215549, 28.808342 ], [ -81.215379, 28.80836 ], [ -81.215364, 28.808361 ], [ -81.215113, 28.808267 ], [ -81.214794, 28.80811 ], [ -81.214491, 28.807875 ], [ -81.214312, 28.80753 ], [ -81.21416, 28.806498 ], [ -81.214076, 28.805747 ], [ -81.214064, 28.805662 ], [ -81.213976, 28.804979 ], [ -81.213876, 28.804682 ], [ -81.213845, 28.804591 ], [ -81.213717, 28.804212 ], [ -81.213625, 28.804121 ], [ -81.213301, 28.803801 ], [ -81.212636, 28.803275 ], [ -81.212382, 28.803149 ], [ -81.211909, 28.802914 ], [ -81.21166, 28.802789 ], [ -81.210833, 28.802561 ], [ -81.210641, 28.802509 ], [ -81.210452, 28.802453 ], [ -81.210451, 28.802389 ], [ -81.210442, 28.802313 ], [ -81.210389, 28.802313 ], [ -81.210193, 28.802328 ], [ -81.210181, 28.802322 ], [ -81.209134, 28.802115 ], [ -81.208035, 28.801762 ], [ -81.207379, 28.801272 ], [ -81.206889, 28.800696 ], [ -81.205999, 28.799534 ], [ -81.204768, 28.798764 ], [ -81.204552, 28.798367 ], [ -81.204342, 28.797578 ], [ -81.203928, 28.796934 ], [ -81.203644, 28.796779 ], [ -81.202698, 28.796264 ], [ -81.202275, 28.796087 ], [ -81.201861, 28.795914 ], [ -81.201158, 28.79572 ], [ -81.200787, 28.795584 ], [ -81.200246, 28.795269 ], [ -81.199947, 28.795002 ], [ -81.199447, 28.794683 ], [ -81.199146, 28.794604 ], [ -81.198707, 28.794477 ], [ -81.198577, 28.794065 ], [ -81.198429, 28.793631 ], [ -81.198165, 28.793059 ], [ -81.198002, 28.792747 ], [ -81.197778, 28.792343 ], [ -81.197369, 28.79192 ], [ -81.196949, 28.791881 ], [ -81.196784, 28.791866 ], [ -81.19662, 28.791851 ], [ -81.19656, 28.791845 ], [ -81.196371, 28.791882 ], [ -81.195798, 28.791992 ], [ -81.195021, 28.792302 ], [ -81.194657, 28.792608 ], [ -81.194025, 28.793221 ], [ -81.193204, 28.794155 ], [ -81.192191, 28.795188 ], [ -81.191336, 28.795673 ], [ -81.190923, 28.795499 ], [ -81.190705, 28.795071 ], [ -81.19061, 28.794885 ], [ -81.190437, 28.794545 ], [ -81.190374, 28.794515 ], [ -81.189058, 28.793897 ], [ -81.18817, 28.793773 ], [ -81.187716, 28.793914 ], [ -81.187122, 28.794099 ], [ -81.186331, 28.794681 ], [ -81.185414, 28.795647 ], [ -81.18472, 28.796534 ], [ -81.184324, 28.796961 ], [ -81.18431, 28.796975 ], [ -81.184295, 28.796992 ], [ -81.184261, 28.797006 ], [ -81.184243, 28.797015 ], [ -81.183982, 28.797114 ], [ -81.183198, 28.797468 ], [ -81.182723, 28.797342 ], [ -81.181915, 28.797168 ], [ -81.181505, 28.796918 ], [ -81.180999, 28.79661 ], [ -81.180416, 28.795957 ], [ -81.180137, 28.795258 ], [ -81.179993, 28.793937 ], [ -81.179987, 28.793854 ], [ -81.179972, 28.793626 ], [ -81.179956, 28.793399 ], [ -81.179912, 28.792745 ], [ -81.179531, 28.791464 ], [ -81.179488, 28.790973 ], [ -81.179513, 28.790272 ], [ -81.17968, 28.789371 ], [ -81.179805, 28.788767 ], [ -81.179857, 28.788514 ], [ -81.180059, 28.787297 ], [ -81.180124, 28.787123 ], [ -81.180164, 28.787013 ], [ -81.180278, 28.786741 ], [ -81.18046, 28.786183 ], [ -81.180586, 28.785957 ], [ -81.180606, 28.785971 ], [ -81.180618, 28.785981 ], [ -81.180673, 28.785999 ], [ -81.181545, 28.786262 ], [ -81.182253, 28.786477 ], [ -81.183009, 28.786681 ], [ -81.183615, 28.786819 ], [ -81.184165, 28.786901 ], [ -81.184327, 28.786918 ], [ -81.18437, 28.78692 ], [ -81.184739, 28.786945 ], [ -81.185339, 28.786956 ], [ -81.189252, 28.786937 ], [ -81.199619, 28.786887 ], [ -81.200991, 28.78688 ], [ -81.204905, 28.786862 ], [ -81.205141, 28.78686 ], [ -81.205851, 28.786857 ], [ -81.206088, 28.786856 ], [ -81.207418, 28.786857 ], [ -81.207673, 28.786857 ], [ -81.211409, 28.786863 ], [ -81.21274, 28.786866 ], [ -81.212904, 28.786863 ], [ -81.213069, 28.78686 ], [ -81.213434, 28.786853 ], [ -81.214059, 28.786843 ], [ -81.214389, 28.786838 ], [ -81.214802, 28.786829 ], [ -81.21525, 28.78682 ], [ -81.216042, 28.786806 ], [ -81.216456, 28.786799 ], [ -81.21678, 28.786799 ], [ -81.217752, 28.786802 ], [ -81.218077, 28.786803 ], [ -81.218216, 28.786803 ], [ -81.218344, 28.786803 ], [ -81.218337, 28.784549 ], [ -81.218386, 28.784524 ], [ -81.21842, 28.784526 ], [ -81.219564, 28.784521 ], [ -81.219563, 28.784677 ], [ -81.219603, 28.786806 ], [ -81.219805, 28.786806 ], [ -81.220068, 28.786807 ], [ -81.220555, 28.786808 ], [ -81.220651, 28.786808 ], [ -81.220805, 28.786809 ], [ -81.221183, 28.78681 ], [ -81.222317, 28.786813 ], [ -81.222696, 28.786814 ], [ -81.224442, 28.786794 ], [ -81.225335, 28.786785 ], [ -81.225593, 28.786782 ], [ -81.226831, 28.786769 ], [ -81.227054, 28.786768 ], [ -81.227478, 28.786768 ], [ -81.227725, 28.786768 ], [ -81.227949, 28.786768 ], [ -81.228119, 28.786766 ], [ -81.228632, 28.786763 ], [ -81.228804, 28.786763 ], [ -81.228916, 28.786761 ], [ -81.229252, 28.786759 ], [ -81.229365, 28.786758 ], [ -81.229391, 28.786757 ], [ -81.229471, 28.786757 ], [ -81.229498, 28.786757 ], [ -81.229661, 28.78676 ], [ -81.230152, 28.786769 ], [ -81.230316, 28.786773 ], [ -81.23047, 28.78677 ], [ -81.230935, 28.786764 ], [ -81.23109, 28.786762 ], [ -81.231272, 28.786764 ], [ -81.231819, 28.78677 ], [ -81.232002, 28.786773 ], [ -81.232163, 28.786772 ], [ -81.232646, 28.786772 ], [ -81.232808, 28.786772 ], [ -81.23297, 28.786773 ], [ -81.233457, 28.786776 ], [ -81.23362, 28.786778 ], [ -81.233768, 28.786777 ], [ -81.234214, 28.786777 ], [ -81.234363, 28.786777 ], [ -81.234529, 28.786778 ], [ -81.235027, 28.786781 ], [ -81.235194, 28.786783 ], [ -81.236017, 28.786776 ], [ -81.238486, 28.786759 ], [ -81.23931, 28.786754 ], [ -81.241052, 28.786759 ], [ -81.243763, 28.786768 ], [ -81.245105, 28.786761 ], [ -81.246279, 28.786756 ], [ -81.247588, 28.78675 ], [ -81.248022, 28.786748 ], [ -81.248854, 28.786743 ], [ -81.250003, 28.786738 ], [ -81.250403, 28.78675 ], [ -81.25135, 28.78675 ], [ -81.252183, 28.786751 ], [ -81.252983, 28.786747 ], [ -81.253501, 28.786746 ], [ -81.255131, 28.786752 ], [ -81.255386, 28.78675 ], [ -81.255532, 28.786749 ], [ -81.256187, 28.786747 ], [ -81.256415, 28.786744 ], [ -81.25683, 28.786741 ], [ -81.257101, 28.786741 ], [ -81.25733, 28.786742 ], [ -81.257545, 28.786741 ], [ -81.258194, 28.786738 ], [ -81.25841, 28.786737 ], [ -81.258627, 28.786738 ], [ -81.259007, 28.78674 ], [ -81.259279, 28.786741 ], [ -81.259497, 28.786743 ], [ -81.259614, 28.786743 ], [ -81.259967, 28.786743 ], [ -81.260085, 28.786743 ], [ -81.260103, 28.786743 ], [ -81.260217, 28.786741 ], [ -81.260613, 28.786738 ], [ -81.260746, 28.786737 ], [ -81.260884, 28.786738 ], [ -81.261696, 28.786732 ], [ -81.261793, 28.786711 ], [ -81.261814, 28.786732 ], [ -81.26267, 28.786727 ], [ -81.263432, 28.786722 ], [ -81.263719, 28.7867 ], [ -81.263931, 28.786701 ], [ -81.264568, 28.786704 ], [ -81.264781, 28.786706 ], [ -81.264973, 28.786706 ], [ -81.26555, 28.786706 ], [ -81.265743, 28.786706 ], [ -81.265828, 28.786706 ], [ -81.266083, 28.786706 ], [ -81.266168, 28.786706 ], [ -81.266811, 28.786701 ], [ -81.267479, 28.786696 ], [ -81.267829, 28.786696 ], [ -81.268872, 28.786685 ], [ -81.269909, 28.786675 ], [ -81.270115, 28.786674 ], [ -81.270733, 28.78667 ], [ -81.27094, 28.78667 ], [ -81.271149, 28.786668 ], [ -81.271779, 28.786664 ], [ -81.271989, 28.786664 ], [ -81.272195, 28.786662 ], [ -81.272813, 28.786659 ], [ -81.27302, 28.786659 ], [ -81.273227, 28.786662 ], [ -81.273419, 28.786665 ], [ -81.273848, 28.78666 ], [ -81.274056, 28.786659 ], [ -81.275093, 28.786649 ], [ -81.276011, 28.786649 ], [ -81.27613, 28.786649 ], [ -81.277167, 28.78666 ], [ -81.277397, 28.786656 ], [ -81.277421, 28.786368 ], [ -81.277435, 28.786202 ], [ -81.278133, 28.786186 ], [ -81.278268, 28.786183 ], [ -81.278379, 28.786181 ], [ -81.278379, 28.785756 ], [ -81.278417, 28.785756 ], [ -81.278513, 28.785755 ], [ -81.278751, 28.785754 ], [ -81.278755, 28.786213 ], [ -81.27842, 28.786214 ], [ -81.278417, 28.786273 ], [ -81.278402, 28.786554 ], [ -81.278398, 28.786648 ], [ -81.278463, 28.786649 ], [ -81.278497, 28.78665 ], [ -81.278659, 28.786648 ], [ -81.278725, 28.786648 ], [ -81.279209, 28.786644 ], [ -81.280279, 28.786689 ], [ -81.280408, 28.78669 ], [ -81.281133, 28.786634 ], [ -81.281115, 28.784009 ], [ -81.281115, 28.783387 ], [ -81.28169, 28.783371 ], [ -81.281698, 28.783833 ], [ -81.281725, 28.785221 ], [ -81.281733, 28.785588 ], [ -81.281801, 28.785654 ], [ -81.281988, 28.785665 ], [ -81.282089, 28.785671 ], [ -81.28255, 28.785667 ], [ -81.282738, 28.785666 ], [ -81.283688, 28.785677 ], [ -81.2844, 28.785688 ], [ -81.284668, 28.785688 ], [ -81.284989, 28.785686 ], [ -81.284999, 28.783306 ], [ -81.285534, 28.783244 ], [ -81.286278, 28.783238 ], [ -81.286278, 28.783362 ], [ -81.287747, 28.783349 ], [ -81.289095, 28.783339 ], [ -81.289969, 28.783333 ], [ -81.292632, 28.783365 ], [ -81.29169, 28.784452 ], [ -81.291149, 28.785388 ], [ -81.291829, 28.78539 ], [ -81.291829, 28.786576 ], [ -81.291907, 28.786579 ], [ -81.29216, 28.786587 ], [ -81.292469, 28.786597 ], [ -81.292688, 28.786596 ], [ -81.292766, 28.786595 ], [ -81.292922, 28.786594 ], [ -81.293176, 28.786593 ], [ -81.293232, 28.786592 ], [ -81.293399, 28.786592 ], [ -81.293456, 28.786592 ], [ -81.29361, 28.78659 ], [ -81.293627, 28.78659 ], [ -81.29414, 28.786584 ], [ -81.29429, 28.786583 ], [ -81.294312, 28.786583 ], [ -81.294437, 28.786581 ], [ -81.29448, 28.786581 ], [ -81.294505, 28.786581 ], [ -81.294703, 28.786574 ], [ -81.29478, 28.786571 ], [ -81.294898, 28.786567 ], [ -81.295443, 28.786547 ], [ -81.29588, 28.786532 ], [ -81.297081, 28.786505 ], [ -81.297628, 28.786493 ], [ -81.298372, 28.786482 ], [ -81.299243, 28.786475 ], [ -81.299658, 28.786472 ], [ -81.300811, 28.786467 ], [ -81.301331, 28.786466 ], [ -81.301451, 28.786466 ], [ -81.301599, 28.786466 ], [ -81.302705, 28.786466 ], [ -81.304089, 28.786466 ], [ -81.305192, 28.786466 ], [ -81.305498, 28.786444 ], [ -81.305704, 28.78645 ], [ -81.305995, 28.786453 ], [ -81.306154, 28.786456 ], [ -81.306485, 28.786456 ], [ -81.306868, 28.786474 ], [ -81.30716, 28.786489 ], [ -81.307367, 28.786498 ], [ -81.307988, 28.786528 ], [ -81.308196, 28.786538 ], [ -81.308221, 28.786544 ], [ -81.308371, 28.786547 ], [ -81.3089, 28.786561 ], [ -81.309077, 28.786566 ], [ -81.309231, 28.786579 ], [ -81.309327, 28.786588 ], [ -81.309696, 28.786583 ], [ -81.309851, 28.786582 ], [ -81.310093, 28.786579 ], [ -81.310238, 28.786577 ], [ -81.31082, 28.786569 ], [ -81.310867, 28.786569 ], [ -81.311063, 28.786567 ], [ -81.31108, 28.786566 ], [ -81.311133, 28.786566 ], [ -81.311151, 28.786566 ], [ -81.311226, 28.786563 ], [ -81.311454, 28.786555 ], [ -81.311531, 28.786557 ], [ -81.311623, 28.786559 ], [ -81.311688, 28.78656 ], [ -81.311913, 28.786566 ], [ -81.312161, 28.786566 ], [ -81.312319, 28.786566 ], [ -81.312393, 28.786566 ], [ -81.312604, 28.786566 ], [ -81.312616, 28.786566 ], [ -81.312691, 28.786566 ], [ -81.312743, 28.786566 ], [ -81.312902, 28.786566 ], [ -81.312955, 28.786566 ], [ -81.313104, 28.786566 ], [ -81.313263, 28.786566 ], [ -81.313365, 28.786566 ], [ -81.313446, 28.786566 ], [ -81.31353, 28.786566 ], [ -81.314467, 28.78656 ], [ -81.31478, 28.786549 ], [ -81.314936, 28.786533 ], [ -81.315098, 28.786536 ], [ -81.315835, 28.786549 ], [ -81.315947, 28.786546 ], [ -81.316284, 28.786539 ], [ -81.316397, 28.786538 ], [ -81.316543, 28.786533 ], [ -81.316981, 28.78652 ], [ -81.317128, 28.786516 ], [ -81.317259, 28.786516 ], [ -81.318059, 28.786516 ], [ -81.318116, 28.786514 ], [ -81.318134, 28.786516 ], [ -81.319402, 28.786516 ], [ -81.320626, 28.78651 ], [ -81.320955, 28.786508 ], [ -81.321945, 28.786505 ], [ -81.322275, 28.786505 ], [ -81.322503, 28.786502 ], [ -81.323189, 28.786496 ], [ -81.323418, 28.786494 ], [ -81.323698, 28.786491 ], [ -81.324542, 28.786485 ], [ -81.324823, 28.786483 ], [ -81.324915, 28.786482 ], [ -81.325169, 28.786482 ], [ -81.325191, 28.786482 ], [ -81.325284, 28.786482 ], [ -81.32541, 28.786481 ], [ -81.325594, 28.78648 ], [ -81.326524, 28.786478 ], [ -81.326728, 28.786477 ], [ -81.326835, 28.786477 ], [ -81.326953, 28.786477 ], [ -81.328177, 28.786471 ], [ -81.328498, 28.786471 ], [ -81.328694, 28.786471 ], [ -81.328752, 28.786471 ], [ -81.329542, 28.786471 ], [ -81.331475, 28.786471 ], [ -81.331914, 28.786467 ], [ -81.332705, 28.78646 ], [ -81.332998, 28.786459 ], [ -81.333881, 28.786459 ], [ -81.334175, 28.786459 ], [ -81.334526, 28.786459 ], [ -81.334891, 28.786459 ], [ -81.335579, 28.786462 ], [ -81.335931, 28.786464 ], [ -81.336153, 28.786465 ], [ -81.336388, 28.786464 ], [ -81.337077, 28.786464 ], [ -81.337762, 28.786464 ], [ -81.33822, 28.786464 ], [ -81.338288, 28.786463 ], [ -81.33848, 28.786462 ], [ -81.339182, 28.786458 ], [ -81.339261, 28.786456 ], [ -81.339388, 28.786453 ], [ -81.33952, 28.786429 ], [ -81.339838, 28.78637 ], [ -81.340432, 28.786201 ], [ -81.34052, 28.786176 ], [ -81.340578, 28.786159 ], [ -81.340608, 28.786151 ], [ -81.340902, 28.786067 ], [ -81.341131, 28.786002 ], [ -81.341177, 28.785989 ], [ -81.341523, 28.785892 ], [ -81.341699, 28.785842 ], [ -81.342249, 28.785688 ], [ -81.342755, 28.785561 ], [ -81.342893, 28.785539 ], [ -81.343104, 28.785506 ], [ -81.343482, 28.785501 ], [ -81.343523, 28.7855 ], [ -81.34371, 28.785522 ], [ -81.343941, 28.785555 ], [ -81.343951, 28.785559 ], [ -81.344197, 28.78566 ], [ -81.344385, 28.785737 ], [ -81.344891, 28.786034 ], [ -81.345191, 28.786182 ], [ -81.34522, 28.786193 ], [ -81.345528, 28.786308 ], [ -81.345672, 28.78633 ], [ -81.345834, 28.786352 ], [ -81.345966, 28.786354 ], [ -81.346352, 28.786363 ], [ -81.346855, 28.786352 ], [ -81.347152, 28.786347 ], [ -81.347296, 28.786347 ], [ -81.347449, 28.786347 ], [ -81.348895, 28.786346 ], [ -81.349619, 28.786346 ], [ -81.350003, 28.786361 ], [ -81.350037, 28.786362 ], [ -81.35013, 28.786363 ], [ -81.350331, 28.786368 ], [ -81.350514, 28.78637 ], [ -81.350643, 28.786373 ], [ -81.350606, 28.786445 ], [ -81.350519, 28.786632 ], [ -81.35049, 28.786689 ], [ -81.350022, 28.787632 ], [ -81.349866, 28.787947 ], [ -81.349626, 28.788431 ], [ -81.349332, 28.788992 ], [ -81.348609, 28.790374 ], [ -81.348601, 28.79077 ], [ -81.348608, 28.79102 ], [ -81.348649, 28.791368 ], [ -81.348831, 28.791932 ], [ -81.349025, 28.792298 ], [ -81.349994, 28.793769 ], [ -81.350159, 28.794114 ], [ -81.350195, 28.794444 ], [ -81.350166, 28.794853 ], [ -81.350001, 28.795269 ], [ -81.349685, 28.795628 ], [ -81.349609, 28.795673 ], [ -81.349964, 28.795582 ], [ -81.35051, 28.795458 ], [ -81.350878, 28.795392 ], [ -81.351193, 28.795392 ], [ -81.351489, 28.795418 ], [ -81.351758, 28.795438 ], [ -81.3521, 28.795497 ], [ -81.352546, 28.795536 ], [ -81.352901, 28.795556 ], [ -81.353374, 28.79555 ], [ -81.354403, 28.795482 ], [ -81.354491, 28.795157 ], [ -81.35463, 28.79488 ], [ -81.35492, 28.794307 ], [ -81.355407, 28.793621 ], [ -81.356027, 28.793059 ], [ -81.356564, 28.792573 ], [ -81.35659, 28.792531 ], [ -81.356725, 28.792427 ], [ -81.356957, 28.792154 ], [ -81.358171, 28.79312 ], [ -81.358161, 28.793653 ], [ -81.362907, 28.793648 ], [ -81.362907, 28.792921 ], [ -81.362907, 28.792653 ], [ -81.364194, 28.792658 ], [ -81.365683, 28.792678 ], [ -81.365712, 28.792679 ], [ -81.365861, 28.792696 ], [ -81.366505, 28.792871 ], [ -81.366699, 28.792888 ], [ -81.368654, 28.792871 ], [ -81.369347, 28.792865 ], [ -81.370796, 28.792853 ], [ -81.372445, 28.792847 ], [ -81.373119, 28.792842 ], [ -81.373352, 28.79284 ], [ -81.373989, 28.792836 ], [ -81.3742, 28.792835 ], [ -81.374737, 28.792895 ], [ -81.375, 28.792934 ], [ -81.37638, 28.793353 ], [ -81.376593, 28.793397 ], [ -81.376693, 28.793408 ], [ -81.377039, 28.793389 ], [ -81.37808, 28.793335 ], [ -81.378142, 28.793332 ], [ -81.378426, 28.793301 ], [ -81.37896, 28.793244 ], [ -81.379797, 28.793161 ], [ -81.380622, 28.79308 ], [ -81.381334, 28.793031 ], [ -81.381571, 28.793003 ], [ -81.381927, 28.79297 ], [ -81.382296, 28.792916 ], [ -81.382671, 28.792833 ], [ -81.382927, 28.792789 ], [ -81.38307, 28.792751 ], [ -81.383258, 28.792696 ], [ -81.383445, 28.792624 ], [ -81.383589, 28.792558 ], [ -81.383847, 28.792452 ], [ -81.38387, 28.792443 ], [ -81.38402, 28.792366 ], [ -81.384357, 28.792212 ], [ -81.384507, 28.792124 ], [ -81.384857, 28.791948 ], [ -81.385076, 28.791827 ], [ -81.385186, 28.791786 ], [ -81.385476, 28.791679 ], [ -81.385519, 28.79167 ], [ -81.385635, 28.791648 ], [ -81.385876, 28.791602 ], [ -81.3862, 28.791564 ], [ -81.3865, 28.791547 ], [ -81.386625, 28.791547 ], [ -81.386726, 28.791552 ], [ -81.38715, 28.791602 ], [ -81.387499, 28.791663 ], [ -81.38793, 28.791713 ], [ -81.389023, 28.791867 ], [ -81.389342, 28.791906 ], [ -81.389992, 28.791994 ], [ -81.390316, 28.792038 ], [ -81.391078, 28.792165 ], [ -81.391857, 28.792361 ], [ -81.393287, 28.792619 ], [ -81.393489, 28.79266 ], [ -81.393781, 28.792647 ], [ -81.394092, 28.792652 ], [ -81.394772, 28.792607 ], [ -81.39696, 28.792642 ], [ -81.397505, 28.792651 ], [ -81.400423, 28.792635 ], [ -81.405031, 28.792612 ], [ -81.405297, 28.792649 ], [ -81.405489, 28.792696 ], [ -81.405582, 28.792736 ], [ -81.405607, 28.792816 ], [ -81.40562, 28.792952 ], [ -81.407131, 28.79288 ], [ -81.411665, 28.792668 ], [ -81.413177, 28.792598 ], [ -81.413294, 28.792599 ], [ -81.41338, 28.7926 ], [ -81.413584, 28.792602 ], [ -81.413645, 28.792602 ], [ -81.413673, 28.792603 ], [ -81.413762, 28.792604 ], [ -81.413767, 28.792644 ], [ -81.413784, 28.792764 ], [ -81.41379, 28.792805 ], [ -81.413862, 28.793156 ], [ -81.413924, 28.793457 ], [ -81.414078, 28.794209 ], [ -81.414131, 28.794467 ], [ -81.414169, 28.794555 ], [ -81.414735, 28.795849 ], [ -81.415108, 28.797143 ], [ -81.41511, 28.798207 ], [ -81.415111, 28.798244 ], [ -81.415184, 28.79964 ], [ -81.415336, 28.800603 ], [ -81.415591, 28.801845 ], [ -81.415708, 28.802576 ], [ -81.416212, 28.803259 ], [ -81.416923, 28.80409 ], [ -81.41753, 28.805193 ], [ -81.418, 28.805844 ], [ -81.418187, 28.806474 ], [ -81.418102, 28.807329 ], [ -81.418031, 28.80816 ], [ -81.41826, 28.808976 ], [ -81.418505, 28.809842 ], [ -81.41885, 28.810574 ], [ -81.41919, 28.812699 ], [ -81.419367, 28.813806 ], [ -81.419465, 28.814419 ], [ -81.419477, 28.814498 ], [ -81.419537, 28.814914 ], [ -81.419541, 28.814948 ], [ -81.419544, 28.814971 ], [ -81.419552, 28.815028 ], [ -81.419554, 28.815131 ], [ -81.419555, 28.815181 ], [ -81.419556, 28.815237 ], [ -81.419564, 28.815276 ], [ -81.41957, 28.815305 ], [ -81.419578, 28.815328 ], [ -81.419588, 28.815342 ], [ -81.419619, 28.815385 ], [ -81.41963, 28.8154 ], [ -81.419635, 28.815423 ], [ -81.419651, 28.815513 ], [ -81.419648, 28.815583 ] ] ] ] } },
{ "type": "Feature", "properties": { "ZCTA5CE20": "32708", "GEOID20": "32708", "GEOIDFQ20": "860Z200US32708", "CLASSFP20": "B5", "MTFCC20": "G6350", "FUNCSTAT20": "S", "ALAND20": 47917701, "AWATER20": 4701085, "INTPTLAT20": "+28.6880636", "INTPTLON20": "-081.2699615" }, "geometry": { "type": "MultiPolygon", "coordinates": [ [ [ [ -81.326848, 28.702161 ], [ -81.326791, 28.702867 ], [ -81.326772, 28.703116 ], [ -81.326761, 28.703251 ], [ -81.32674, 28.703252 ], [ -81.326676, 28.703258 ], [ -81.326656, 28.70326 ], [ -81.326637, 28.703261 ], [ -81.326582, 28.703266 ], [ -81.326564, 28.703268 ], [ -81.326341, 28.703287 ], [ -81.325673, 28.703344 ], [ -81.325451, 28.703364 ], [ -81.325418, 28.703366 ], [ -81.32532, 28.703374 ], [ -81.325288, 28.703378 ], [ -81.325107, 28.703394 ], [ -81.324984, 28.7034 ], [ -81.324489, 28.703427 ], [ -81.324073, 28.703471 ], [ -81.323771, 28.703504 ], [ -81.323735, 28.70351 ], [ -81.323669, 28.704436 ], [ -81.326457, 28.704165 ], [ -81.326567, 28.704155 ], [ -81.326659, 28.704146 ], [ -81.326655, 28.704186 ], [ -81.326648, 28.704285 ], [ -81.326642, 28.704352 ], [ -81.326636, 28.704433 ], [ -81.326599, 28.70488 ], [ -81.326588, 28.705029 ], [ -81.326511, 28.70598 ], [ -81.326399, 28.70702 ], [ -81.326392, 28.707074 ], [ -81.326374, 28.707235 ], [ -81.326368, 28.70729 ], [ -81.32632, 28.707675 ], [ -81.326299, 28.707851 ], [ -81.326233, 28.70831 ], [ -81.326145, 28.708318 ], [ -81.326081, 28.708327 ], [ -81.325774, 28.70836 ], [ -81.324967, 28.70845 ], [ -81.324601, 28.708491 ], [ -81.324594, 28.708587 ], [ -81.324565, 28.708903 ], [ -81.324563, 28.708926 ], [ -81.324631, 28.709692 ], [ -81.324644, 28.709804 ], [ -81.3252, 28.709742 ], [ -81.325151, 28.70981 ], [ -81.324945, 28.709937 ], [ -81.324889, 28.710052 ], [ -81.32344, 28.709847 ], [ -81.323485, 28.710368 ], [ -81.32353, 28.710389 ], [ -81.323681, 28.710411 ], [ -81.324114, 28.710474 ], [ -81.325129, 28.710621 ], [ -81.325713, 28.710707 ], [ -81.325803, 28.710719 ], [ -81.325776, 28.71085 ], [ -81.325727, 28.711024 ], [ -81.325465, 28.711961 ], [ -81.325308, 28.712523 ], [ -81.325077, 28.713106 ], [ -81.324955, 28.713081 ], [ -81.324032, 28.712864 ], [ -81.323069, 28.712638 ], [ -81.322951, 28.713529 ], [ -81.324576, 28.714149 ], [ -81.324611, 28.714162 ], [ -81.324272, 28.714883 ], [ -81.324237, 28.714885 ], [ -81.324135, 28.714892 ], [ -81.324101, 28.714895 ], [ -81.323541, 28.714933 ], [ -81.322356, 28.715015 ], [ -81.321951, 28.715042 ], [ -81.321861, 28.715049 ], [ -81.321419, 28.715081 ], [ -81.321302, 28.71509 ], [ -81.320995, 28.715115 ], [ -81.319682, 28.715204 ], [ -81.319528, 28.715214 ], [ -81.319516, 28.716453 ], [ -81.320805, 28.716456 ], [ -81.32102, 28.71654 ], [ -81.321427, 28.716541 ], [ -81.322651, 28.716544 ], [ -81.323059, 28.716545 ], [ -81.32309, 28.716545 ], [ -81.323185, 28.716545 ], [ -81.323217, 28.716545 ], [ -81.323136, 28.716661 ], [ -81.322522, 28.717402 ], [ -81.322063, 28.717959 ], [ -81.321532, 28.718543 ], [ -81.32092, 28.719153 ], [ -81.320268, 28.719825 ], [ -81.31956, 28.720557 ], [ -81.319502, 28.720619 ], [ -81.31938, 28.720748 ], [ -81.319013, 28.721136 ], [ -81.318892, 28.721266 ], [ -81.318805, 28.721352 ], [ -81.318547, 28.72161 ], [ -81.318461, 28.721697 ], [ -81.318368, 28.721542 ], [ -81.318062, 28.72131 ], [ -81.317706, 28.721189 ], [ -81.317456, 28.72114 ], [ -81.316807, 28.721096 ], [ -81.316552, 28.721041 ], [ -81.316451, 28.721019 ], [ -81.316146, 28.720975 ], [ -81.315883, 28.720925 ], [ -81.315153, 28.720661 ], [ -81.314654, 28.720562 ], [ -81.314117, 28.720579 ], [ -81.313237, 28.720749 ], [ -81.313025, 28.720782 ], [ -81.312937, 28.720782 ], [ -81.312837, 28.720766 ], [ -81.312694, 28.720711 ], [ -81.312581, 28.720634 ], [ -81.312425, 28.720474 ], [ -81.312232, 28.719996 ], [ -81.312001, 28.719693 ], [ -81.311714, 28.719434 ], [ -81.311321, 28.719225 ], [ -81.311058, 28.719146 ], [ -81.311027, 28.719137 ], [ -81.310615, 28.719104 ], [ -81.310291, 28.719038 ], [ -81.309829, 28.718972 ], [ -81.30966, 28.718939 ], [ -81.309261, 28.718923 ], [ -81.309055, 28.718873 ], [ -81.308976, 28.718875 ], [ -81.308924, 28.718876 ], [ -81.308859, 28.718878 ], [ -81.308828, 28.718879 ], [ -81.30877, 28.71888 ], [ -81.308719, 28.718882 ], [ -81.308685, 28.718883 ], [ -81.308655, 28.718884 ], [ -81.308642, 28.718886 ], [ -81.308617, 28.718891 ], [ -81.308518, 28.718912 ], [ -81.308477, 28.718921 ], [ -81.308306, 28.718956 ], [ -81.308069, 28.718972 ], [ -81.307819, 28.718956 ], [ -81.307719, 28.718934 ], [ -81.307482, 28.718912 ], [ -81.307351, 28.718867 ], [ -81.307026, 28.718796 ], [ -81.306533, 28.718785 ], [ -81.306115, 28.718752 ], [ -81.305953, 28.718713 ], [ -81.305878, 28.71868 ], [ -81.305653, 28.71846 ], [ -81.305591, 28.718416 ], [ -81.305509, 28.718383 ], [ -81.305372, 28.718383 ], [ -81.305104, 28.7184 ], [ -81.304966, 28.718389 ], [ -81.304822, 28.718377 ], [ -81.304703, 28.718376 ], [ -81.304501, 28.718321 ], [ -81.304367, 28.718268 ], [ -81.304108, 28.718155 ], [ -81.303552, 28.717824 ], [ -81.303358, 28.71769 ], [ -81.302731, 28.717277 ], [ -81.302314, 28.717038 ], [ -81.30201, 28.716919 ], [ -81.301351, 28.716646 ], [ -81.30128, 28.716617 ], [ -81.300844, 28.716442 ], [ -81.300205, 28.716414 ], [ -81.299607, 28.716345 ], [ -81.29857, 28.71626 ], [ -81.298098, 28.716222 ], [ -81.295948, 28.716001 ], [ -81.2957, 28.715971 ], [ -81.294614, 28.71586 ], [ -81.294179, 28.715813 ], [ -81.293751, 28.715767 ], [ -81.293725, 28.715642 ], [ -81.293685, 28.715395 ], [ -81.293626, 28.715215 ], [ -81.293526, 28.715177 ], [ -81.293317, 28.715186 ], [ -81.293215, 28.71515 ], [ -81.29316, 28.71509 ], [ -81.29301, 28.715017 ], [ -81.292907, 28.714999 ], [ -81.292797, 28.715008 ], [ -81.292644, 28.715074 ], [ -81.292493, 28.715306 ], [ -81.292382, 28.715389 ], [ -81.292206, 28.715418 ], [ -81.292059, 28.715442 ], [ -81.291726, 28.715392 ], [ -81.29136, 28.715449 ], [ -81.291291, 28.715499 ], [ -81.291132, 28.715615 ], [ -81.290588, 28.715786 ], [ -81.290187, 28.715761 ], [ -81.290017, 28.71579 ], [ -81.28985, 28.715748 ], [ -81.289471, 28.715686 ], [ -81.287933, 28.715905 ], [ -81.28597, 28.716127 ], [ -81.284515, 28.716102 ], [ -81.284438, 28.716101 ], [ -81.28359, 28.715949 ], [ -81.282066, 28.715677 ], [ -81.27978, 28.715377 ], [ -81.275991, 28.71458 ], [ -81.274445, 28.714071 ], [ -81.273635, 28.713805 ], [ -81.271539, 28.713225 ], [ -81.271137, 28.713215 ], [ -81.267656, 28.713058 ], [ -81.267582, 28.713059 ], [ -81.264178, 28.713118 ], [ -81.261506, 28.713276 ], [ -81.258547, 28.713074 ], [ -81.256938, 28.712833 ], [ -81.25654, 28.712774 ], [ -81.25469, 28.712537 ], [ -81.254249, 28.71248 ], [ -81.253407, 28.712403 ], [ -81.252428, 28.712258 ], [ -81.249494, 28.711824 ], [ -81.248516, 28.71168 ], [ -81.247618, 28.712234 ], [ -81.247004, 28.712266 ], [ -81.246721, 28.7123 ], [ -81.246089, 28.712379 ], [ -81.245281, 28.712273 ], [ -81.243944, 28.712324 ], [ -81.242358, 28.712234 ], [ -81.241186, 28.712113 ], [ -81.24088, 28.712116 ], [ -81.239881, 28.712128 ], [ -81.239276, 28.712011 ], [ -81.239183, 28.711841 ], [ -81.233427, 28.701341 ], [ -81.233707, 28.701296 ], [ -81.234489, 28.701315 ], [ -81.234775, 28.701323 ], [ -81.235455, 28.701295 ], [ -81.236353, 28.701301 ], [ -81.236834, 28.701229 ], [ -81.237583, 28.701245 ], [ -81.237957, 28.701195 ], [ -81.238007, 28.701179 ], [ -81.238107, 28.701157 ], [ -81.2384, 28.701025 ], [ -81.238509, 28.700946 ], [ -81.238731, 28.700788 ], [ -81.239093, 28.700381 ], [ -81.239305, 28.700215 ], [ -81.239518, 28.700038 ], [ -81.240359, 28.69927 ], [ -81.240413, 28.699161 ], [ -81.240561, 28.699151 ], [ -81.240484, 28.694874 ], [ -81.237511, 28.694925 ], [ -81.237543, 28.695814 ], [ -81.23754, 28.69597 ], [ -81.237537, 28.696227 ], [ -81.237541, 28.696342 ], [ -81.237543, 28.696419 ], [ -81.237547, 28.696554 ], [ -81.237556, 28.696907 ], [ -81.237578, 28.697695 ], [ -81.23718, 28.697695 ], [ -81.236396, 28.697699 ], [ -81.236304, 28.698473 ], [ -81.236231, 28.699086 ], [ -81.23623, 28.700051 ], [ -81.236856, 28.700026 ], [ -81.236956, 28.700764 ], [ -81.23665, 28.700759 ], [ -81.236481, 28.700757 ], [ -81.235881, 28.700748 ], [ -81.234082, 28.700722 ], [ -81.233763, 28.700718 ], [ -81.233501, 28.700619 ], [ -81.233345, 28.700623 ], [ -81.233039, 28.700632 ], [ -81.232451, 28.699562 ], [ -81.232177, 28.699062 ], [ -81.231187, 28.69723 ], [ -81.230917, 28.697347 ], [ -81.230975, 28.697454 ], [ -81.231105, 28.697694 ], [ -81.231263, 28.697987 ], [ -81.231566, 28.698545 ], [ -81.231742, 28.698865 ], [ -81.231904, 28.699158 ], [ -81.232067, 28.699454 ], [ -81.232558, 28.700344 ], [ -81.232722, 28.700641 ], [ -81.232804, 28.70079 ], [ -81.232971, 28.701092 ], [ -81.233051, 28.701238 ], [ -81.233134, 28.701388 ], [ -81.233052, 28.701401 ], [ -81.233026, 28.701401 ], [ -81.232699, 28.701408 ], [ -81.232591, 28.701411 ], [ -81.232565, 28.701412 ], [ -81.232353, 28.701373 ], [ -81.232266, 28.701373 ], [ -81.232111, 28.70134 ], [ -81.231854, 28.701286 ], [ -81.231504, 28.701187 ], [ -81.231036, 28.701115 ], [ -81.230678, 28.701086 ], [ -81.230487, 28.701071 ], [ -81.230197, 28.701019 ], [ -81.230112, 28.701004 ], [ -81.229938, 28.700973 ], [ -81.229858, 28.70097 ], [ -81.229821, 28.700969 ], [ -81.229773, 28.700968 ], [ -81.229588, 28.700962 ], [ -81.229345, 28.700967 ], [ -81.228977, 28.701033 ], [ -81.228646, 28.701171 ], [ -81.228234, 28.701408 ], [ -81.228122, 28.701463 ], [ -81.22791, 28.701529 ], [ -81.227747, 28.701562 ], [ -81.22756, 28.701579 ], [ -81.227298, 28.701562 ], [ -81.227055, 28.701513 ], [ -81.226655, 28.701491 ], [ -81.2263, 28.701542 ], [ -81.2262, 28.701557 ], [ -81.226075, 28.701601 ], [ -81.225894, 28.701695 ], [ -81.225707, 28.701854 ], [ -81.225545, 28.701948 ], [ -81.225407, 28.701981 ], [ -81.225233, 28.701986 ], [ -81.225108, 28.70197 ], [ -81.224945, 28.702014 ], [ -81.224814, 28.70208 ], [ -81.224702, 28.702157 ], [ -81.224596, 28.702212 ], [ -81.224527, 28.702234 ], [ -81.224359, 28.702262 ], [ -81.224309, 28.702289 ], [ -81.224078, 28.702322 ], [ -81.223791, 28.7023 ], [ -81.223691, 28.702311 ], [ -81.223604, 28.702328 ], [ -81.223404, 28.702438 ], [ -81.223229, 28.702455 ], [ -81.222967, 28.702504 ], [ -81.222805, 28.702499 ], [ -81.222618, 28.70246 ], [ -81.222243, 28.70246 ], [ -81.222143, 28.702471 ], [ -81.221788, 28.70256 ], [ -81.221226, 28.702774 ], [ -81.221114, 28.702796 ], [ -81.220646, 28.702846 ], [ -81.220446, 28.702912 ], [ -81.220228, 28.702962 ], [ -81.219841, 28.70316 ], [ -81.219535, 28.703297 ], [ -81.219416, 28.70333 ], [ -81.219248, 28.703353 ], [ -81.218692, 28.703342 ], [ -81.218274, 28.703232 ], [ -81.217962, 28.703204 ], [ -81.217725, 28.703226 ], [ -81.217238, 28.703392 ], [ -81.217026, 28.70343 ], [ -81.216234, 28.703904 ], [ -81.216061, 28.703971 ], [ -81.215741, 28.704096 ], [ -81.215373, 28.704294 ], [ -81.215085, 28.704487 ], [ -81.214961, 28.704531 ], [ -81.214817, 28.704531 ], [ -81.214748, 28.704498 ], [ -81.214624, 28.704487 ], [ -81.214436, 28.704394 ], [ -81.214218, 28.704388 ], [ -81.214106, 28.70441 ], [ -81.213943, 28.704405 ], [ -81.213806, 28.704372 ], [ -81.213706, 28.704377 ], [ -81.213556, 28.70441 ], [ -81.213288, 28.704509 ], [ -81.213151, 28.70457 ], [ -81.213057, 28.704597 ], [ -81.212851, 28.704636 ], [ -81.212683, 28.704697 ], [ -81.212639, 28.704548 ], [ -81.212583, 28.704168 ], [ -81.21252, 28.704025 ], [ -81.212377, 28.703789 ], [ -81.212251, 28.703631 ], [ -81.212227, 28.703602 ], [ -81.212114, 28.703398 ], [ -81.212071, 28.703244 ], [ -81.212065, 28.70298 ], [ -81.212096, 28.702705 ], [ -81.212102, 28.702567 ], [ -81.212008, 28.702254 ], [ -81.211902, 28.702023 ], [ -81.211871, 28.701863 ], [ -81.211852, 28.701549 ], [ -81.211783, 28.701373 ], [ -81.211765, 28.701296 ], [ -81.211764, 28.701016 ], [ -81.21169, 28.700696 ], [ -81.211577, 28.700487 ], [ -81.211483, 28.700399 ], [ -81.211412, 28.700318 ], [ -81.211396, 28.7003 ], [ -81.211315, 28.700168 ], [ -81.211234, 28.699987 ], [ -81.21114, 28.699552 ], [ -81.211084, 28.699216 ], [ -81.211082, 28.699207 ], [ -81.211071, 28.699154 ], [ -81.211038, 28.698995 ], [ -81.211035, 28.698979 ], [ -81.212917, 28.69899 ], [ -81.212929, 28.690291 ], [ -81.213003, 28.69029 ], [ -81.213493, 28.690285 ], [ -81.213508, 28.690284 ], [ -81.213556, 28.690284 ], [ -81.213572, 28.690284 ], [ -81.213745, 28.690281 ], [ -81.213816, 28.69028 ], [ -81.214238, 28.690275 ], [ -81.214551, 28.690272 ], [ -81.214796, 28.69027 ], [ -81.214823, 28.690269 ], [ -81.214904, 28.690269 ], [ -81.214932, 28.690269 ], [ -81.214967, 28.690268 ], [ -81.214985, 28.690267 ], [ -81.215024, 28.690267 ], [ -81.215429, 28.690264 ], [ -81.215493, 28.690263 ], [ -81.215804, 28.690261 ], [ -81.21731, 28.690248 ], [ -81.217552, 28.690247 ], [ -81.21779, 28.690246 ], [ -81.218135, 28.690248 ], [ -81.218267, 28.690248 ], [ -81.218662, 28.69025 ], [ -81.218795, 28.690251 ], [ -81.218949, 28.690251 ], [ -81.219035, 28.690251 ], [ -81.21913, 28.690251 ], [ -81.219755, 28.690254 ], [ -81.219799, 28.690254 ], [ -81.219996, 28.690255 ], [ -81.220093, 28.690255 ], [ -81.22025, 28.690256 ], [ -81.220313, 28.690256 ], [ -81.220386, 28.690256 ], [ -81.220484, 28.690257 ], [ -81.22095, 28.690258 ], [ -81.221447, 28.690259 ], [ -81.222348, 28.690263 ], [ -81.222815, 28.690265 ], [ -81.222904, 28.690265 ], [ -81.223173, 28.690266 ], [ -81.223263, 28.690267 ], [ -81.223462, 28.690268 ], [ -81.223805, 28.690272 ], [ -81.22406, 28.690273 ], [ -81.22426, 28.690274 ], [ -81.224319, 28.690274 ], [ -81.224378, 28.690274 ], [ -81.224732, 28.690275 ], [ -81.22485, 28.690276 ], [ -81.225016, 28.690277 ], [ -81.225403, 28.690275 ], [ -81.226283, 28.690271 ], [ -81.226944, 28.690244 ], [ -81.227064, 28.690243 ], [ -81.227618, 28.690243 ], [ -81.227645, 28.690243 ], [ -81.227728, 28.690243 ], [ -81.227756, 28.690243 ], [ -81.228061, 28.690243 ], [ -81.228142, 28.690243 ], [ -81.228183, 28.690242 ], [ -81.228791, 28.690238 ], [ -81.229422, 28.690221 ], [ -81.229463, 28.690221 ], [ -81.229891, 28.690229 ], [ -81.229912, 28.690229 ], [ -81.229975, 28.69023 ], [ -81.229997, 28.690231 ], [ -81.23, 28.690146 ], [ -81.230003, 28.690064 ], [ -81.230038, 28.690064 ], [ -81.230208, 28.690061 ], [ -81.230226, 28.689835 ], [ -81.230236, 28.689739 ], [ -81.230261, 28.689555 ], [ -81.230298, 28.689292 ], [ -81.230351, 28.688853 ], [ -81.23044, 28.688475 ], [ -81.230534, 28.688159 ], [ -81.230589, 28.687639 ], [ -81.2306, 28.68754 ], [ -81.230682, 28.686862 ], [ -81.230998, 28.6864 ], [ -81.231043, 28.686335 ], [ -81.231342, 28.685991 ], [ -81.231667, 28.685752 ], [ -81.232018, 28.685585 ], [ -81.232352, 28.685479 ], [ -81.232908, 28.685395 ], [ -81.232683, 28.685359 ], [ -81.232322, 28.685292 ], [ -81.23213, 28.685257 ], [ -81.231555, 28.685069 ], [ -81.230904, 28.684793 ], [ -81.230665, 28.684651 ], [ -81.230154, 28.684349 ], [ -81.230028, 28.684271 ], [ -81.229729, 28.684087 ], [ -81.229646, 28.684036 ], [ -81.229534, 28.683967 ], [ -81.229043, 28.683665 ], [ -81.228007, 28.68304 ], [ -81.226814, 28.682321 ], [ -81.226619, 28.682203 ], [ -81.226583, 28.682181 ], [ -81.226413, 28.682079 ], [ -81.226286, 28.682003 ], [ -81.22628, 28.681946 ], [ -81.226236, 28.681451 ], [ -81.226198, 28.681027 ], [ -81.226131, 28.679701 ], [ -81.226123, 28.679553 ], [ -81.226104, 28.678645 ], [ -81.226118, 28.677719 ], [ -81.226122, 28.677484 ], [ -81.226197, 28.676246 ], [ -81.226221, 28.675668 ], [ -81.226289, 28.674784 ], [ -81.226314, 28.674452 ], [ -81.226327, 28.674344 ], [ -81.226369, 28.67399 ], [ -81.226383, 28.673874 ], [ -81.226663, 28.672058 ], [ -81.226763, 28.671486 ], [ -81.227056, 28.670235 ], [ -81.227786, 28.67024 ], [ -81.228342, 28.670226 ], [ -81.229303, 28.670211 ], [ -81.229255, 28.668253 ], [ -81.229243, 28.668205 ], [ -81.229236, 28.668061 ], [ -81.229228, 28.66789 ], [ -81.229223, 28.666599 ], [ -81.232135, 28.666653 ], [ -81.232811, 28.666661 ], [ -81.233142, 28.666662 ], [ -81.236274, 28.666627 ], [ -81.24183, 28.666531 ], [ -81.241651, 28.661638 ], [ -81.241625, 28.660857 ], [ -81.241624, 28.66077 ], [ -81.240637, 28.660741 ], [ -81.24008, 28.660726 ], [ -81.239947, 28.660266 ], [ -81.239585, 28.660046 ], [ -81.239453, 28.65997 ], [ -81.239769, 28.659738 ], [ -81.239837, 28.659689 ], [ -81.240332, 28.659326 ], [ -81.240371, 28.659297 ], [ -81.240592, 28.658997 ], [ -81.24067, 28.658891 ], [ -81.240852, 28.65869 ], [ -81.240942, 28.658591 ], [ -81.241152, 28.658358 ], [ -81.241166, 28.658327 ], [ -81.241296, 28.658055 ], [ -81.241342, 28.657954 ], [ -81.241685, 28.658025 ], [ -81.24185, 28.657945 ], [ -81.241822, 28.657873 ], [ -81.241792, 28.657837 ], [ -81.241802, 28.657783 ], [ -81.241789, 28.657744 ], [ -81.241799, 28.657714 ], [ -81.24185, 28.657691 ], [ -81.241907, 28.657668 ], [ -81.241949, 28.65763 ], [ -81.241985, 28.65752 ], [ -81.242006, 28.657375 ], [ -81.242002, 28.657326 ], [ -81.24201, 28.657238 ], [ -81.242008, 28.657163 ], [ -81.241978, 28.657097 ], [ -81.241919, 28.657063 ], [ -81.241872, 28.656981 ], [ -81.241904, 28.65689 ], [ -81.241928, 28.656794 ], [ -81.241912, 28.656758 ], [ -81.241872, 28.656665 ], [ -81.241896, 28.656584 ], [ -81.24197, 28.656499 ], [ -81.242059, 28.656469 ], [ -81.242158, 28.656458 ], [ -81.242249, 28.656467 ], [ -81.242631, 28.656447 ], [ -81.242773, 28.656453 ], [ -81.242835, 28.656432 ], [ -81.24332, 28.656454 ], [ -81.243626, 28.656925 ], [ -81.243596, 28.657206 ], [ -81.243548, 28.6573 ], [ -81.243458, 28.657401 ], [ -81.243344, 28.657484 ], [ -81.243252, 28.657521 ], [ -81.243205, 28.657847 ], [ -81.243345, 28.657842 ], [ -81.24378, 28.657899 ], [ -81.24414, 28.658013 ], [ -81.244698, 28.658356 ], [ -81.244921, 28.658531 ], [ -81.245078, 28.658723 ], [ -81.245393, 28.659297 ], [ -81.245359, 28.65952 ], [ -81.245421, 28.659744 ], [ -81.245432, 28.65999 ], [ -81.245423, 28.660049 ], [ -81.245348, 28.660362 ], [ -81.245307, 28.660533 ], [ -81.245226, 28.660718 ], [ -81.24513, 28.660875 ], [ -81.245108, 28.660912 ], [ -81.245022, 28.661041 ], [ -81.244975, 28.6611 ], [ -81.244818, 28.661264 ], [ -81.244702, 28.661369 ], [ -81.244374, 28.661658 ], [ -81.243788, 28.662134 ], [ -81.243654, 28.662238 ], [ -81.243967, 28.662334 ], [ -81.244922, 28.66263 ], [ -81.244983, 28.66265 ], [ -81.245343, 28.662769 ], [ -81.245467, 28.662807 ], [ -81.245753, 28.662898 ], [ -81.245811, 28.662996 ], [ -81.245819, 28.663564 ], [ -81.245826, 28.664113 ], [ -81.245828, 28.664808 ], [ -81.247033, 28.664894 ], [ -81.247662, 28.664941 ], [ -81.248005, 28.664936 ], [ -81.24998, 28.664864 ], [ -81.250793, 28.664851 ], [ -81.25114, 28.664833 ], [ -81.251136, 28.664618 ], [ -81.251115, 28.663318 ], [ -81.251073, 28.660746 ], [ -81.251041, 28.658791 ], [ -81.25458, 28.659087 ], [ -81.25459, 28.658983 ], [ -81.254484, 28.658939 ], [ -81.254459, 28.65889 ], [ -81.254439, 28.658474 ], [ -81.254356, 28.656718 ], [ -81.254329, 28.656133 ], [ -81.25432, 28.65594 ], [ -81.254294, 28.655362 ], [ -81.254286, 28.65517 ], [ -81.254252, 28.654452 ], [ -81.254237, 28.654108 ], [ -81.254161, 28.652299 ], [ -81.254132, 28.651582 ], [ -81.25412, 28.651252 ], [ -81.254085, 28.650722 ], [ -81.254021, 28.649744 ], [ -81.254005, 28.649353 ], [ -81.253959, 28.648182 ], [ -81.253922, 28.647995 ], [ -81.253916, 28.647797 ], [ -81.253979, 28.647795 ], [ -81.254296, 28.647791 ], [ -81.258282, 28.647672 ], [ -81.260999, 28.647677 ], [ -81.262757, 28.647695 ], [ -81.264385, 28.647684 ], [ -81.264277, 28.647404 ], [ -81.264059, 28.647091 ], [ -81.263828, 28.646694 ], [ -81.263797, 28.646625 ], [ -81.263697, 28.646397 ], [ -81.263604, 28.646304 ], [ -81.263242, 28.645885 ], [ -81.263161, 28.645649 ], [ -81.263136, 28.645555 ], [ -81.263155, 28.645434 ], [ -81.26323, 28.645286 ], [ -81.263255, 28.645258 ], [ -81.263417, 28.645142 ], [ -81.263604, 28.645011 ], [ -81.263972, 28.644758 ], [ -81.264134, 28.644653 ], [ -81.264191, 28.644607 ], [ -81.264247, 28.644565 ], [ -81.26484, 28.644043 ], [ -81.264877, 28.644001 ], [ -81.264946, 28.643922 ], [ -81.265139, 28.643729 ], [ -81.265233, 28.643647 ], [ -81.265314, 28.643597 ], [ -81.265645, 28.643322 ], [ -81.265788, 28.643267 ], [ -81.26607, 28.643183 ], [ -81.2662, 28.643157 ], [ -81.266387, 28.643135 ], [ -81.266435, 28.643136 ], [ -81.266724, 28.643141 ], [ -81.267036, 28.643113 ], [ -81.267528, 28.643086 ], [ -81.268233, 28.643103 ], [ -81.268558, 28.643097 ], [ -81.268869, 28.643076 ], [ -81.26906, 28.643027 ], [ -81.269262, 28.642977 ], [ -81.269487, 28.642905 ], [ -81.269674, 28.642834 ], [ -81.269836, 28.642757 ], [ -81.27046, 28.642355 ], [ -81.270622, 28.642218 ], [ -81.2708, 28.641945 ], [ -81.270835, 28.641893 ], [ -81.270878, 28.641805 ], [ -81.270903, 28.641756 ], [ -81.270953, 28.641602 ], [ -81.271022, 28.641491 ], [ -81.271072, 28.641431 ], [ -81.271147, 28.641387 ], [ -81.271333, 28.641327 ], [ -81.27139, 28.64131 ], [ -81.271777, 28.641233 ], [ -81.271892, 28.64122 ], [ -81.272213, 28.641184 ], [ -81.272344, 28.641156 ], [ -81.272394, 28.641145 ], [ -81.272575, 28.641145 ], [ -81.27275, 28.641156 ], [ -81.272974, 28.641255 ], [ -81.273903, 28.641619 ], [ -81.273985, 28.641641 ], [ -81.274203, 28.641696 ], [ -81.274428, 28.641703 ], [ -81.274689, 28.641713 ], [ -81.274964, 28.641685 ], [ -81.275706, 28.64157 ], [ -81.275756, 28.64157 ], [ -81.27603, 28.641548 ], [ -81.276134, 28.641557 ], [ -81.276224, 28.641565 ], [ -81.276567, 28.641708 ], [ -81.276966, 28.641829 ], [ -81.27719, 28.641928 ], [ -81.277396, 28.641988 ], [ -81.277527, 28.641989 ], [ -81.277671, 28.641972 ], [ -81.277764, 28.641945 ], [ -81.278082, 28.641741 ], [ -81.278313, 28.64156 ], [ -81.278407, 28.641516 ], [ -81.27855, 28.641475 ], [ -81.278619, 28.641455 ], [ -81.278742, 28.641429 ], [ -81.278831, 28.641654 ], [ -81.278958, 28.642139 ], [ -81.279022, 28.64238 ], [ -81.279093, 28.642702 ], [ -81.279146, 28.642954 ], [ -81.279214, 28.643342 ], [ -81.279249, 28.643903 ], [ -81.279279, 28.644355 ], [ -81.279282, 28.644875 ], [ -81.279293, 28.646437 ], [ -81.279297, 28.646958 ], [ -81.279295, 28.647065 ], [ -81.279291, 28.647389 ], [ -81.279291, 28.647497 ], [ -81.279253, 28.647673 ], [ -81.279264, 28.647816 ], [ -81.279341, 28.648785 ], [ -81.279359, 28.648999 ], [ -81.279365, 28.649109 ], [ -81.279369, 28.649197 ], [ -81.27939, 28.649555 ], [ -81.279392, 28.649565 ], [ -81.27952, 28.65025 ], [ -81.279591, 28.650525 ], [ -81.279732, 28.650843 ], [ -81.279872, 28.651087 ], [ -81.280007, 28.651261 ], [ -81.280223, 28.651505 ], [ -81.280484, 28.651729 ], [ -81.280749, 28.65191 ], [ -81.281217, 28.652152 ], [ -81.282046, 28.652582 ], [ -81.282617, 28.652888 ], [ -81.283082, 28.653138 ], [ -81.283367, 28.653277 ], [ -81.284154, 28.653661 ], [ -81.284215, 28.653708 ], [ -81.284466, 28.653903 ], [ -81.284634, 28.654241 ], [ -81.284647, 28.654266 ], [ -81.284747, 28.654596 ], [ -81.284792, 28.655357 ], [ -81.284815, 28.655735 ], [ -81.284819, 28.655905 ], [ -81.284826, 28.656157 ], [ -81.284834, 28.656417 ], [ -81.28484, 28.656588 ], [ -81.284852, 28.656936 ], [ -81.284889, 28.657983 ], [ -81.284902, 28.658332 ], [ -81.285134, 28.658332 ], [ -81.285148, 28.658708 ], [ -81.285233, 28.661067 ], [ -81.285301, 28.662906 ], [ -81.285262, 28.663324 ], [ -81.285249, 28.663337 ], [ -81.285252, 28.663438 ], [ -81.285264, 28.663746 ], [ -81.285266, 28.663788 ], [ -81.285267, 28.663849 ], [ -81.285697, 28.664121 ], [ -81.286031, 28.664407 ], [ -81.286246, 28.664648 ], [ -81.286395, 28.66489 ], [ -81.286536, 28.665131 ], [ -81.286662, 28.665427 ], [ -81.286725, 28.665746 ], [ -81.28676, 28.665992 ], [ -81.286747, 28.666388 ], [ -81.286701, 28.666924 ], [ -81.286706, 28.667562 ], [ -81.286877, 28.66818 ], [ -81.287015, 28.668662 ], [ -81.287236, 28.669064 ], [ -81.287392, 28.669176 ], [ -81.287152, 28.669328 ], [ -81.286879, 28.669509 ], [ -81.286688, 28.669756 ], [ -81.286608, 28.669915 ], [ -81.2866, 28.669934 ], [ -81.286452, 28.671159 ], [ -81.286446, 28.671313 ], [ -81.286383, 28.671561 ], [ -81.28636, 28.671696 ], [ -81.286358, 28.671709 ], [ -81.286355, 28.671738 ], [ -81.286327, 28.672039 ], [ -81.286323, 28.672094 ], [ -81.286264, 28.673107 ], [ -81.286252, 28.673293 ], [ -81.286229, 28.673693 ], [ -81.286221, 28.673812 ], [ -81.286202, 28.674147 ], [ -81.286203, 28.67417 ], [ -81.286214, 28.67429 ], [ -81.28619, 28.674331 ], [ -81.286251, 28.674323 ], [ -81.286628, 28.674282 ], [ -81.287808, 28.674153 ], [ -81.288899, 28.67403 ], [ -81.289365, 28.673977 ], [ -81.290123, 28.673888 ], [ -81.290095, 28.673937 ], [ -81.290089, 28.673949 ], [ -81.290008, 28.674049 ], [ -81.289989, 28.674068 ], [ -81.289983, 28.674076 ], [ -81.289977, 28.674122 ], [ -81.290141, 28.674105 ], [ -81.290634, 28.674054 ], [ -81.290799, 28.674038 ], [ -81.291185, 28.673995 ], [ -81.292346, 28.673869 ], [ -81.292642, 28.673837 ], [ -81.292733, 28.673849 ], [ -81.293186, 28.673796 ], [ -81.294544, 28.673639 ], [ -81.294998, 28.673587 ], [ -81.295238, 28.67359 ], [ -81.295801, 28.673506 ], [ -81.295699, 28.67436 ], [ -81.29561, 28.675119 ], [ -81.295554, 28.675783 ], [ -81.295519, 28.676278 ], [ -81.295491, 28.67669 ], [ -81.295466, 28.677067 ], [ -81.295437, 28.677508 ], [ -81.295387, 28.678262 ], [ -81.295354, 28.678798 ], [ -81.295316, 28.679397 ], [ -81.295428, 28.679383 ], [ -81.295884, 28.679326 ], [ -81.297016, 28.679191 ], [ -81.298301, 28.679038 ], [ -81.298124, 28.680818 ], [ -81.299649, 28.680619 ], [ -81.30077, 28.680473 ], [ -81.301215, 28.680415 ], [ -81.301535, 28.680373 ], [ -81.301955, 28.680319 ], [ -81.302477, 28.680252 ], [ -81.303419, 28.680132 ], [ -81.304145, 28.680042 ], [ -81.304311, 28.680022 ], [ -81.30437, 28.679155 ], [ -81.304372, 28.679135 ], [ -81.304729, 28.679095 ], [ -81.306155, 28.678933 ], [ -81.307561, 28.678773 ], [ -81.30863, 28.678651 ], [ -81.308706, 28.678596 ], [ -81.308754, 28.678676 ], [ -81.309002, 28.679093 ], [ -81.309033, 28.679146 ], [ -81.309099, 28.679256 ], [ -81.309125, 28.679309 ], [ -81.309153, 28.679365 ], [ -81.309162, 28.679383 ], [ -81.309189, 28.67944 ], [ -81.309199, 28.679459 ], [ -81.309275, 28.679577 ], [ -81.309388, 28.679754 ], [ -81.309478, 28.679723 ], [ -81.312396, 28.679472 ], [ -81.312597, 28.679454 ], [ -81.312644, 28.681408 ], [ -81.312684, 28.683368 ], [ -81.312459, 28.683374 ], [ -81.312459, 28.683492 ], [ -81.312458, 28.68363 ], [ -81.312456, 28.684052 ], [ -81.312482, 28.684995 ], [ -81.312478, 28.685046 ], [ -81.312049, 28.685103 ], [ -81.312233, 28.686218 ], [ -81.312321, 28.686198 ], [ -81.312504, 28.686155 ], [ -81.312531, 28.68615 ], [ -81.312974, 28.686123 ], [ -81.313068, 28.686137 ], [ -81.31308, 28.686139 ], [ -81.31323, 28.686194 ], [ -81.313247, 28.686198 ], [ -81.313305, 28.686212 ], [ -81.313411, 28.686238 ], [ -81.313483, 28.686229 ], [ -81.313544, 28.686222 ], [ -81.313592, 28.686216 ], [ -81.313653, 28.686217 ], [ -81.313732, 28.68622 ], [ -81.31378, 28.686222 ], [ -81.313916, 28.686227 ], [ -81.314305, 28.686334 ], [ -81.314378, 28.686354 ], [ -81.314437, 28.686363 ], [ -81.314488, 28.68637 ], [ -81.314588, 28.686386 ], [ -81.314642, 28.686393 ], [ -81.314671, 28.686398 ], [ -81.314694, 28.686392 ], [ -81.314739, 28.68638 ], [ -81.314759, 28.686376 ], [ -81.314789, 28.686363 ], [ -81.314751, 28.686448 ], [ -81.314735, 28.686486 ], [ -81.314677, 28.686621 ], [ -81.314619, 28.686796 ], [ -81.314588, 28.686972 ], [ -81.314584, 28.687152 ], [ -81.314589, 28.68724 ], [ -81.314599, 28.687326 ], [ -81.314654, 28.687679 ], [ -81.314747, 28.688246 ], [ -81.314813, 28.688704 ], [ -81.31491, 28.689372 ], [ -81.31493, 28.689449 ], [ -81.315022, 28.689641 ], [ -81.315231, 28.689906 ], [ -81.315324, 28.689968 ], [ -81.315535, 28.690056 ], [ -81.315762, 28.69011 ], [ -81.315992, 28.690148 ], [ -81.316234, 28.690194 ], [ -81.316331, 28.690212 ], [ -81.316436, 28.690251 ], [ -81.316532, 28.690297 ], [ -81.3167, 28.690409 ], [ -81.316825, 28.690552 ], [ -81.316913, 28.690717 ], [ -81.316946, 28.690805 ], [ -81.316974, 28.690894 ], [ -81.317025, 28.691075 ], [ -81.31713, 28.691524 ], [ -81.317202, 28.691902 ], [ -81.317245, 28.692146 ], [ -81.317297, 28.692514 ], [ -81.317345, 28.692883 ], [ -81.317376, 28.693133 ], [ -81.317397, 28.693299 ], [ -81.317423, 28.693509 ], [ -81.317469, 28.693879 ], [ -81.317521, 28.694346 ], [ -81.317576, 28.694793 ], [ -81.317627, 28.695261 ], [ -81.317643, 28.695484 ], [ -81.31767, 28.695701 ], [ -81.31772, 28.69601 ], [ -81.317747, 28.696204 ], [ -81.317752, 28.696299 ], [ -81.317755, 28.696389 ], [ -81.317754, 28.696473 ], [ -81.317745, 28.696554 ], [ -81.317732, 28.696631 ], [ -81.317719, 28.696703 ], [ -81.317706, 28.696773 ], [ -81.317686, 28.696876 ], [ -81.317681, 28.696906 ], [ -81.317669, 28.696965 ], [ -81.317653, 28.69707 ], [ -81.317649, 28.697117 ], [ -81.317646, 28.697201 ], [ -81.317645, 28.697258 ], [ -81.31765, 28.697334 ], [ -81.317654, 28.697385 ], [ -81.317665, 28.697524 ], [ -81.317673, 28.697657 ], [ -81.317682, 28.69774 ], [ -81.317711, 28.697808 ], [ -81.317831, 28.697947 ], [ -81.317886, 28.697947 ], [ -81.318135, 28.697947 ], [ -81.318179, 28.697947 ], [ -81.3182, 28.697665 ], [ -81.318202, 28.697645 ], [ -81.318217, 28.697454 ], [ -81.318404, 28.697364 ], [ -81.31904, 28.697375 ], [ -81.319126, 28.697377 ], [ -81.319384, 28.697383 ], [ -81.319471, 28.697386 ], [ -81.319527, 28.697914 ], [ -81.320188, 28.697915 ], [ -81.320615, 28.697917 ], [ -81.320808, 28.697917 ], [ -81.321387, 28.697918 ], [ -81.32158, 28.697919 ], [ -81.322084, 28.697917 ], [ -81.322353, 28.697916 ], [ -81.322464, 28.697915 ], [ -81.322674, 28.697915 ], [ -81.323596, 28.697915 ], [ -81.324101, 28.697914 ], [ -81.324121, 28.697913 ], [ -81.324185, 28.697913 ], [ -81.324206, 28.697913 ], [ -81.324246, 28.697912 ], [ -81.324322, 28.697911 ], [ -81.324671, 28.697909 ], [ -81.324788, 28.697908 ], [ -81.32498, 28.697908 ], [ -81.325556, 28.697908 ], [ -81.325749, 28.697908 ], [ -81.325735, 28.698058 ], [ -81.325576, 28.699884 ], [ -81.325551, 28.700162 ], [ -81.325545, 28.700231 ], [ -81.325525, 28.700461 ], [ -81.325519, 28.700534 ], [ -81.325485, 28.700926 ], [ -81.325437, 28.701474 ], [ -81.325423, 28.701651 ], [ -81.325381, 28.702182 ], [ -81.325368, 28.70236 ], [ -81.325363, 28.702422 ], [ -81.325361, 28.702448 ], [ -81.326058, 28.702373 ], [ -81.3261, 28.702044 ], [ -81.326741, 28.701976 ], [ -81.326854, 28.701971 ], [ -81.326848, 28.702161 ] ] ] ] } },
{ "type": "Feature", "properties": { "ZCTA5CE20": "32701", "GEOID20": "32701", "GEOIDFQ20": "860Z200US32701", "CLASSFP20": "B5", "MTFCC20": "G6350", "FUNCSTAT20": "S", "ALAND20": 14591009, "AWATER20": 1587286, "INTPTLAT20": "+28.6656239", "INTPTLON20": "-081.3703557" }, "geometry": { "type": "MultiPolygon", "coordinates": [ [ [ [ -81.388809, 28.68366 ], [ -81.388681, 28.683661 ], [ -81.38856, 28.683662 ], [ -81.388297, 28.683664 ], [ -81.388169, 28.683665 ], [ -81.387964, 28.68366 ], [ -81.387349, 28.683647 ], [ -81.387145, 28.683643 ], [ -81.387101, 28.683641 ], [ -81.38697, 28.683638 ], [ -81.386927, 28.683637 ], [ -81.386762, 28.683641 ], [ -81.386267, 28.683654 ], [ -81.386103, 28.683659 ], [ -81.385787, 28.683653 ], [ -81.38484, 28.683636 ], [ -81.384525, 28.683631 ], [ -81.384295, 28.683635 ], [ -81.383606, 28.683648 ], [ -81.383377, 28.683653 ], [ -81.383103, 28.683654 ], [ -81.382283, 28.683661 ], [ -81.38201, 28.683663 ], [ -81.381536, 28.683663 ], [ -81.380116, 28.683666 ], [ -81.379643, 28.683667 ], [ -81.379591, 28.683667 ], [ -81.379435, 28.683667 ], [ -81.379383, 28.683667 ], [ -81.379079, 28.683672 ], [ -81.37817, 28.683688 ], [ -81.377867, 28.683694 ], [ -81.377729, 28.683694 ], [ -81.377318, 28.683694 ], [ -81.377181, 28.683694 ], [ -81.377057, 28.683688 ], [ -81.376686, 28.683671 ], [ -81.376563, 28.683666 ], [ -81.376009, 28.683675 ], [ -81.375054, 28.683692 ], [ -81.375004, 28.683692 ], [ -81.374347, 28.683683 ], [ -81.373793, 28.683676 ], [ -81.373382, 28.683683 ], [ -81.37215, 28.683708 ], [ -81.37174, 28.683716 ], [ -81.371531, 28.683715 ], [ -81.370906, 28.683712 ], [ -81.370698, 28.683711 ], [ -81.370495, 28.683712 ], [ -81.369889, 28.683719 ], [ -81.369687, 28.683722 ], [ -81.369489, 28.683722 ], [ -81.368898, 28.683726 ], [ -81.368701, 28.683728 ], [ -81.36853, 28.683728 ], [ -81.368017, 28.683728 ], [ -81.367847, 28.683729 ], [ -81.367613, 28.683729 ], [ -81.367132, 28.683729 ], [ -81.366913, 28.683729 ], [ -81.36668, 28.683729 ], [ -81.366522, 28.683729 ], [ -81.366051, 28.683729 ], [ -81.365894, 28.683729 ], [ -81.365842, 28.683729 ], [ -81.365689, 28.683733 ], [ -81.365638, 28.683735 ], [ -81.365426, 28.683737 ], [ -81.364794, 28.683743 ], [ -81.364583, 28.683746 ], [ -81.364473, 28.683746 ], [ -81.364143, 28.68375 ], [ -81.364034, 28.683752 ], [ -81.363645, 28.683756 ], [ -81.362482, 28.68377 ], [ -81.362094, 28.683775 ], [ -81.362092, 28.683626 ], [ -81.362088, 28.68318 ], [ -81.362087, 28.683032 ], [ -81.361841, 28.683033 ], [ -81.361103, 28.683036 ], [ -81.360858, 28.683038 ], [ -81.360658, 28.683038 ], [ -81.360058, 28.683038 ], [ -81.359859, 28.683038 ], [ -81.358723, 28.683048 ], [ -81.358012, 28.683105 ], [ -81.357892, 28.683096 ], [ -81.357401, 28.683061 ], [ -81.357002, 28.683072 ], [ -81.356762, 28.683081 ], [ -81.3544, 28.683167 ], [ -81.35425, 28.683172 ], [ -81.352902, 28.683156 ], [ -81.352742, 28.683153 ], [ -81.352263, 28.683147 ], [ -81.352104, 28.683145 ], [ -81.35191, 28.683142 ], [ -81.351329, 28.683136 ], [ -81.351136, 28.683135 ], [ -81.350836, 28.68313 ], [ -81.350756, 28.683129 ], [ -81.350066, 28.683132 ], [ -81.349937, 28.683133 ], [ -81.34972, 28.683135 ], [ -81.349638, 28.683137 ], [ -81.349541, 28.682165 ], [ -81.349534, 28.682109 ], [ -81.349441, 28.681267 ], [ -81.349339, 28.680299 ], [ -81.349211, 28.67903 ], [ -81.349173, 28.678652 ], [ -81.349131, 28.678001 ], [ -81.349129, 28.67794 ], [ -81.349123, 28.677759 ], [ -81.349121, 28.677699 ], [ -81.349123, 28.677509 ], [ -81.349124, 28.677483 ], [ -81.349125, 28.677414 ], [ -81.349126, 28.6774 ], [ -81.349134, 28.67721 ], [ -81.349138, 28.677142 ], [ -81.349163, 28.676884 ], [ -81.349187, 28.676644 ], [ -81.349266, 28.676113 ], [ -81.349279, 28.676035 ], [ -81.349305, 28.675857 ], [ -81.349079, 28.675858 ], [ -81.348401, 28.675865 ], [ -81.348176, 28.675867 ], [ -81.347731, 28.67587 ], [ -81.346399, 28.67588 ], [ -81.345955, 28.675884 ], [ -81.34593, 28.67574 ], [ -81.34588, 28.675449 ], [ -81.345873, 28.675308 ], [ -81.345867, 28.675163 ], [ -81.34588, 28.674827 ], [ -81.345879, 28.674816 ], [ -81.345864, 28.674203 ], [ -81.345862, 28.674123 ], [ -81.345855, 28.673776 ], [ -81.345848, 28.67343 ], [ -81.345846, 28.673339 ], [ -81.34584, 28.673069 ], [ -81.345838, 28.67298 ], [ -81.345837, 28.672941 ], [ -81.345834, 28.672825 ], [ -81.345834, 28.672787 ], [ -81.345831, 28.672682 ], [ -81.345825, 28.672358 ], [ -81.345823, 28.672263 ], [ -81.345822, 28.67225 ], [ -81.345822, 28.672211 ], [ -81.345822, 28.672199 ], [ -81.345821, 28.67212 ], [ -81.345819, 28.671886 ], [ -81.345819, 28.671808 ], [ -81.345818, 28.671728 ], [ -81.345816, 28.671489 ], [ -81.345816, 28.67141 ], [ -81.345814, 28.671228 ], [ -81.345811, 28.670683 ], [ -81.34581, 28.670502 ], [ -81.345809, 28.670467 ], [ -81.345809, 28.670362 ], [ -81.345809, 28.670327 ], [ -81.345807, 28.670109 ], [ -81.345803, 28.669511 ], [ -81.345797, 28.668756 ], [ -81.345797, 28.668678 ], [ -81.345797, 28.668654 ], [ -81.345794, 28.668468 ], [ -81.345786, 28.66791 ], [ -81.345784, 28.667724 ], [ -81.34578, 28.667538 ], [ -81.345768, 28.66698 ], [ -81.345765, 28.666794 ], [ -81.345762, 28.666623 ], [ -81.345754, 28.666111 ], [ -81.345752, 28.665941 ], [ -81.345739, 28.665759 ], [ -81.345701, 28.665214 ], [ -81.345689, 28.665033 ], [ -81.345685, 28.66494 ], [ -81.345674, 28.664663 ], [ -81.345671, 28.664571 ], [ -81.345649, 28.66421 ], [ -81.345646, 28.664158 ], [ -81.345624, 28.663751 ], [ -81.3456, 28.663301 ], [ -81.345595, 28.663201 ], [ -81.345519, 28.663171 ], [ -81.345291, 28.663081 ], [ -81.345248, 28.663065 ], [ -81.345215, 28.663052 ], [ -81.345183, 28.663038 ], [ -81.345088, 28.662998 ], [ -81.345057, 28.662985 ], [ -81.34502, 28.662969 ], [ -81.344971, 28.662948 ], [ -81.344912, 28.662916 ], [ -81.344877, 28.662897 ], [ -81.344788, 28.662848 ], [ -81.344709, 28.662805 ], [ -81.344642, 28.662758 ], [ -81.344536, 28.662682 ], [ -81.344455, 28.662624 ], [ -81.344422, 28.662601 ], [ -81.344294, 28.66249 ], [ -81.344142, 28.662358 ], [ -81.344196, 28.662257 ], [ -81.344295, 28.662073 ], [ -81.344351, 28.66197 ], [ -81.344605, 28.66144 ], [ -81.345071, 28.661438 ], [ -81.345344, 28.661433 ], [ -81.345594, 28.661427 ], [ -81.345601, 28.66169 ], [ -81.345615, 28.66222 ], [ -81.345616, 28.662282 ], [ -81.345724, 28.662281 ], [ -81.346509, 28.662279 ], [ -81.346509, 28.662362 ], [ -81.346511, 28.663164 ], [ -81.346513, 28.663225 ], [ -81.346515, 28.663253 ], [ -81.346651, 28.663256 ], [ -81.346933, 28.663261 ], [ -81.347122, 28.663259 ], [ -81.347122, 28.663231 ], [ -81.347125, 28.662574 ], [ -81.347119, 28.662429 ], [ -81.347743, 28.662427 ], [ -81.347744, 28.662574 ], [ -81.348462, 28.662574 ], [ -81.348745, 28.662574 ], [ -81.348748, 28.662677 ], [ -81.348749, 28.662709 ], [ -81.348755, 28.662918 ], [ -81.348757, 28.662989 ], [ -81.348759, 28.66305 ], [ -81.34876, 28.663093 ], [ -81.348758, 28.663124 ], [ -81.348753, 28.663219 ], [ -81.348752, 28.663251 ], [ -81.348905, 28.663249 ], [ -81.34893, 28.663249 ], [ -81.348996, 28.663249 ], [ -81.348991, 28.662569 ], [ -81.348991, 28.662424 ], [ -81.349405, 28.662423 ], [ -81.349705, 28.662423 ], [ -81.349704, 28.662346 ], [ -81.3496, 28.662347 ], [ -81.3496, 28.662285 ], [ -81.349599, 28.661926 ], [ -81.349591, 28.661501 ], [ -81.349588, 28.661383 ], [ -81.349565, 28.660518 ], [ -81.349464, 28.660471 ], [ -81.349344, 28.660405 ], [ -81.349132, 28.660064 ], [ -81.349101, 28.659997 ], [ -81.348913, 28.659596 ], [ -81.348514, 28.658936 ], [ -81.348258, 28.658573 ], [ -81.348123, 28.658454 ], [ -81.348027, 28.658369 ], [ -81.347546, 28.65832 ], [ -81.347353, 28.658259 ], [ -81.346866, 28.658045 ], [ -81.346746, 28.657988 ], [ -81.346367, 28.657808 ], [ -81.346168, 28.657786 ], [ -81.346093, 28.657704 ], [ -81.346049, 28.657594 ], [ -81.346061, 28.657478 ], [ -81.346099, 28.657385 ], [ -81.346317, 28.65723 ], [ -81.34646, 28.656917 ], [ -81.346697, 28.656702 ], [ -81.347243, 28.656452 ], [ -81.347409, 28.656377 ], [ -81.347901, 28.656388 ], [ -81.34809, 28.656424 ], [ -81.348675, 28.656537 ], [ -81.349168, 28.656735 ], [ -81.349972, 28.656624 ], [ -81.350213, 28.656569 ], [ -81.350758, 28.656448 ], [ -81.351002, 28.656552 ], [ -81.351208, 28.65642 ], [ -81.35137, 28.656338 ], [ -81.351332, 28.656189 ], [ -81.35132, 28.65603 ], [ -81.351669, 28.655622 ], [ -81.351712, 28.655375 ], [ -81.352137, 28.654978 ], [ -81.353091, 28.654538 ], [ -81.353141, 28.654527 ], [ -81.353197, 28.654587 ], [ -81.353265, 28.654576 ], [ -81.353502, 28.654499 ], [ -81.353496, 28.6544 ], [ -81.354201, 28.65424 ], [ -81.354282, 28.654257 ], [ -81.354338, 28.65429 ], [ -81.354401, 28.654361 ], [ -81.355461, 28.654324 ], [ -81.355505, 28.654323 ], [ -81.356085, 28.654311 ], [ -81.356447, 28.654196 ], [ -81.356743, 28.654335 ], [ -81.356784, 28.654355 ], [ -81.356853, 28.654468 ], [ -81.356849, 28.653878 ], [ -81.357276, 28.653874 ], [ -81.35763, 28.653869 ], [ -81.357629, 28.653663 ], [ -81.357627, 28.653401 ], [ -81.357606, 28.650664 ], [ -81.357602, 28.650265 ], [ -81.357251, 28.650266 ], [ -81.357248, 28.650041 ], [ -81.357253, 28.64995 ], [ -81.357226, 28.648521 ], [ -81.357418, 28.648518 ], [ -81.357504, 28.648518 ], [ -81.357533, 28.648517 ], [ -81.357535, 28.647871 ], [ -81.357535, 28.647431 ], [ -81.357553, 28.645133 ], [ -81.357698, 28.645215 ], [ -81.357729, 28.645227 ], [ -81.357892, 28.645321 ], [ -81.35814, 28.645466 ], [ -81.358377, 28.645603 ], [ -81.358522, 28.645686 ], [ -81.358765, 28.645822 ], [ -81.358963, 28.645913 ], [ -81.359094, 28.645965 ], [ -81.359359, 28.646049 ], [ -81.359598, 28.646104 ], [ -81.359897, 28.646144 ], [ -81.360246, 28.646159 ], [ -81.360488, 28.646149 ], [ -81.360679, 28.646124 ], [ -81.360803, 28.646106 ], [ -81.361043, 28.646053 ], [ -81.361211, 28.646009 ], [ -81.361286, 28.645984 ], [ -81.361383, 28.64595 ], [ -81.361671, 28.645813 ], [ -81.36195, 28.645648 ], [ -81.362189, 28.645499 ], [ -81.362213, 28.64549 ], [ -81.362482, 28.645403 ], [ -81.362511, 28.645394 ], [ -81.362697, 28.645378 ], [ -81.362975, 28.645352 ], [ -81.363258, 28.645326 ], [ -81.363338, 28.645319 ], [ -81.363635, 28.64529 ], [ -81.363569, 28.644725 ], [ -81.363806, 28.644694 ], [ -81.364046, 28.644663 ], [ -81.364321, 28.644642 ], [ -81.364797, 28.644607 ], [ -81.365147, 28.644583 ], [ -81.365423, 28.644563 ], [ -81.365481, 28.644558 ], [ -81.36563, 28.644547 ], [ -81.365659, 28.644545 ], [ -81.365718, 28.644541 ], [ -81.365721, 28.644428 ], [ -81.365732, 28.644092 ], [ -81.365736, 28.64398 ], [ -81.366202, 28.643974 ], [ -81.366441, 28.643971 ], [ -81.366807, 28.643966 ], [ -81.368281, 28.643946 ], [ -81.368465, 28.643936 ], [ -81.369019, 28.643909 ], [ -81.369204, 28.643901 ], [ -81.369317, 28.643901 ], [ -81.369658, 28.643901 ], [ -81.369772, 28.643901 ], [ -81.369854, 28.643899 ], [ -81.369925, 28.643898 ], [ -81.3701, 28.643896 ], [ -81.370144, 28.643895 ], [ -81.370183, 28.643895 ], [ -81.370336, 28.643895 ], [ -81.370391, 28.643895 ], [ -81.370807, 28.643895 ], [ -81.371016, 28.643895 ], [ -81.371225, 28.643895 ], [ -81.371274, 28.643893 ], [ -81.371425, 28.643889 ], [ -81.371475, 28.643888 ], [ -81.371608, 28.643885 ], [ -81.371629, 28.643884 ], [ -81.371755, 28.64388 ], [ -81.372597, 28.643857 ], [ -81.372878, 28.64385 ], [ -81.372991, 28.643847 ], [ -81.373331, 28.643841 ], [ -81.373445, 28.643839 ], [ -81.373631, 28.643843 ], [ -81.374189, 28.643856 ], [ -81.374375, 28.643861 ], [ -81.374537, 28.643859 ], [ -81.375005, 28.643855 ], [ -81.375025, 28.643855 ], [ -81.375052, 28.643857 ], [ -81.375188, 28.643861 ], [ -81.375329, 28.643856 ], [ -81.375755, 28.643841 ], [ -81.375897, 28.643837 ], [ -81.375983, 28.643833 ], [ -81.376243, 28.643825 ], [ -81.37633, 28.643823 ], [ -81.37649, 28.643819 ], [ -81.376974, 28.64381 ], [ -81.377135, 28.643807 ], [ -81.377288, 28.643805 ], [ -81.377748, 28.643803 ], [ -81.377902, 28.643802 ], [ -81.378069, 28.643791 ], [ -81.378969, 28.643788 ], [ -81.379897, 28.643786 ], [ -81.380084, 28.643785 ], [ -81.380659, 28.643783 ], [ -81.380695, 28.643783 ], [ -81.380923, 28.643783 ], [ -81.382084, 28.64378 ], [ -81.382084, 28.644417 ], [ -81.382088, 28.645605 ], [ -81.382091, 28.646323 ], [ -81.382094, 28.646787 ], [ -81.382114, 28.647197 ], [ -81.382121, 28.647292 ], [ -81.382297, 28.647287 ], [ -81.382979, 28.647286 ], [ -81.384728, 28.647281 ], [ -81.385759, 28.647293 ], [ -81.386085, 28.647279 ], [ -81.386384, 28.647278 ], [ -81.387279, 28.647276 ], [ -81.388002, 28.647275 ], [ -81.387961, 28.646806 ], [ -81.387876, 28.645822 ], [ -81.387841, 28.645419 ], [ -81.387805, 28.644998 ], [ -81.387782, 28.644741 ], [ -81.387769, 28.644585 ], [ -81.387733, 28.644172 ], [ -81.387711, 28.643916 ], [ -81.387695, 28.643734 ], [ -81.387585, 28.642457 ], [ -81.387457, 28.640978 ], [ -81.387452, 28.640664 ], [ -81.387439, 28.640449 ], [ -81.387409, 28.640242 ], [ -81.387762, 28.640234 ], [ -81.387873, 28.640232 ], [ -81.387913, 28.64023 ], [ -81.387981, 28.640229 ], [ -81.388064, 28.641049 ], [ -81.388064, 28.641115 ], [ -81.388164, 28.642341 ], [ -81.388484, 28.646217 ], [ -81.388554, 28.647058 ], [ -81.38856, 28.647245 ], [ -81.388561, 28.647277 ], [ -81.388568, 28.647511 ], [ -81.388599, 28.648537 ], [ -81.388615, 28.649039 ], [ -81.388627, 28.650603 ], [ -81.388635, 28.651601 ], [ -81.388635, 28.651618 ], [ -81.388644, 28.652646 ], [ -81.388645, 28.652742 ], [ -81.388651, 28.653512 ], [ -81.388659, 28.654561 ], [ -81.388672, 28.65611 ], [ -81.388679, 28.656935 ], [ -81.388679, 28.656976 ], [ -81.388679, 28.656994 ], [ -81.388679, 28.657051 ], [ -81.388679, 28.65707 ], [ -81.38867, 28.657088 ], [ -81.388679, 28.657129 ], [ -81.38868, 28.657144 ], [ -81.388681, 28.657474 ], [ -81.388684, 28.658464 ], [ -81.388686, 28.658794 ], [ -81.388687, 28.659252 ], [ -81.388693, 28.660626 ], [ -81.388695, 28.661084 ], [ -81.388695, 28.661261 ], [ -81.388697, 28.66176 ], [ -81.388695, 28.661792 ], [ -81.388694, 28.661812 ], [ -81.38869, 28.66197 ], [ -81.388687, 28.662044 ], [ -81.388684, 28.662129 ], [ -81.388686, 28.662491 ], [ -81.388687, 28.662622 ], [ -81.388688, 28.662843 ], [ -81.388692, 28.663506 ], [ -81.388694, 28.663728 ], [ -81.388695, 28.663959 ], [ -81.388701, 28.664886 ], [ -81.388716, 28.666457 ], [ -81.388764, 28.671172 ], [ -81.388779, 28.672606 ], [ -81.38876, 28.672743 ], [ -81.38876, 28.672772 ], [ -81.38876, 28.672862 ], [ -81.38876, 28.672892 ], [ -81.38876, 28.672929 ], [ -81.38876, 28.673044 ], [ -81.388761, 28.673082 ], [ -81.388761, 28.673195 ], [ -81.388761, 28.673216 ], [ -81.388762, 28.673368 ], [ -81.388763, 28.673536 ], [ -81.388764, 28.67365 ], [ -81.388764, 28.673831 ], [ -81.388767, 28.674374 ], [ -81.388769, 28.674555 ], [ -81.38877, 28.674735 ], [ -81.388773, 28.675277 ], [ -81.388774, 28.675458 ], [ -81.388774, 28.675633 ], [ -81.388777, 28.676159 ], [ -81.388779, 28.676335 ], [ -81.388782, 28.677042 ], [ -81.388783, 28.677101 ], [ -81.388791, 28.679165 ], [ -81.388794, 28.679873 ], [ -81.388794, 28.679906 ], [ -81.388794, 28.680005 ], [ -81.388795, 28.680039 ], [ -81.388795, 28.680205 ], [ -81.388797, 28.680703 ], [ -81.388798, 28.680869 ], [ -81.388798, 28.681065 ], [ -81.388799, 28.68141 ], [ -81.388801, 28.681655 ], [ -81.388802, 28.681852 ], [ -81.388803, 28.682213 ], [ -81.388807, 28.683298 ], [ -81.388809, 28.68366 ] ] ] ] } },
{ "type": "Feature", "properties": { "ZCTA5CE20": "34761", "GEOID20": "34761", "GEOIDFQ20": "860Z200US34761", "CLASSFP20": "B5", "MTFCC20": "G6350", "FUNCSTAT20": "S", "ALAND20": 45208082, "AWATER20": 3434413, "INTPTLAT20": "+28.5785766", "INTPTLON20": "-081.5341159" }, "geometry": { "type": "MultiPolygon", "coordinates": [ [ [ [ -81.574053, 28.597553 ], [ -81.573748, 28.597817 ], [ -81.573208, 28.598088 ], [ -81.573032, 28.598023 ], [ -81.57296, 28.598006 ], [ -81.572923, 28.598001 ], [ -81.57291, 28.597999 ], [ -81.572898, 28.597997 ], [ -81.572886, 28.597996 ], [ -81.572873, 28.597994 ], [ -81.572861, 28.597993 ], [ -81.572848, 28.597993 ], [ -81.572823, 28.597993 ], [ -81.572798, 28.597992 ], [ -81.572773, 28.597993 ], [ -81.572749, 28.597995 ], [ -81.572725, 28.598004 ], [ -81.572717, 28.598012 ], [ -81.57271, 28.598028 ], [ -81.572713, 28.598044 ], [ -81.57272, 28.598053 ], [ -81.572739, 28.598067 ], [ -81.572752, 28.598075 ], [ -81.57277, 28.598085 ], [ -81.572781, 28.598091 ], [ -81.572791, 28.598097 ], [ -81.572813, 28.598109 ], [ -81.572834, 28.59812 ], [ -81.572845, 28.598125 ], [ -81.572856, 28.59813 ], [ -81.572868, 28.598134 ], [ -81.57288, 28.598136 ], [ -81.572892, 28.598138 ], [ -81.572905, 28.598139 ], [ -81.572917, 28.59814 ], [ -81.57293, 28.598142 ], [ -81.572938, 28.598149 ], [ -81.572938, 28.598159 ], [ -81.572933, 28.59817 ], [ -81.572926, 28.598179 ], [ -81.572919, 28.598188 ], [ -81.572911, 28.598197 ], [ -81.572904, 28.598206 ], [ -81.572897, 28.598215 ], [ -81.57289, 28.598224 ], [ -81.572885, 28.598233 ], [ -81.572884, 28.598245 ], [ -81.572896, 28.598249 ], [ -81.572912, 28.598248 ], [ -81.572868, 28.598276 ], [ -81.57265, 28.598412 ], [ -81.572406, 28.59875 ], [ -81.572396, 28.598761 ], [ -81.572387, 28.598769 ], [ -81.572379, 28.598777 ], [ -81.572369, 28.598784 ], [ -81.572358, 28.598789 ], [ -81.572346, 28.59879 ], [ -81.572333, 28.598791 ], [ -81.572321, 28.598794 ], [ -81.572309, 28.598796 ], [ -81.572297, 28.598799 ], [ -81.572285, 28.598802 ], [ -81.572273, 28.598805 ], [ -81.572261, 28.598808 ], [ -81.572249, 28.59881 ], [ -81.572237, 28.598813 ], [ -81.572224, 28.598816 ], [ -81.572212, 28.598818 ], [ -81.5722, 28.59882 ], [ -81.572188, 28.598822 ], [ -81.572175, 28.598823 ], [ -81.572163, 28.598825 ], [ -81.572151, 28.598827 ], [ -81.572139, 28.598829 ], [ -81.572126, 28.598831 ], [ -81.572114, 28.598833 ], [ -81.572102, 28.598835 ], [ -81.57209, 28.598838 ], [ -81.572077, 28.59884 ], [ -81.572065, 28.598842 ], [ -81.572053, 28.598845 ], [ -81.572041, 28.598848 ], [ -81.572029, 28.598851 ], [ -81.572017, 28.598854 ], [ -81.572006, 28.598858 ], [ -81.571994, 28.598862 ], [ -81.571982, 28.598866 ], [ -81.57197, 28.598869 ], [ -81.571959, 28.598873 ], [ -81.571947, 28.598877 ], [ -81.571935, 28.59888 ], [ -81.571923, 28.598883 ], [ -81.571911, 28.598885 ], [ -81.571898, 28.598887 ], [ -81.571886, 28.59889 ], [ -81.571874, 28.598893 ], [ -81.571863, 28.598896 ], [ -81.571851, 28.5989 ], [ -81.571839, 28.598903 ], [ -81.571827, 28.598906 ], [ -81.571815, 28.598909 ], [ -81.571803, 28.598912 ], [ -81.571778, 28.598914 ], [ -81.571703, 28.598914 ], [ -81.571678, 28.598915 ], [ -81.571666, 28.598916 ], [ -81.571654, 28.598917 ], [ -81.571641, 28.598919 ], [ -81.571629, 28.598922 ], [ -81.571617, 28.598924 ], [ -81.571605, 28.598927 ], [ -81.571593, 28.59893 ], [ -81.571581, 28.598934 ], [ -81.571572, 28.598941 ], [ -81.571565, 28.59895 ], [ -81.571558, 28.598959 ], [ -81.571545, 28.598978 ], [ -81.571536, 28.598999 ], [ -81.571528, 28.59902 ], [ -81.571526, 28.59903 ], [ -81.571526, 28.599042 ], [ -81.571528, 28.599053 ], [ -81.571533, 28.599063 ], [ -81.571545, 28.599065 ], [ -81.571558, 28.599065 ], [ -81.57157, 28.599065 ], [ -81.571595, 28.599061 ], [ -81.571619, 28.599056 ], [ -81.571643, 28.599049 ], [ -81.571655, 28.599047 ], [ -81.571668, 28.599046 ], [ -81.57173, 28.599044 ], [ -81.571805, 28.599043 ], [ -81.571867, 28.599044 ], [ -81.571917, 28.599045 ], [ -81.571929, 28.599045 ], [ -81.571942, 28.599045 ], [ -81.571954, 28.599046 ], [ -81.571966, 28.59905 ], [ -81.571978, 28.599055 ], [ -81.571985, 28.599064 ], [ -81.57199, 28.599074 ], [ -81.571995, 28.599084 ], [ -81.571998, 28.599095 ], [ -81.572, 28.599104 ], [ -81.571998, 28.599123 ], [ -81.571941, 28.599262 ], [ -81.571935, 28.599277 ], [ -81.571925, 28.599291 ], [ -81.571921, 28.599301 ], [ -81.571916, 28.599311 ], [ -81.571909, 28.59932 ], [ -81.571901, 28.599329 ], [ -81.571892, 28.599337 ], [ -81.571882, 28.599344 ], [ -81.571872, 28.599349 ], [ -81.571862, 28.599356 ], [ -81.571852, 28.599363 ], [ -81.571843, 28.599371 ], [ -81.571835, 28.599379 ], [ -81.571826, 28.599387 ], [ -81.571819, 28.599396 ], [ -81.571811, 28.599405 ], [ -81.571805, 28.599414 ], [ -81.571798, 28.599423 ], [ -81.571793, 28.599433 ], [ -81.571789, 28.599443 ], [ -81.571786, 28.599453 ], [ -81.571782, 28.599463 ], [ -81.571778, 28.599475 ], [ -81.571774, 28.599486 ], [ -81.57177, 28.599496 ], [ -81.571764, 28.599506 ], [ -81.571758, 28.599515 ], [ -81.571751, 28.599525 ], [ -81.571744, 28.599533 ], [ -81.571736, 28.599542 ], [ -81.571727, 28.59955 ], [ -81.571719, 28.599558 ], [ -81.57171, 28.599566 ], [ -81.571702, 28.599574 ], [ -81.571693, 28.599582 ], [ -81.571683, 28.599589 ], [ -81.571674, 28.599596 ], [ -81.571664, 28.599603 ], [ -81.571654, 28.599609 ], [ -81.571644, 28.599616 ], [ -81.571634, 28.599622 ], [ -81.571624, 28.599629 ], [ -81.571614, 28.599636 ], [ -81.571605, 28.599643 ], [ -81.571595, 28.59965 ], [ -81.571586, 28.599657 ], [ -81.571576, 28.599664 ], [ -81.571567, 28.599672 ], [ -81.571558, 28.599679 ], [ -81.571548, 28.599687 ], [ -81.57154, 28.599694 ], [ -81.571531, 28.599702 ], [ -81.571523, 28.599711 ], [ -81.571515, 28.599719 ], [ -81.571508, 28.599728 ], [ -81.5715, 28.599737 ], [ -81.571493, 28.599746 ], [ -81.571486, 28.599755 ], [ -81.571479, 28.599764 ], [ -81.571472, 28.599773 ], [ -81.571465, 28.599782 ], [ -81.571458, 28.599791 ], [ -81.57145, 28.5998 ], [ -81.571442, 28.599808 ], [ -81.571433, 28.599816 ], [ -81.571423, 28.599823 ], [ -81.571413, 28.599829 ], [ -81.571401, 28.599833 ], [ -81.571389, 28.599837 ], [ -81.571377, 28.59984 ], [ -81.571364, 28.599842 ], [ -81.571354, 28.599847 ], [ -81.571346, 28.599855 ], [ -81.571339, 28.599864 ], [ -81.571333, 28.599874 ], [ -81.571327, 28.599884 ], [ -81.571321, 28.599894 ], [ -81.571315, 28.599904 ], [ -81.571309, 28.599913 ], [ -81.571303, 28.599923 ], [ -81.571297, 28.599933 ], [ -81.571292, 28.599943 ], [ -81.571286, 28.599953 ], [ -81.571281, 28.599963 ], [ -81.571277, 28.599973 ], [ -81.571272, 28.599983 ], [ -81.571268, 28.599993 ], [ -81.571265, 28.600004 ], [ -81.571262, 28.600015 ], [ -81.57126, 28.600026 ], [ -81.57126, 28.600037 ], [ -81.571259, 28.600048 ], [ -81.571257, 28.600057 ], [ -81.571251, 28.600069 ], [ -81.571243, 28.600077 ], [ -81.571234, 28.600084 ], [ -81.571225, 28.600092 ], [ -81.571215, 28.600099 ], [ -81.571206, 28.600106 ], [ -81.571198, 28.600114 ], [ -81.571191, 28.600124 ], [ -81.571186, 28.600134 ], [ -81.57118, 28.600143 ], [ -81.571173, 28.600152 ], [ -81.571165, 28.600161 ], [ -81.571157, 28.60017 ], [ -81.571149, 28.600178 ], [ -81.571141, 28.600186 ], [ -81.571132, 28.600194 ], [ -81.571123, 28.600202 ], [ -81.571115, 28.60021 ], [ -81.571105, 28.600217 ], [ -81.571096, 28.600224 ], [ -81.571086, 28.600231 ], [ -81.571075, 28.600237 ], [ -81.571064, 28.600242 ], [ -81.571052, 28.600245 ], [ -81.57104, 28.600247 ], [ -81.571028, 28.60025 ], [ -81.571016, 28.600252 ], [ -81.571003, 28.600254 ], [ -81.570991, 28.600256 ], [ -81.570979, 28.600258 ], [ -81.570966, 28.600259 ], [ -81.570954, 28.600261 ], [ -81.570942, 28.600263 ], [ -81.57093, 28.600266 ], [ -81.570917, 28.600268 ], [ -81.570905, 28.60027 ], [ -81.570893, 28.600273 ], [ -81.570881, 28.600276 ], [ -81.570869, 28.600279 ], [ -81.570857, 28.600283 ], [ -81.570846, 28.600286 ], [ -81.570834, 28.60029 ], [ -81.570823, 28.600294 ], [ -81.570811, 28.600299 ], [ -81.5708, 28.600305 ], [ -81.57079, 28.60031 ], [ -81.570779, 28.600316 ], [ -81.570768, 28.600322 ], [ -81.570758, 28.600328 ], [ -81.570749, 28.600336 ], [ -81.570742, 28.600345 ], [ -81.570738, 28.600354 ], [ -81.570735, 28.600366 ], [ -81.570737, 28.600377 ], [ -81.570742, 28.600387 ], [ -81.570748, 28.600397 ], [ -81.570753, 28.600407 ], [ -81.570755, 28.600418 ], [ -81.570757, 28.600429 ], [ -81.570757, 28.60044 ], [ -81.570757, 28.600451 ], [ -81.570756, 28.600462 ], [ -81.570755, 28.600484 ], [ -81.570754, 28.600495 ], [ -81.57075, 28.600506 ], [ -81.570745, 28.600515 ], [ -81.570738, 28.600525 ], [ -81.570729, 28.600532 ], [ -81.570718, 28.600537 ], [ -81.570706, 28.60054 ], [ -81.570694, 28.600543 ], [ -81.570682, 28.600547 ], [ -81.57067, 28.600551 ], [ -81.570659, 28.600556 ], [ -81.570649, 28.600562 ], [ -81.570638, 28.600568 ], [ -81.570628, 28.600575 ], [ -81.570619, 28.600582 ], [ -81.570611, 28.600591 ], [ -81.570604, 28.6006 ], [ -81.570597, 28.600609 ], [ -81.570591, 28.600618 ], [ -81.570584, 28.600627 ], [ -81.570577, 28.600637 ], [ -81.57057, 28.600646 ], [ -81.570563, 28.600655 ], [ -81.570555, 28.600664 ], [ -81.570548, 28.600672 ], [ -81.57054, 28.600681 ], [ -81.570533, 28.60069 ], [ -81.570526, 28.600699 ], [ -81.570519, 28.600708 ], [ -81.570512, 28.600717 ], [ -81.570506, 28.600727 ], [ -81.570499, 28.600736 ], [ -81.570492, 28.600745 ], [ -81.570485, 28.600754 ], [ -81.570476, 28.600762 ], [ -81.570466, 28.600769 ], [ -81.570455, 28.600775 ], [ -81.570445, 28.60078 ], [ -81.570434, 28.600786 ], [ -81.570423, 28.60079 ], [ -81.570411, 28.600793 ], [ -81.570398, 28.600795 ], [ -81.570386, 28.600799 ], [ -81.570375, 28.600803 ], [ -81.570364, 28.600808 ], [ -81.570353, 28.600814 ], [ -81.570343, 28.60082 ], [ -81.570333, 28.600827 ], [ -81.570324, 28.600835 ], [ -81.570315, 28.600842 ], [ -81.570306, 28.60085 ], [ -81.570297, 28.600858 ], [ -81.570289, 28.600866 ], [ -81.57028, 28.600873 ], [ -81.570271, 28.600881 ], [ -81.570262, 28.600888 ], [ -81.570252, 28.600896 ], [ -81.570243, 28.600903 ], [ -81.570233, 28.60091 ], [ -81.570223, 28.600917 ], [ -81.570213, 28.600923 ], [ -81.570203, 28.60093 ], [ -81.570193, 28.600937 ], [ -81.570184, 28.600944 ], [ -81.570175, 28.600952 ], [ -81.570166, 28.600959 ], [ -81.570158, 28.600967 ], [ -81.570155, 28.600978 ], [ -81.570153, 28.600989 ], [ -81.570152, 28.601 ], [ -81.570151, 28.601011 ], [ -81.57015, 28.601022 ], [ -81.570147, 28.601033 ], [ -81.570145, 28.601044 ], [ -81.570142, 28.601054 ], [ -81.570139, 28.601063 ], [ -81.570135, 28.601076 ], [ -81.570131, 28.601086 ], [ -81.570127, 28.601097 ], [ -81.570122, 28.601106 ], [ -81.570115, 28.601116 ], [ -81.570108, 28.601125 ], [ -81.570099, 28.601133 ], [ -81.570091, 28.601141 ], [ -81.570082, 28.601148 ], [ -81.570073, 28.601156 ], [ -81.570063, 28.601163 ], [ -81.570054, 28.601171 ], [ -81.570045, 28.601179 ], [ -81.570036, 28.601186 ], [ -81.570028, 28.601194 ], [ -81.57002, 28.601202 ], [ -81.570012, 28.601211 ], [ -81.570005, 28.60122 ], [ -81.569998, 28.601229 ], [ -81.569991, 28.601238 ], [ -81.569983, 28.601247 ], [ -81.569975, 28.601256 ], [ -81.569967, 28.601263 ], [ -81.569957, 28.601271 ], [ -81.569948, 28.601278 ], [ -81.569939, 28.601286 ], [ -81.569929, 28.601293 ], [ -81.569919, 28.601299 ], [ -81.569908, 28.601305 ], [ -81.569896, 28.601308 ], [ -81.569884, 28.60131 ], [ -81.569872, 28.601311 ], [ -81.569859, 28.601311 ], [ -81.569847, 28.601312 ], [ -81.569834, 28.601312 ], [ -81.569822, 28.601315 ], [ -81.569811, 28.60132 ], [ -81.5698, 28.601326 ], [ -81.56979, 28.601333 ], [ -81.569786, 28.601342 ], [ -81.569788, 28.601353 ], [ -81.569792, 28.601364 ], [ -81.569797, 28.601374 ], [ -81.569804, 28.601383 ], [ -81.569815, 28.601388 ], [ -81.569827, 28.601393 ], [ -81.569838, 28.601397 ], [ -81.569856, 28.601404 ], [ -81.568991, 28.602137 ], [ -81.56871, 28.602495 ], [ -81.568205, 28.602863 ], [ -81.567881, 28.603029 ], [ -81.567114, 28.603612 ], [ -81.566884, 28.603744 ], [ -81.566572, 28.603859 ], [ -81.566129, 28.604212 ], [ -81.565487, 28.604514 ], [ -81.565101, 28.60496 ], [ -81.564409, 28.605549 ], [ -81.563941, 28.605923 ], [ -81.563498, 28.606319 ], [ -81.563132, 28.606679 ], [ -81.562887, 28.606919 ], [ -81.562893, 28.607045 ], [ -81.563012, 28.607117 ], [ -81.562999, 28.607183 ], [ -81.5629, 28.607266 ], [ -81.562688, 28.607299 ], [ -81.562463, 28.607414 ], [ -81.562183, 28.607656 ], [ -81.561846, 28.608025 ], [ -81.561123, 28.608757 ], [ -81.56078, 28.609401 ], [ -81.560624, 28.609885 ], [ -81.560437, 28.610209 ], [ -81.560156, 28.610583 ], [ -81.560244, 28.61115 ], [ -81.560063, 28.612009 ], [ -81.560318, 28.612163 ], [ -81.560225, 28.612388 ], [ -81.559969, 28.612861 ], [ -81.559726, 28.612828 ], [ -81.559578, 28.613313 ], [ -81.559452, 28.613731 ], [ -81.559371, 28.613857 ], [ -81.559227, 28.613984 ], [ -81.55914, 28.614099 ], [ -81.559115, 28.614248 ], [ -81.558959, 28.614523 ], [ -81.558498, 28.615035 ], [ -81.558273, 28.61509 ], [ -81.558036, 28.615222 ], [ -81.557562, 28.615415 ], [ -81.557419, 28.615448 ], [ -81.557132, 28.615442 ], [ -81.556964, 28.615508 ], [ -81.556783, 28.615519 ], [ -81.556652, 28.615695 ], [ -81.556465, 28.615734 ], [ -81.556253, 28.615849 ], [ -81.556022, 28.615943 ], [ -81.555835, 28.616097 ], [ -81.555585, 28.616339 ], [ -81.555317, 28.61652 ], [ -81.555105, 28.616581 ], [ -81.554956, 28.616658 ], [ -81.5548, 28.616696 ], [ -81.554675, 28.616752 ], [ -81.554469, 28.616779 ], [ -81.554401, 28.616823 ], [ -81.55422, 28.616796 ], [ -81.554145, 28.616801 ], [ -81.554114, 28.616807 ], [ -81.55402, 28.616867 ], [ -81.553921, 28.616889 ], [ -81.553615, 28.616894 ], [ -81.553378, 28.616999 ], [ -81.552661, 28.617131 ], [ -81.552181, 28.617258 ], [ -81.552143, 28.617483 ], [ -81.551707, 28.617665 ], [ -81.551133, 28.618264 ], [ -81.55089, 28.61876 ], [ -81.550603, 28.618969 ], [ -81.550416, 28.619442 ], [ -81.550098, 28.619645 ], [ -81.549948, 28.619764 ], [ -81.549942, 28.619776 ], [ -81.54994, 28.619788 ], [ -81.549941, 28.6198 ], [ -81.549941, 28.619811 ], [ -81.549939, 28.619837 ], [ -81.549833, 28.619838 ], [ -81.549802, 28.619838 ], [ -81.549655, 28.619839 ], [ -81.549603, 28.619839 ], [ -81.549527, 28.61984 ], [ -81.548895, 28.619845 ], [ -81.548598, 28.619848 ], [ -81.548522, 28.619848 ], [ -81.548497, 28.619848 ], [ -81.548413, 28.619849 ], [ -81.548413, 28.619812 ], [ -81.548413, 28.61976 ], [ -81.548413, 28.619715 ], [ -81.548415, 28.619424 ], [ -81.548416, 28.619328 ], [ -81.548416, 28.619223 ], [ -81.548417, 28.619072 ], [ -81.548418, 28.618911 ], [ -81.548419, 28.618808 ], [ -81.548493, 28.618472 ], [ -81.548491, 28.617923 ], [ -81.545789, 28.617938 ], [ -81.545591, 28.617939 ], [ -81.54541, 28.61794 ], [ -81.545351, 28.617941 ], [ -81.545279, 28.617941 ], [ -81.545246, 28.617941 ], [ -81.545181, 28.617942 ], [ -81.54283, 28.617954 ], [ -81.542644, 28.617955 ], [ -81.542328, 28.617957 ], [ -81.542328, 28.618099 ], [ -81.542346, 28.621365 ], [ -81.542348, 28.621651 ], [ -81.54218, 28.621652 ], [ -81.54168, 28.621656 ], [ -81.541513, 28.621658 ], [ -81.54145, 28.621658 ], [ -81.541262, 28.621659 ], [ -81.5412, 28.62166 ], [ -81.540811, 28.621662 ], [ -81.54062, 28.621663 ], [ -81.539828, 28.621667 ], [ -81.539809, 28.621668 ], [ -81.538957, 28.621672 ], [ -81.538253, 28.621682 ], [ -81.537826, 28.621684 ], [ -81.537748, 28.621685 ], [ -81.537244, 28.621689 ], [ -81.536682, 28.621692 ], [ -81.536546, 28.621692 ], [ -81.53634, 28.621693 ], [ -81.53612, 28.621695 ], [ -81.536061, 28.621695 ], [ -81.535974, 28.621695 ], [ -81.535708, 28.621697 ], [ -81.535539, 28.621699 ], [ -81.535394, 28.6217 ], [ -81.535161, 28.621701 ], [ -81.534463, 28.621706 ], [ -81.534231, 28.621708 ], [ -81.534038, 28.621709 ], [ -81.533463, 28.621715 ], [ -81.533271, 28.621717 ], [ -81.53293, 28.621719 ], [ -81.531909, 28.621729 ], [ -81.531569, 28.621733 ], [ -81.531252, 28.621735 ], [ -81.530304, 28.621744 ], [ -81.529988, 28.621748 ], [ -81.529172, 28.621756 ], [ -81.526727, 28.621784 ], [ -81.526162, 28.621791 ], [ -81.525912, 28.6218 ], [ -81.52549, 28.621814 ], [ -81.52516, 28.621828 ], [ -81.524505, 28.621856 ], [ -81.523983, 28.621869 ], [ -81.522903, 28.621877 ], [ -81.522151, 28.621883 ], [ -81.522098, 28.621883 ], [ -81.521943, 28.621883 ], [ -81.521891, 28.621884 ], [ -81.521874, 28.621885 ], [ -81.521597, 28.621887 ], [ -81.521024, 28.62189 ], [ -81.518826, 28.621904 ], [ -81.518426, 28.621897 ], [ -81.518252, 28.621895 ], [ -81.517561, 28.621869 ], [ -81.517474, 28.621866 ], [ -81.517312, 28.621864 ], [ -81.516593, 28.621857 ], [ -81.516568, 28.621856 ], [ -81.516456, 28.621856 ], [ -81.51632, 28.621855 ], [ -81.516218, 28.621854 ], [ -81.516116, 28.621854 ], [ -81.516115, 28.621755 ], [ -81.516091, 28.621754 ], [ -81.515186, 28.621742 ], [ -81.513842, 28.621742 ], [ -81.512472, 28.621742 ], [ -81.511343, 28.621744 ], [ -81.511342, 28.621173 ], [ -81.511342, 28.620813 ], [ -81.511341, 28.619918 ], [ -81.511925, 28.61992 ], [ -81.512215, 28.619921 ], [ -81.512378, 28.619922 ], [ -81.512376, 28.618055 ], [ -81.51153, 28.618048 ], [ -81.51153, 28.618089 ], [ -81.51153, 28.618745 ], [ -81.509267, 28.618729 ], [ -81.509267, 28.62031 ], [ -81.509268, 28.621705 ], [ -81.509269, 28.621801 ], [ -81.509247, 28.621801 ], [ -81.509102, 28.621801 ], [ -81.508133, 28.62181 ], [ -81.506527, 28.621827 ], [ -81.505267, 28.621841 ], [ -81.503961, 28.621855 ], [ -81.503767, 28.621857 ], [ -81.502404, 28.621872 ], [ -81.502379, 28.620591 ], [ -81.498958, 28.620636 ], [ -81.499227, 28.619087 ], [ -81.499361, 28.618271 ], [ -81.499404, 28.617878 ], [ -81.499422, 28.617581 ], [ -81.499425, 28.617269 ], [ -81.499415, 28.616967 ], [ -81.499412, 28.61687 ], [ -81.499567, 28.61688 ], [ -81.499928, 28.61688 ], [ -81.500293, 28.61688 ], [ -81.500293, 28.616282 ], [ -81.499906, 28.616282 ], [ -81.499901, 28.615637 ], [ -81.501036, 28.615067 ], [ -81.501036, 28.614909 ], [ -81.501021, 28.612626 ], [ -81.501021, 28.612582 ], [ -81.501022, 28.612521 ], [ -81.501099, 28.61252 ], [ -81.503158, 28.612441 ], [ -81.503269, 28.61244 ], [ -81.503262, 28.612062 ], [ -81.503261, 28.611929 ], [ -81.50326, 28.611717 ], [ -81.503259, 28.611504 ], [ -81.503257, 28.611292 ], [ -81.503257, 28.611189 ], [ -81.503256, 28.611079 ], [ -81.503255, 28.610867 ], [ -81.503254, 28.610655 ], [ -81.503252, 28.610409 ], [ -81.503073, 28.61041 ], [ -81.503071, 28.610401 ], [ -81.502757, 28.610402 ], [ -81.502325, 28.610404 ], [ -81.502126, 28.610404 ], [ -81.502076, 28.610405 ], [ -81.501577, 28.610406 ], [ -81.501078, 28.610408 ], [ -81.501008, 28.610409 ], [ -81.500769, 28.610409 ], [ -81.500436, 28.610409 ], [ -81.500389, 28.610409 ], [ -81.500281, 28.610408 ], [ -81.50029, 28.610348 ], [ -81.500335, 28.610074 ], [ -81.500351, 28.609983 ], [ -81.500362, 28.609915 ], [ -81.500408, 28.609538 ], [ -81.500529, 28.608564 ], [ -81.500574, 28.608202 ], [ -81.50063, 28.607757 ], [ -81.500654, 28.607559 ], [ -81.500727, 28.606966 ], [ -81.500752, 28.606769 ], [ -81.500773, 28.606593 ], [ -81.500839, 28.606067 ], [ -81.500861, 28.605892 ], [ -81.500865, 28.605853 ], [ -81.500871, 28.60581 ], [ -81.50088, 28.605737 ], [ -81.500885, 28.605699 ], [ -81.500754, 28.605699 ], [ -81.500361, 28.605699 ], [ -81.500231, 28.605699 ], [ -81.500043, 28.605698 ], [ -81.499715, 28.605698 ], [ -81.499603, 28.605702 ], [ -81.499492, 28.605694 ], [ -81.499481, 28.605691 ], [ -81.499297, 28.605656 ], [ -81.499188, 28.605619 ], [ -81.499104, 28.605572 ], [ -81.498847, 28.605374 ], [ -81.498606, 28.605189 ], [ -81.498507, 28.605126 ], [ -81.498363, 28.605058 ], [ -81.498257, 28.605031 ], [ -81.498148, 28.605016 ], [ -81.498037, 28.605012 ], [ -81.497915, 28.605021 ], [ -81.49771, 28.605066 ], [ -81.4976, 28.605076 ], [ -81.497518, 28.605072 ], [ -81.49735, 28.60505 ], [ -81.497056, 28.605012 ], [ -81.496821, 28.604974 ], [ -81.496825, 28.604946 ], [ -81.496831, 28.604901 ], [ -81.49692, 28.604879 ], [ -81.496981, 28.604875 ], [ -81.497969, 28.604878 ], [ -81.498748, 28.604873 ], [ -81.498979, 28.604876 ], [ -81.499001, 28.60487 ], [ -81.499158, 28.604898 ], [ -81.499372, 28.604898 ], [ -81.499605, 28.604898 ], [ -81.499839, 28.604898 ], [ -81.500073, 28.604898 ], [ -81.500384, 28.604898 ], [ -81.50089, 28.604898 ], [ -81.500984, 28.604896 ], [ -81.501026, 28.604563 ], [ -81.50104, 28.604451 ], [ -81.501134, 28.603688 ], [ -81.501233, 28.602888 ], [ -81.501418, 28.601401 ], [ -81.501419, 28.60139 ], [ -81.501449, 28.601155 ], [ -81.501544, 28.601154 ], [ -81.501596, 28.601154 ], [ -81.50234, 28.601153 ], [ -81.502942, 28.601152 ], [ -81.503026, 28.601152 ], [ -81.503027, 28.601246 ], [ -81.503322, 28.601245 ], [ -81.503618, 28.601245 ], [ -81.504361, 28.601243 ], [ -81.505104, 28.601241 ], [ -81.505535, 28.601239 ], [ -81.506175, 28.601236 ], [ -81.506176, 28.599397 ], [ -81.504938, 28.599401 ], [ -81.504538, 28.599398 ], [ -81.503966, 28.599395 ], [ -81.503611, 28.5994 ], [ -81.503338, 28.599408 ], [ -81.503257, 28.599411 ], [ -81.502938, 28.599417 ], [ -81.502683, 28.599417 ], [ -81.501919, 28.599418 ], [ -81.501867, 28.599418 ], [ -81.501665, 28.599415 ], [ -81.50181, 28.598241 ], [ -81.502062, 28.596203 ], [ -81.502249, 28.594722 ], [ -81.502253, 28.594689 ], [ -81.502325, 28.594121 ], [ -81.502375, 28.593834 ], [ -81.502436, 28.593556 ], [ -81.502524, 28.593241 ], [ -81.502579, 28.593077 ], [ -81.502464, 28.593083 ], [ -81.501694, 28.593089 ], [ -81.501227, 28.593092 ], [ -81.501226, 28.592562 ], [ -81.501225, 28.592191 ], [ -81.500916, 28.592187 ], [ -81.500915, 28.59211 ], [ -81.500916, 28.591774 ], [ -81.500916, 28.591671 ], [ -81.500916, 28.591492 ], [ -81.500916, 28.591194 ], [ -81.500916, 28.591066 ], [ -81.500916, 28.590828 ], [ -81.500916, 28.590653 ], [ -81.500917, 28.590447 ], [ -81.500917, 28.590278 ], [ -81.500917, 28.590241 ], [ -81.500917, 28.590034 ], [ -81.500917, 28.589828 ], [ -81.500917, 28.589622 ], [ -81.500917, 28.589416 ], [ -81.500917, 28.589209 ], [ -81.500917, 28.589003 ], [ -81.500917, 28.588797 ], [ -81.500916, 28.588447 ], [ -81.500928, 28.588447 ], [ -81.501056, 28.588446 ], [ -81.501131, 28.588444 ], [ -81.501357, 28.588442 ], [ -81.501433, 28.588441 ], [ -81.501496, 28.58844 ], [ -81.501686, 28.588438 ], [ -81.50175, 28.588438 ], [ -81.501954, 28.588436 ], [ -81.501953, 28.588509 ], [ -81.501953, 28.588784 ], [ -81.501955, 28.588985 ], [ -81.501955, 28.589186 ], [ -81.501955, 28.589388 ], [ -81.501956, 28.589589 ], [ -81.501956, 28.58979 ], [ -81.501956, 28.589991 ], [ -81.501956, 28.590193 ], [ -81.501957, 28.590394 ], [ -81.501957, 28.590596 ], [ -81.501957, 28.590797 ], [ -81.501957, 28.590999 ], [ -81.501959, 28.591419 ], [ -81.501959, 28.591594 ], [ -81.50196, 28.592014 ], [ -81.501955, 28.592101 ], [ -81.502522, 28.592096 ], [ -81.502916, 28.592089 ], [ -81.502991, 28.592088 ], [ -81.502979, 28.588427 ], [ -81.503402, 28.588424 ], [ -81.503568, 28.588423 ], [ -81.503745, 28.588421 ], [ -81.504025, 28.588418 ], [ -81.504277, 28.588416 ], [ -81.504455, 28.588415 ], [ -81.504539, 28.588414 ], [ -81.504542, 28.588494 ], [ -81.504548, 28.590185 ], [ -81.50455, 28.590313 ], [ -81.50467, 28.590214 ], [ -81.504903, 28.590035 ], [ -81.50506, 28.589926 ], [ -81.505071, 28.589919 ], [ -81.505065, 28.589808 ], [ -81.50506, 28.588493 ], [ -81.505056, 28.58841 ], [ -81.505125, 28.588409 ], [ -81.505293, 28.588408 ], [ -81.505396, 28.588406 ], [ -81.505659, 28.588404 ], [ -81.505708, 28.588404 ], [ -81.505812, 28.588404 ], [ -81.506024, 28.588402 ], [ -81.506092, 28.588401 ], [ -81.50609, 28.588318 ], [ -81.50609, 28.588263 ], [ -81.506085, 28.587174 ], [ -81.506088, 28.587001 ], [ -81.506085, 28.586891 ], [ -81.506084, 28.58658 ], [ -81.506016, 28.58658 ], [ -81.50587, 28.586582 ], [ -81.505833, 28.586582 ], [ -81.505768, 28.586582 ], [ -81.505574, 28.586584 ], [ -81.505552, 28.586584 ], [ -81.505071, 28.586588 ], [ -81.505057, 28.586588 ], [ -81.505056, 28.586174 ], [ -81.505055, 28.585789 ], [ -81.505055, 28.585689 ], [ -81.505055, 28.585419 ], [ -81.505055, 28.585374 ], [ -81.505053, 28.584774 ], [ -81.504812, 28.584776 ], [ -81.504567, 28.584778 ], [ -81.504233, 28.584773 ], [ -81.504081, 28.584772 ], [ -81.50402, 28.584772 ], [ -81.503838, 28.584774 ], [ -81.503648, 28.584775 ], [ -81.503595, 28.584775 ], [ -81.503491, 28.584776 ], [ -81.503352, 28.584777 ], [ -81.503204, 28.584778 ], [ -81.503109, 28.584779 ], [ -81.502986, 28.584779 ], [ -81.502875, 28.58478 ], [ -81.502641, 28.584782 ], [ -81.502471, 28.584783 ], [ -81.50229, 28.584784 ], [ -81.50229, 28.584619 ], [ -81.502162, 28.58449 ], [ -81.501828, 28.584167 ], [ -81.501557, 28.583897 ], [ -81.500921, 28.583263 ], [ -81.500921, 28.583005 ], [ -81.500921, 28.582714 ], [ -81.500921, 28.582252 ], [ -81.500921, 28.581977 ], [ -81.500921, 28.581842 ], [ -81.500921, 28.581689 ], [ -81.500922, 28.581427 ], [ -81.500923, 28.581148 ], [ -81.501153, 28.580313 ], [ -81.501229, 28.580038 ], [ -81.501266, 28.579904 ], [ -81.501284, 28.579837 ], [ -81.501404, 28.579411 ], [ -81.501463, 28.57934 ], [ -81.501821, 28.578909 ], [ -81.502346, 28.578575 ], [ -81.502345, 28.578368 ], [ -81.502342, 28.577789 ], [ -81.502341, 28.577697 ], [ -81.502335, 28.577594 ], [ -81.503249, 28.577578 ], [ -81.504039, 28.577574 ], [ -81.504144, 28.577573 ], [ -81.504411, 28.577567 ], [ -81.504486, 28.577566 ], [ -81.504921, 28.577566 ], [ -81.50506, 28.577565 ], [ -81.505066, 28.577797 ], [ -81.505058, 28.577991 ], [ -81.505053, 28.578326 ], [ -81.505054, 28.579116 ], [ -81.505066, 28.579167 ], [ -81.505098, 28.579221 ], [ -81.505111, 28.579232 ], [ -81.505131, 28.579247 ], [ -81.505225, 28.579274 ], [ -81.505445, 28.579293 ], [ -81.505921, 28.579291 ], [ -81.506047, 28.57929 ], [ -81.506477, 28.579288 ], [ -81.507115, 28.579285 ], [ -81.507404, 28.579283 ], [ -81.507632, 28.579282 ], [ -81.507867, 28.579281 ], [ -81.508137, 28.57928 ], [ -81.508224, 28.579279 ], [ -81.508333, 28.579279 ], [ -81.508564, 28.579278 ], [ -81.508796, 28.579276 ], [ -81.508996, 28.579275 ], [ -81.509071, 28.579275 ], [ -81.509165, 28.579275 ], [ -81.509165, 28.579231 ], [ -81.509164, 28.57901 ], [ -81.509161, 28.57835 ], [ -81.509161, 28.57813 ], [ -81.509161, 28.578115 ], [ -81.509161, 28.578073 ], [ -81.509161, 28.578059 ], [ -81.50916, 28.578008 ], [ -81.50916, 28.577941 ], [ -81.50916, 28.577875 ], [ -81.50916, 28.577833 ], [ -81.509156, 28.577646 ], [ -81.509155, 28.577572 ], [ -81.509148, 28.577531 ], [ -81.509131, 28.57743 ], [ -81.509132, 28.57739 ], [ -81.509137, 28.577272 ], [ -81.509139, 28.577233 ], [ -81.509144, 28.577215 ], [ -81.509144, 28.577155 ], [ -81.509155, 28.577013 ], [ -81.509158, 28.576923 ], [ -81.509162, 28.576846 ], [ -81.509157, 28.576463 ], [ -81.509148, 28.576387 ], [ -81.509139, 28.576327 ], [ -81.509122, 28.57627 ], [ -81.5091, 28.576215 ], [ -81.509079, 28.576177 ], [ -81.509045, 28.576125 ], [ -81.50901, 28.576068 ], [ -81.508964, 28.576005 ], [ -81.508918, 28.57596 ], [ -81.508859, 28.575912 ], [ -81.508807, 28.575873 ], [ -81.508733, 28.575822 ], [ -81.508651, 28.575779 ], [ -81.508575, 28.575747 ], [ -81.508489, 28.575724 ], [ -81.508385, 28.575696 ], [ -81.508268, 28.575673 ], [ -81.50824, 28.57567 ], [ -81.508132, 28.575657 ], [ -81.507962, 28.575642 ], [ -81.507824, 28.575612 ], [ -81.507781, 28.575669 ], [ -81.507761, 28.575735 ], [ -81.507412, 28.576347 ], [ -81.507227, 28.576577 ], [ -81.506949, 28.576819 ], [ -81.506543, 28.577097 ], [ -81.506133, 28.577278 ], [ -81.505987, 28.577335 ], [ -81.505802, 28.577375 ], [ -81.505374, 28.577437 ], [ -81.505057, 28.577428 ], [ -81.505005, 28.577433 ], [ -81.504941, 28.577439 ], [ -81.504871, 28.577441 ], [ -81.504636, 28.577444 ], [ -81.504483, 28.577446 ], [ -81.504385, 28.577451 ], [ -81.504261, 28.577459 ], [ -81.504064, 28.577433 ], [ -81.502547, 28.577463 ], [ -81.502325, 28.577462 ], [ -81.502319, 28.577367 ], [ -81.502319, 28.577338 ], [ -81.502314, 28.576712 ], [ -81.502307, 28.575823 ], [ -81.502198, 28.575823 ], [ -81.501949, 28.575825 ], [ -81.501699, 28.575826 ], [ -81.501555, 28.575827 ], [ -81.501449, 28.575827 ], [ -81.501147, 28.575829 ], [ -81.500819, 28.575831 ], [ -81.500808, 28.575831 ], [ -81.500556, 28.575832 ], [ -81.500343, 28.575835 ], [ -81.500263, 28.575834 ], [ -81.500255, 28.575558 ], [ -81.49949, 28.575564 ], [ -81.499494, 28.575335 ], [ -81.499489, 28.575255 ], [ -81.499482, 28.575143 ], [ -81.499462, 28.574871 ], [ -81.499452, 28.574606 ], [ -81.499452, 28.574429 ], [ -81.499451, 28.574311 ], [ -81.500325, 28.574309 ], [ -81.500885, 28.574303 ], [ -81.500883, 28.573988 ], [ -81.500882, 28.573808 ], [ -81.501261, 28.573807 ], [ -81.502644, 28.573801 ], [ -81.503393, 28.573798 ], [ -81.504392, 28.573794 ], [ -81.504409, 28.573792 ], [ -81.504968, 28.573785 ], [ -81.50496, 28.572888 ], [ -81.504957, 28.572368 ], [ -81.504955, 28.571968 ], [ -81.507066, 28.571955 ], [ -81.507052, 28.5701 ], [ -81.507444, 28.570114 ], [ -81.508361, 28.570106 ], [ -81.509195, 28.570099 ], [ -81.509607, 28.570096 ], [ -81.510252, 28.570089 ], [ -81.51108, 28.570081 ], [ -81.511812, 28.570075 ], [ -81.512522, 28.570068 ], [ -81.513254, 28.570061 ], [ -81.513253, 28.569718 ], [ -81.51325, 28.568989 ], [ -81.513247, 28.568356 ], [ -81.513244, 28.567711 ], [ -81.513243, 28.567325 ], [ -81.51324, 28.566713 ], [ -81.513236, 28.565971 ], [ -81.513232, 28.565528 ], [ -81.513226, 28.564662 ], [ -81.513221, 28.563988 ], [ -81.513217, 28.563445 ], [ -81.513215, 28.563195 ], [ -81.513212, 28.56286 ], [ -81.513205, 28.562781 ], [ -81.513224, 28.555496 ], [ -81.509033, 28.555551 ], [ -81.509033, 28.555418 ], [ -81.509034, 28.555265 ], [ -81.509034, 28.555045 ], [ -81.509035, 28.554811 ], [ -81.509036, 28.554523 ], [ -81.508827, 28.554523 ], [ -81.508653, 28.554523 ], [ -81.508402, 28.554523 ], [ -81.508151, 28.554524 ], [ -81.5079, 28.554524 ], [ -81.507649, 28.554524 ], [ -81.507377, 28.554525 ], [ -81.507146, 28.554525 ], [ -81.506895, 28.554525 ], [ -81.506644, 28.554525 ], [ -81.506393, 28.554526 ], [ -81.506142, 28.554526 ], [ -81.505891, 28.554526 ], [ -81.50564, 28.554527 ], [ -81.505389, 28.554527 ], [ -81.505177, 28.554527 ], [ -81.505027, 28.554527 ], [ -81.504965, 28.554528 ], [ -81.5049, 28.554529 ], [ -81.5049, 28.554458 ], [ -81.5049, 28.554441 ], [ -81.504895, 28.554392 ], [ -81.5049, 28.554374 ], [ -81.504906, 28.55348 ], [ -81.504913, 28.551963 ], [ -81.504907, 28.551894 ], [ -81.504898, 28.551777 ], [ -81.504895, 28.551665 ], [ -81.50488, 28.550977 ], [ -81.504876, 28.550748 ], [ -81.504871, 28.550552 ], [ -81.504866, 28.550335 ], [ -81.504859, 28.549967 ], [ -81.504855, 28.549772 ], [ -81.504854, 28.549745 ], [ -81.504853, 28.549507 ], [ -81.504851, 28.548852 ], [ -81.504849, 28.548712 ], [ -81.504848, 28.548632 ], [ -81.504846, 28.548448 ], [ -81.50484, 28.547959 ], [ -81.504838, 28.547702 ], [ -81.504829, 28.546955 ], [ -81.504825, 28.546751 ], [ -81.504822, 28.546599 ], [ -81.504819, 28.546495 ], [ -81.504815, 28.546243 ], [ -81.505336, 28.546164 ], [ -81.507827, 28.545767 ], [ -81.508889, 28.545606 ], [ -81.508985, 28.545592 ], [ -81.5092, 28.545563 ], [ -81.511338, 28.545236 ], [ -81.511521, 28.545207 ], [ -81.511701, 28.545426 ], [ -81.511796, 28.545587 ], [ -81.511937, 28.545822 ], [ -81.512043, 28.546119 ], [ -81.512149, 28.54678 ], [ -81.512111, 28.547506 ], [ -81.512025, 28.547827 ], [ -81.511993, 28.547952 ], [ -81.511974, 28.548199 ], [ -81.512017, 28.548497 ], [ -81.51208, 28.548568 ], [ -81.512279, 28.548398 ], [ -81.512491, 28.548288 ], [ -81.512665, 28.54826 ], [ -81.51278, 28.54826 ], [ -81.512896, 28.54826 ], [ -81.512977, 28.548293 ], [ -81.513226, 28.548596 ], [ -81.513176, 28.548783 ], [ -81.513083, 28.548943 ], [ -81.513033, 28.549091 ], [ -81.513045, 28.5493 ], [ -81.513157, 28.549482 ], [ -81.51323, 28.549543 ], [ -81.513263, 28.54957 ], [ -81.513736, 28.550067 ], [ -81.513986, 28.55033 ], [ -81.514098, 28.550484 ], [ -81.514098, 28.55061 ], [ -81.514042, 28.550709 ], [ -81.514017, 28.550874 ], [ -81.513936, 28.550935 ], [ -81.514133, 28.551144 ], [ -81.514367, 28.551402 ], [ -81.514773, 28.551416 ], [ -81.515251, 28.551276 ], [ -81.515547, 28.551182 ], [ -81.515894, 28.551018 ], [ -81.516445, 28.550753 ], [ -81.516445, 28.550722 ], [ -81.517003, 28.550708 ], [ -81.517301, 28.550702 ], [ -81.517297, 28.550203 ], [ -81.517514, 28.550201 ], [ -81.517476, 28.550148 ], [ -81.517441, 28.550085 ], [ -81.517404, 28.550019 ], [ -81.517373, 28.54995 ], [ -81.517318, 28.549779 ], [ -81.517307, 28.549732 ], [ -81.517426, 28.549731 ], [ -81.517715, 28.54973 ], [ -81.517713, 28.549609 ], [ -81.517712, 28.549522 ], [ -81.517711, 28.549382 ], [ -81.517709, 28.549234 ], [ -81.517707, 28.549069 ], [ -81.517376, 28.549071 ], [ -81.517282, 28.549069 ], [ -81.51728, 28.548839 ], [ -81.517279, 28.548795 ], [ -81.517277, 28.548608 ], [ -81.517275, 28.54838 ], [ -81.517273, 28.548152 ], [ -81.517269, 28.547976 ], [ -81.517269, 28.547928 ], [ -81.517265, 28.547703 ], [ -81.517263, 28.547534 ], [ -81.51726, 28.547142 ], [ -81.517272, 28.547028 ], [ -81.517304, 28.546902 ], [ -81.517318, 28.546866 ], [ -81.517355, 28.546775 ], [ -81.51736, 28.546764 ], [ -81.517452, 28.546625 ], [ -81.517526, 28.546536 ], [ -81.51759, 28.546461 ], [ -81.51763, 28.546416 ], [ -81.517751, 28.546281 ], [ -81.517791, 28.546236 ], [ -81.517838, 28.546182 ], [ -81.517931, 28.546075 ], [ -81.517974, 28.546027 ], [ -81.518036, 28.54596 ], [ -81.51814, 28.545844 ], [ -81.518244, 28.545729 ], [ -81.518381, 28.545602 ], [ -81.518543, 28.545422 ], [ -81.518724, 28.545212 ], [ -81.518883, 28.545289 ], [ -81.519022, 28.545374 ], [ -81.519061, 28.545395 ], [ -81.519336, 28.545546 ], [ -81.51949, 28.545623 ], [ -81.519856, 28.545782 ], [ -81.520107, 28.545875 ], [ -81.520183, 28.545904 ], [ -81.520405, 28.545971 ], [ -81.520474, 28.545992 ], [ -81.520543, 28.546013 ], [ -81.520668, 28.546044 ], [ -81.520875, 28.546096 ], [ -81.521256, 28.546181 ], [ -81.52141, 28.546216 ], [ -81.521453, 28.546226 ], [ -81.521498, 28.546236 ], [ -81.521759, 28.546295 ], [ -81.522159, 28.546385 ], [ -81.522677, 28.546503 ], [ -81.522983, 28.546573 ], [ -81.522988, 28.547445 ], [ -81.522992, 28.548083 ], [ -81.523449, 28.548082 ], [ -81.525556, 28.548076 ], [ -81.525555, 28.547143 ], [ -81.525988, 28.547227 ], [ -81.526215, 28.547278 ], [ -81.526453, 28.547346 ], [ -81.526927, 28.547484 ], [ -81.526929, 28.547318 ], [ -81.526929, 28.547064 ], [ -81.526929, 28.546734 ], [ -81.526928, 28.546404 ], [ -81.526928, 28.546239 ], [ -81.526928, 28.546074 ], [ -81.526929, 28.545909 ], [ -81.527659, 28.545907 ], [ -81.528285, 28.545905 ], [ -81.528285, 28.546458 ], [ -81.528285, 28.547024 ], [ -81.528285, 28.547682 ], [ -81.528294, 28.547781 ], [ -81.528392, 28.547803 ], [ -81.528887, 28.547905 ], [ -81.529514, 28.548036 ], [ -81.529521, 28.547917 ], [ -81.529523, 28.547142 ], [ -81.529508, 28.545622 ], [ -81.529505, 28.545263 ], [ -81.529505, 28.545216 ], [ -81.529504, 28.544927 ], [ -81.529504, 28.544492 ], [ -81.531039, 28.544476 ], [ -81.531319, 28.54447 ], [ -81.531392, 28.544469 ], [ -81.531595, 28.544466 ], [ -81.532207, 28.54446 ], [ -81.532411, 28.544458 ], [ -81.533578, 28.544439 ], [ -81.533754, 28.544433 ], [ -81.533751, 28.544158 ], [ -81.533748, 28.543883 ], [ -81.533742, 28.543695 ], [ -81.533747, 28.543175 ], [ -81.53374, 28.542115 ], [ -81.533715, 28.540833 ], [ -81.534102, 28.540822 ], [ -81.534324, 28.540821 ], [ -81.534564, 28.540826 ], [ -81.534703, 28.540897 ], [ -81.534856, 28.540975 ], [ -81.536054, 28.542317 ], [ -81.536665, 28.543002 ], [ -81.538418, 28.544347 ], [ -81.539547, 28.54502 ], [ -81.540415, 28.545419 ], [ -81.54205, 28.546172 ], [ -81.542048, 28.546091 ], [ -81.542048, 28.546073 ], [ -81.542046, 28.545974 ], [ -81.542044, 28.545871 ], [ -81.542043, 28.545848 ], [ -81.542041, 28.545768 ], [ -81.541863, 28.545707 ], [ -81.541458, 28.545556 ], [ -81.541024, 28.54538 ], [ -81.540517, 28.545153 ], [ -81.540421, 28.54511 ], [ -81.540031, 28.54492 ], [ -81.539585, 28.544682 ], [ -81.539024, 28.544356 ], [ -81.538824, 28.544231 ], [ -81.538231, 28.543834 ], [ -81.537947, 28.543626 ], [ -81.53767, 28.543414 ], [ -81.53739, 28.543188 ], [ -81.537077, 28.542905 ], [ -81.53653, 28.542397 ], [ -81.536488, 28.542353 ], [ -81.536301, 28.542158 ], [ -81.535985, 28.541814 ], [ -81.535712, 28.541504 ], [ -81.5355, 28.541244 ], [ -81.535405, 28.541119 ], [ -81.535418, 28.541112 ], [ -81.535458, 28.541091 ], [ -81.535472, 28.541085 ], [ -81.535126, 28.540681 ], [ -81.535178, 28.540666 ], [ -81.53511, 28.540563 ], [ -81.533976, 28.538849 ], [ -81.533945, 28.538785 ], [ -81.533641, 28.538146 ], [ -81.533643, 28.538095 ], [ -81.533649, 28.537942 ], [ -81.533651, 28.537891 ], [ -81.533648, 28.537857 ], [ -81.53364, 28.537757 ], [ -81.533638, 28.537724 ], [ -81.533667, 28.537283 ], [ -81.533676, 28.537164 ], [ -81.53367, 28.536637 ], [ -81.533664, 28.536142 ], [ -81.53365, 28.534987 ], [ -81.533648, 28.534822 ], [ -81.533632, 28.533537 ], [ -81.533586, 28.533432 ], [ -81.533562, 28.532383 ], [ -81.53457, 28.532365 ], [ -81.534539, 28.529859 ], [ -81.53393, 28.529861 ], [ -81.533842, 28.529861 ], [ -81.533624, 28.529862 ], [ -81.533581, 28.529862 ], [ -81.533494, 28.529865 ], [ -81.533507, 28.528756 ], [ -81.533642, 28.528109 ], [ -81.533644, 28.527843 ], [ -81.533647, 28.526419 ], [ -81.533566, 28.526263 ], [ -81.533514, 28.52623 ], [ -81.533427, 28.526227 ], [ -81.533496, 28.526131 ], [ -81.533508, 28.526115 ], [ -81.533522, 28.5261 ], [ -81.53352, 28.526 ], [ -81.533517, 28.525372 ], [ -81.533474, 28.525105 ], [ -81.533472, 28.525019 ], [ -81.533466, 28.524934 ], [ -81.53346, 28.52485 ], [ -81.533455, 28.52477 ], [ -81.533443, 28.524636 ], [ -81.533436, 28.524549 ], [ -81.533432, 28.524503 ], [ -81.533429, 28.524453 ], [ -81.533426, 28.524414 ], [ -81.533426, 28.524305 ], [ -81.533426, 28.524257 ], [ -81.533429, 28.524198 ], [ -81.533433, 28.52413 ], [ -81.533436, 28.524055 ], [ -81.533435, 28.523974 ], [ -81.533434, 28.523799 ], [ -81.533431, 28.523712 ], [ -81.533427, 28.52363 ], [ -81.533501, 28.522706 ], [ -81.533501, 28.522598 ], [ -81.533501, 28.522577 ], [ -81.533494, 28.522296 ], [ -81.533493, 28.522236 ], [ -81.533488, 28.522039 ], [ -81.533493, 28.521954 ], [ -81.53427, 28.521486 ], [ -81.534357, 28.521434 ], [ -81.53463, 28.521266 ], [ -81.535003, 28.521041 ], [ -81.536122, 28.520368 ], [ -81.536496, 28.520144 ], [ -81.536946, 28.519877 ], [ -81.537396, 28.51961 ], [ -81.537663, 28.519448 ], [ -81.53851, 28.518939 ], [ -81.538966, 28.518942 ], [ -81.540539, 28.518932 ], [ -81.540811, 28.519358 ], [ -81.540855, 28.519358 ], [ -81.54124, 28.520144 ], [ -81.541409, 28.520429 ], [ -81.541655, 28.520699 ], [ -81.541666, 28.520865 ], [ -81.541667, 28.520896 ], [ -81.541679, 28.52117 ], [ -81.541693, 28.521468 ], [ -81.541714, 28.522086 ], [ -81.541726, 28.522391 ], [ -81.541744, 28.523029 ], [ -81.541747, 28.523132 ], [ -81.54177, 28.524889 ], [ -81.54177, 28.524946 ], [ -81.541774, 28.525586 ], [ -81.541775, 28.525844 ], [ -81.541776, 28.525902 ], [ -81.541779, 28.526345 ], [ -81.54178, 28.526432 ], [ -81.541798, 28.527935 ], [ -81.541798, 28.528 ], [ -81.541812, 28.528973 ], [ -81.541823, 28.52982 ], [ -81.542827, 28.529794 ], [ -81.543472, 28.529783 ], [ -81.543487, 28.531646 ], [ -81.542868, 28.531653 ], [ -81.541814, 28.531662 ], [ -81.541813, 28.531811 ], [ -81.541813, 28.531902 ], [ -81.541813, 28.531935 ], [ -81.541815, 28.532128 ], [ -81.545958, 28.532078 ], [ -81.545933, 28.529756 ], [ -81.546168, 28.529753 ], [ -81.546218, 28.529753 ], [ -81.546815, 28.52975 ], [ -81.547291, 28.529761 ], [ -81.548634, 28.529755 ], [ -81.549437, 28.529737 ], [ -81.550102, 28.529721 ], [ -81.55078, 28.529715 ], [ -81.551226, 28.529706 ], [ -81.55424, 28.529676 ], [ -81.555049, 28.529668 ], [ -81.556207, 28.529656 ], [ -81.556222, 28.531385 ], [ -81.557394, 28.531387 ], [ -81.558273, 28.531389 ], [ -81.558272, 28.531463 ], [ -81.55834, 28.531464 ], [ -81.558415, 28.531465 ], [ -81.558429, 28.532842 ], [ -81.558434, 28.533317 ], [ -81.558332, 28.533502 ], [ -81.558107, 28.533889 ], [ -81.557985, 28.53418 ], [ -81.557849, 28.534505 ], [ -81.557606, 28.535178 ], [ -81.557477, 28.535765 ], [ -81.557375, 28.536506 ], [ -81.557338, 28.536917 ], [ -81.557219, 28.538229 ], [ -81.557186, 28.538696 ], [ -81.557087, 28.540053 ], [ -81.557076, 28.540098 ], [ -81.55705, 28.540565 ], [ -81.557047, 28.541079 ], [ -81.55709, 28.541523 ], [ -81.557176, 28.542325 ], [ -81.557348, 28.543299 ], [ -81.557504, 28.544112 ], [ -81.557527, 28.544172 ], [ -81.557545, 28.544251 ], [ -81.55775, 28.545349 ], [ -81.557821, 28.545716 ], [ -81.557968, 28.546467 ], [ -81.557973, 28.546529 ], [ -81.558, 28.546721 ], [ -81.557678, 28.546724 ], [ -81.557719, 28.546934 ], [ -81.558003, 28.548367 ], [ -81.558092, 28.548815 ], [ -81.558256, 28.549637 ], [ -81.558334, 28.549636 ], [ -81.558515, 28.549637 ], [ -81.558524, 28.550566 ], [ -81.558526, 28.55069 ], [ -81.558531, 28.55103 ], [ -81.558536, 28.551346 ], [ -81.558538, 28.551496 ], [ -81.55842, 28.551493 ], [ -81.558396, 28.551492 ], [ -81.55837, 28.551492 ], [ -81.55834, 28.551491 ], [ -81.558154, 28.551487 ], [ -81.557732, 28.551525 ], [ -81.557857, 28.552003 ], [ -81.557909, 28.552203 ], [ -81.558351, 28.553423 ], [ -81.558389, 28.553528 ], [ -81.558487, 28.553802 ], [ -81.558549, 28.553972 ], [ -81.558558, 28.553996 ], [ -81.5586, 28.554114 ], [ -81.558721, 28.554449 ], [ -81.55872, 28.554479 ], [ -81.558735, 28.554822 ], [ -81.558747, 28.555066 ], [ -81.55856, 28.555071 ], [ -81.558579, 28.558709 ], [ -81.558595, 28.561665 ], [ -81.558636, 28.562296 ], [ -81.558655, 28.563164 ], [ -81.558665, 28.563966 ], [ -81.558681, 28.565298 ], [ -81.558683, 28.565431 ], [ -81.558693, 28.565889 ], [ -81.558694, 28.566164 ], [ -81.558695, 28.566329 ], [ -81.558697, 28.566602 ], [ -81.558698, 28.566879 ], [ -81.558699, 28.567017 ], [ -81.558702, 28.567501 ], [ -81.558703, 28.567565 ], [ -81.558708, 28.568086 ], [ -81.558709, 28.568173 ], [ -81.558707, 28.568248 ], [ -81.558725, 28.571437 ], [ -81.55873, 28.571851 ], [ -81.558695, 28.571903 ], [ -81.558695, 28.57195 ], [ -81.5589, 28.57196 ], [ -81.560274, 28.57194 ], [ -81.560817, 28.571872 ], [ -81.560819, 28.572669 ], [ -81.560821, 28.572873 ], [ -81.560828, 28.573556 ], [ -81.560842, 28.575876 ], [ -81.560849, 28.576878 ], [ -81.560854, 28.577601 ], [ -81.56087, 28.579771 ], [ -81.560875, 28.58036 ], [ -81.560876, 28.580495 ], [ -81.560879, 28.581023 ], [ -81.560879, 28.581075 ], [ -81.56088, 28.581193 ], [ -81.560883, 28.581516 ], [ -81.560888, 28.581654 ], [ -81.560903, 28.582053 ], [ -81.56092, 28.582502 ], [ -81.560924, 28.583287 ], [ -81.560928, 28.583816 ], [ -81.560916, 28.583985 ], [ -81.560948, 28.583982 ], [ -81.560917, 28.584119 ], [ -81.560824, 28.584531 ], [ -81.560794, 28.584669 ], [ -81.560739, 28.584912 ], [ -81.560576, 28.585644 ], [ -81.560523, 28.585888 ], [ -81.560488, 28.586044 ], [ -81.560383, 28.586513 ], [ -81.560349, 28.58667 ], [ -81.560288, 28.586963 ], [ -81.560243, 28.58718 ], [ -81.560249, 28.587857 ], [ -81.560253, 28.588157 ], [ -81.560292, 28.588679 ], [ -81.560369, 28.588673 ], [ -81.561576, 28.588665 ], [ -81.561579, 28.589388 ], [ -81.561598, 28.589388 ], [ -81.561602, 28.590365 ], [ -81.561603, 28.590439 ], [ -81.561495, 28.590439 ], [ -81.560411, 28.590441 ], [ -81.560051, 28.590442 ], [ -81.560032, 28.590494 ], [ -81.56002, 28.590527 ], [ -81.559976, 28.590652 ], [ -81.559958, 28.590705 ], [ -81.559894, 28.590883 ], [ -81.559791, 28.591177 ], [ -81.559725, 28.591346 ], [ -81.559693, 28.591413 ], [ -81.559651, 28.591502 ], [ -81.559606, 28.591581 ], [ -81.559567, 28.591649 ], [ -81.55947, 28.591801 ], [ -81.559439, 28.591845 ], [ -81.559395, 28.59191 ], [ -81.559288, 28.592062 ], [ -81.559182, 28.592216 ], [ -81.559067, 28.592383 ], [ -81.559415, 28.592723 ], [ -81.561065, 28.594312 ], [ -81.561064, 28.593569 ], [ -81.561124, 28.593569 ], [ -81.56184, 28.593565 ], [ -81.563008, 28.593555 ], [ -81.563009, 28.593613 ], [ -81.563008, 28.59377 ], [ -81.563012, 28.594803 ], [ -81.56301, 28.595042 ], [ -81.566548, 28.59501 ], [ -81.567096, 28.595009 ], [ -81.567096, 28.595028 ], [ -81.567098, 28.59555 ], [ -81.567101, 28.597275 ], [ -81.567102, 28.59751 ], [ -81.571211, 28.597478 ], [ -81.57191, 28.597473 ], [ -81.572907, 28.597475 ], [ -81.574255, 28.597478 ], [ -81.574053, 28.597553 ] ], [ [ -81.542675, 28.601245 ], [ -81.542674, 28.60119 ], [ -81.54267, 28.600988 ], [ -81.542668, 28.600873 ], [ -81.542666, 28.60076 ], [ -81.542649, 28.600608 ], [ -81.542624, 28.600319 ], [ -81.5425, 28.600096 ], [ -81.542543, 28.599976 ], [ -81.542551, 28.599209 ], [ -81.541051, 28.599209 ], [ -81.54091, 28.59924 ], [ -81.540783, 28.599279 ], [ -81.540682, 28.599367 ], [ -81.540589, 28.599553 ], [ -81.540173, 28.599407 ], [ -81.539734, 28.59931 ], [ -81.539382, 28.599257 ], [ -81.538789, 28.599193 ], [ -81.538636, 28.599192 ], [ -81.538544, 28.599191 ], [ -81.538379, 28.59919 ], [ -81.537829, 28.599185 ], [ -81.537465, 28.599182 ], [ -81.537463, 28.599114 ], [ -81.537459, 28.598687 ], [ -81.537288, 28.598686 ], [ -81.537202, 28.598686 ], [ -81.537117, 28.598685 ], [ -81.536964, 28.598683 ], [ -81.536964, 28.599178 ], [ -81.536478, 28.599174 ], [ -81.534458, 28.599163 ], [ -81.534414, 28.599163 ], [ -81.534182, 28.599162 ], [ -81.533453, 28.599162 ], [ -81.532788, 28.599166 ], [ -81.532768, 28.599166 ], [ -81.532695, 28.599166 ], [ -81.532475, 28.599168 ], [ -81.532403, 28.599169 ], [ -81.532198, 28.599171 ], [ -81.532122, 28.599172 ], [ -81.531961, 28.599173 ], [ -81.53177, 28.599176 ], [ -81.531279, 28.599178 ], [ -81.530999, 28.59918 ], [ -81.530882, 28.59918 ], [ -81.530531, 28.599182 ], [ -81.530415, 28.599183 ], [ -81.530252, 28.599184 ], [ -81.529565, 28.599187 ], [ -81.528133, 28.599195 ], [ -81.527732, 28.599202 ], [ -81.527342, 28.5992 ], [ -81.527018, 28.599203 ], [ -81.526734, 28.599206 ], [ -81.526607, 28.599217 ], [ -81.526509, 28.599234 ], [ -81.526426, 28.599261 ], [ -81.526292, 28.599325 ], [ -81.526253, 28.599355 ], [ -81.526215, 28.599391 ], [ -81.525508, 28.599401 ], [ -81.523389, 28.599431 ], [ -81.522683, 28.599442 ], [ -81.522717, 28.599474 ], [ -81.522879, 28.599997 ], [ -81.522873, 28.600228 ], [ -81.522893, 28.600298 ], [ -81.522935, 28.600437 ], [ -81.523128, 28.600724 ], [ -81.523247, 28.60074 ], [ -81.523346, 28.600889 ], [ -81.523296, 28.601268 ], [ -81.523315, 28.601439 ], [ -81.523147, 28.601543 ], [ -81.522997, 28.601659 ], [ -81.522878, 28.602242 ], [ -81.52286, 28.602473 ], [ -81.522831, 28.602609 ], [ -81.522778, 28.602869 ], [ -81.522763, 28.602887 ], [ -81.523579, 28.602873 ], [ -81.524506, 28.60286 ], [ -81.526095, 28.602838 ], [ -81.526076, 28.603406 ], [ -81.526075, 28.603432 ], [ -81.526072, 28.603512 ], [ -81.526072, 28.603539 ], [ -81.526067, 28.603702 ], [ -81.526055, 28.604079 ], [ -81.526049, 28.604253 ], [ -81.526022, 28.604924 ], [ -81.52602, 28.604986 ], [ -81.526014, 28.605126 ], [ -81.525994, 28.605657 ], [ -81.525992, 28.605735 ], [ -81.525985, 28.605938 ], [ -81.525982, 28.606014 ], [ -81.525975, 28.606196 ], [ -81.525971, 28.606322 ], [ -81.525968, 28.606378 ], [ -81.525962, 28.606548 ], [ -81.525956, 28.606605 ], [ -81.525956, 28.606628 ], [ -81.52595, 28.606736 ], [ -81.525955, 28.606888 ], [ -81.526164, 28.60677 ], [ -81.526232, 28.606726 ], [ -81.526638, 28.606618 ], [ -81.526927, 28.606541 ], [ -81.527265, 28.606553 ], [ -81.527971, 28.606578 ], [ -81.531033, 28.606685 ], [ -81.531175, 28.60669 ], [ -81.531603, 28.606707 ], [ -81.531746, 28.606713 ], [ -81.531826, 28.606712 ], [ -81.532067, 28.606711 ], [ -81.532148, 28.606711 ], [ -81.532548, 28.606709 ], [ -81.533752, 28.606705 ], [ -81.534153, 28.606704 ], [ -81.534153, 28.606555 ], [ -81.534153, 28.60611 ], [ -81.534153, 28.605962 ], [ -81.534153, 28.605936 ], [ -81.534153, 28.605858 ], [ -81.534153, 28.605832 ], [ -81.534153, 28.605648 ], [ -81.534156, 28.605097 ], [ -81.534157, 28.604914 ], [ -81.534157, 28.604891 ], [ -81.534157, 28.604824 ], [ -81.534157, 28.604802 ], [ -81.535228, 28.604561 ], [ -81.538495, 28.603843 ], [ -81.538748, 28.603776 ], [ -81.539034, 28.603527 ], [ -81.53914, 28.603435 ], [ -81.539825, 28.60295 ], [ -81.540354, 28.602664 ], [ -81.541224, 28.602307 ], [ -81.542052, 28.601993 ], [ -81.542686, 28.601743 ], [ -81.542675, 28.601245 ] ], [ [ -81.517548, 28.61543 ], [ -81.517504, 28.615399 ], [ -81.517502, 28.615159 ], [ -81.517498, 28.614439 ], [ -81.517498, 28.614254 ], [ -81.517498, 28.6142 ], [ -81.517483, 28.614215 ], [ -81.517455, 28.614226 ], [ -81.517409, 28.614224 ], [ -81.517274, 28.614221 ], [ -81.517139, 28.614212 ], [ -81.517118, 28.614211 ], [ -81.517022, 28.61421 ], [ -81.516901, 28.614208 ], [ -81.516853, 28.614208 ], [ -81.516737, 28.61421 ], [ -81.516604, 28.614216 ], [ -81.516346, 28.614211 ], [ -81.516178, 28.614208 ], [ -81.515996, 28.614208 ], [ -81.515843, 28.61422 ], [ -81.515761, 28.614232 ], [ -81.515624, 28.614236 ], [ -81.515606, 28.614237 ], [ -81.515389, 28.614238 ], [ -81.514256, 28.614226 ], [ -81.513961, 28.614226 ], [ -81.513885, 28.614227 ], [ -81.513683, 28.614223 ], [ -81.513407, 28.614212 ], [ -81.513406, 28.614265 ], [ -81.513407, 28.614871 ], [ -81.513408, 28.615199 ], [ -81.513408, 28.615712 ], [ -81.513409, 28.61592 ], [ -81.513409, 28.616106 ], [ -81.513419, 28.618062 ], [ -81.514323, 28.618068 ], [ -81.515142, 28.618074 ], [ -81.515395, 28.618076 ], [ -81.515517, 28.618077 ], [ -81.517555, 28.618091 ], [ -81.517548, 28.61543 ] ] ] ] } },
{ "type": "Feature", "properties": { "ZCTA5CE20": "32801", "GEOID20": "32801", "GEOIDFQ20": "860Z200US32801", "CLASSFP20": "B5", "MTFCC20": "G6350", "FUNCSTAT20": "S", "ALAND20": 5723627, "AWATER20": 321705, "INTPTLAT20": "+28.5417687", "INTPTLON20": "-081.3743571" }, "geometry": { "type": "MultiPolygon", "coordinates": [ [ [ [ -81.389116, 28.548334 ], [ -81.389104, 28.548488 ], [ -81.389091, 28.548663 ], [ -81.389076, 28.549307 ], [ -81.389072, 28.549507 ], [ -81.389071, 28.549627 ], [ -81.389075, 28.550108 ], [ -81.389078, 28.550309 ], [ -81.389078, 28.550414 ], [ -81.38908, 28.550522 ], [ -81.389085, 28.55073 ], [ -81.389088, 28.550836 ], [ -81.38895, 28.550837 ], [ -81.38854, 28.55084 ], [ -81.388403, 28.550842 ], [ -81.388407, 28.551271 ], [ -81.38842, 28.552555 ], [ -81.388409, 28.552988 ], [ -81.388258, 28.552987 ], [ -81.388104, 28.552987 ], [ -81.387805, 28.552981 ], [ -81.387655, 28.552979 ], [ -81.387547, 28.552976 ], [ -81.387223, 28.552967 ], [ -81.387116, 28.552965 ], [ -81.386907, 28.552964 ], [ -81.386632, 28.552963 ], [ -81.386282, 28.552966 ], [ -81.386074, 28.552968 ], [ -81.385816, 28.552973 ], [ -81.385467, 28.552981 ], [ -81.385042, 28.552993 ], [ -81.384785, 28.553001 ], [ -81.384664, 28.553003 ], [ -81.384302, 28.553011 ], [ -81.384182, 28.553014 ], [ -81.383848, 28.553018 ], [ -81.383697, 28.55307 ], [ -81.383466, 28.55308 ], [ -81.383139, 28.553096 ], [ -81.383106, 28.553098 ], [ -81.38293, 28.553102 ], [ -81.38268, 28.553107 ], [ -81.382455, 28.553136 ], [ -81.382403, 28.55335 ], [ -81.382361, 28.553525 ], [ -81.382208, 28.554037 ], [ -81.381793, 28.555413 ], [ -81.381374, 28.556928 ], [ -81.380985, 28.55829 ], [ -81.380595, 28.559194 ], [ -81.380123, 28.559541 ], [ -81.37996, 28.559789 ], [ -81.379945, 28.559785 ], [ -81.379916, 28.559785 ], [ -81.379882, 28.55978 ], [ -81.379855, 28.559775 ], [ -81.379829, 28.55977 ], [ -81.379778, 28.559754 ], [ -81.379678, 28.559709 ], [ -81.379616, 28.559668 ], [ -81.379529, 28.559592 ], [ -81.379517, 28.559581 ], [ -81.379446, 28.559505 ], [ -81.379414, 28.559466 ], [ -81.379348, 28.55936 ], [ -81.379317, 28.559292 ], [ -81.379299, 28.559178 ], [ -81.379282, 28.558202 ], [ -81.379276, 28.558047 ], [ -81.379067, 28.558228 ], [ -81.37869, 28.558518 ], [ -81.378506, 28.558633 ], [ -81.377173, 28.559401 ], [ -81.37693, 28.559546 ], [ -81.376925, 28.55928 ], [ -81.37692, 28.559015 ], [ -81.376919, 28.558974 ], [ -81.378199, 28.558304 ], [ -81.378423, 28.558172 ], [ -81.378627, 28.558043 ], [ -81.378811, 28.557914 ], [ -81.37902, 28.557754 ], [ -81.379261, 28.557551 ], [ -81.379257, 28.557362 ], [ -81.379076, 28.557494 ], [ -81.378707, 28.557783 ], [ -81.378224, 28.558123 ], [ -81.378081, 28.558212 ], [ -81.377869, 28.558327 ], [ -81.377795, 28.558361 ], [ -81.377677, 28.558396 ], [ -81.377596, 28.55841 ], [ -81.377513, 28.558415 ], [ -81.376915, 28.558413 ], [ -81.376911, 28.557605 ], [ -81.377033, 28.557598 ], [ -81.377717, 28.557575 ], [ -81.37792, 28.557564 ], [ -81.378228, 28.557557 ], [ -81.378263, 28.557552 ], [ -81.378302, 28.557532 ], [ -81.378328, 28.557502 ], [ -81.378339, 28.557472 ], [ -81.378328, 28.557074 ], [ -81.378321, 28.557024 ], [ -81.378311, 28.556758 ], [ -81.376903, 28.556769 ], [ -81.376894, 28.555997 ], [ -81.376881, 28.554988 ], [ -81.376876, 28.55495 ], [ -81.376872, 28.554237 ], [ -81.376311, 28.554237 ], [ -81.375663, 28.554248 ], [ -81.375323, 28.554249 ], [ -81.37517, 28.554242 ], [ -81.375167, 28.554021 ], [ -81.375162, 28.553621 ], [ -81.375162, 28.553358 ], [ -81.375163, 28.553156 ], [ -81.375155, 28.55314 ], [ -81.374875, 28.553138 ], [ -81.374757, 28.553138 ], [ -81.374036, 28.553126 ], [ -81.373956, 28.553125 ], [ -81.373757, 28.553126 ], [ -81.373552, 28.553129 ], [ -81.372938, 28.553139 ], [ -81.372734, 28.553143 ], [ -81.372739, 28.552965 ], [ -81.372742, 28.552904 ], [ -81.37274, 28.552484 ], [ -81.372738, 28.552433 ], [ -81.372732, 28.552278 ], [ -81.372718, 28.552261 ], [ -81.372716, 28.552004 ], [ -81.372713, 28.551531 ], [ -81.372705, 28.551235 ], [ -81.372699, 28.550979 ], [ -81.372904, 28.550977 ], [ -81.373251, 28.550975 ], [ -81.373199, 28.550044 ], [ -81.372965, 28.550051 ], [ -81.372962, 28.549868 ], [ -81.372682, 28.549872 ], [ -81.372675, 28.549417 ], [ -81.372661, 28.548489 ], [ -81.372979, 28.548487 ], [ -81.373127, 28.548486 ], [ -81.373112, 28.548216 ], [ -81.373081, 28.54821 ], [ -81.373085, 28.547913 ], [ -81.372655, 28.547915 ], [ -81.372654, 28.547751 ], [ -81.372653, 28.547567 ], [ -81.37265, 28.547382 ], [ -81.372641, 28.546827 ], [ -81.372639, 28.546643 ], [ -81.37243, 28.546644 ], [ -81.371802, 28.546648 ], [ -81.371594, 28.54665 ], [ -81.37159, 28.546464 ], [ -81.37158, 28.545908 ], [ -81.371577, 28.545723 ], [ -81.371372, 28.545725 ], [ -81.370756, 28.545731 ], [ -81.370552, 28.545734 ], [ -81.370552, 28.545919 ], [ -81.370552, 28.546261 ], [ -81.370556, 28.546474 ], [ -81.370561, 28.546659 ], [ -81.370151, 28.546662 ], [ -81.36892, 28.546671 ], [ -81.368511, 28.546675 ], [ -81.366435, 28.546692 ], [ -81.365332, 28.546696 ], [ -81.364367, 28.54671 ], [ -81.363951, 28.546713 ], [ -81.362703, 28.546724 ], [ -81.362288, 28.546728 ], [ -81.362284, 28.546544 ], [ -81.36228, 28.546266 ], [ -81.360207, 28.546286 ], [ -81.360205, 28.546015 ], [ -81.360203, 28.545833 ], [ -81.360201, 28.545656 ], [ -81.360196, 28.545128 ], [ -81.360195, 28.544952 ], [ -81.360182, 28.54402 ], [ -81.360163, 28.54284 ], [ -81.358931, 28.542849 ], [ -81.358162, 28.542859 ], [ -81.357879, 28.542862 ], [ -81.356269, 28.542885 ], [ -81.356171, 28.54287 ], [ -81.356077, 28.54284 ], [ -81.356019, 28.542812 ], [ -81.356016, 28.542707 ], [ -81.356015, 28.542608 ], [ -81.356017, 28.542392 ], [ -81.356019, 28.542287 ], [ -81.35602, 28.542161 ], [ -81.356017, 28.542018 ], [ -81.356005, 28.541212 ], [ -81.356001, 28.540944 ], [ -81.355994, 28.54048 ], [ -81.355976, 28.539092 ], [ -81.35597, 28.538629 ], [ -81.355765, 28.538633 ], [ -81.355727, 28.538634 ], [ -81.355153, 28.538637 ], [ -81.354949, 28.538639 ], [ -81.354532, 28.538645 ], [ -81.353283, 28.538664 ], [ -81.352867, 28.538671 ], [ -81.352673, 28.538673 ], [ -81.352662, 28.538673 ], [ -81.352478, 28.538675 ], [ -81.352162, 28.538678 ], [ -81.35205, 28.538678 ], [ -81.351846, 28.53868 ], [ -81.351843, 28.538599 ], [ -81.351836, 28.538386 ], [ -81.351836, 28.538356 ], [ -81.351834, 28.538275 ], [ -81.351833, 28.5382 ], [ -81.351832, 28.53813 ], [ -81.35549, 28.538134 ], [ -81.35549, 28.538096 ], [ -81.35549, 28.53808 ], [ -81.35549, 28.538027 ], [ -81.35549, 28.537978 ], [ -81.35549, 28.537944 ], [ -81.35549, 28.537862 ], [ -81.355976, 28.537856 ], [ -81.355961, 28.537722 ], [ -81.35595, 28.536827 ], [ -81.355882, 28.53136 ], [ -81.35877, 28.531343 ], [ -81.360537, 28.531331 ], [ -81.360555, 28.531484 ], [ -81.360557, 28.531654 ], [ -81.360559, 28.531724 ], [ -81.360559, 28.53178 ], [ -81.362037, 28.531782 ], [ -81.362033, 28.531595 ], [ -81.362265, 28.531548 ], [ -81.362267, 28.531777 ], [ -81.363599, 28.531763 ], [ -81.363587, 28.531595 ], [ -81.363761, 28.531593 ], [ -81.363763, 28.531295 ], [ -81.363865, 28.531294 ], [ -81.364149, 28.531291 ], [ -81.36415, 28.531475 ], [ -81.36415, 28.531594 ], [ -81.364407, 28.531587 ], [ -81.364564, 28.531583 ], [ -81.364568, 28.531714 ], [ -81.364577, 28.532005 ], [ -81.364633, 28.532011 ], [ -81.364692, 28.53228 ], [ -81.364708, 28.533377 ], [ -81.365208, 28.533405 ], [ -81.365205, 28.533533 ], [ -81.366164, 28.533539 ], [ -81.366164, 28.533577 ], [ -81.366246, 28.53357 ], [ -81.366908, 28.533557 ], [ -81.366914, 28.533446 ], [ -81.367186, 28.533446 ], [ -81.367182, 28.533186 ], [ -81.367178, 28.533111 ], [ -81.367581, 28.533104 ], [ -81.367591, 28.533305 ], [ -81.367902, 28.533301 ], [ -81.3679, 28.533124 ], [ -81.36831, 28.533117 ], [ -81.368304, 28.53276 ], [ -81.368301, 28.532581 ], [ -81.368308, 28.53253 ], [ -81.368335, 28.532471 ], [ -81.36834, 28.532428 ], [ -81.368355, 28.532299 ], [ -81.368361, 28.532257 ], [ -81.368437, 28.532189 ], [ -81.368508, 28.53211 ], [ -81.368572, 28.53202 ], [ -81.368624, 28.53192 ], [ -81.368658, 28.531815 ], [ -81.368837, 28.531836 ], [ -81.369681, 28.531826 ], [ -81.370661, 28.531809 ], [ -81.370659, 28.531488 ], [ -81.370648, 28.530942 ], [ -81.370651, 28.530918 ], [ -81.370647, 28.530811 ], [ -81.37097, 28.530804 ], [ -81.370986, 28.531097 ], [ -81.371171, 28.531091 ], [ -81.371166, 28.531305 ], [ -81.372158, 28.531298 ], [ -81.372166, 28.531143 ], [ -81.372816, 28.531136 ], [ -81.372811, 28.530932 ], [ -81.37281, 28.530778 ], [ -81.372798, 28.529763 ], [ -81.372796, 28.529662 ], [ -81.372795, 28.529538 ], [ -81.372801, 28.529362 ], [ -81.372805, 28.529262 ], [ -81.372919, 28.529339 ], [ -81.373261, 28.529573 ], [ -81.373376, 28.529652 ], [ -81.373435, 28.529693 ], [ -81.373615, 28.529816 ], [ -81.373675, 28.529857 ], [ -81.373974, 28.530061 ], [ -81.37438, 28.530339 ], [ -81.374429, 28.530377 ], [ -81.374517, 28.530461 ], [ -81.374557, 28.530506 ], [ -81.374626, 28.530603 ], [ -81.374682, 28.530707 ], [ -81.374724, 28.530815 ], [ -81.37475, 28.530905 ], [ -81.374768, 28.531004 ], [ -81.374775, 28.531104 ], [ -81.374774, 28.531173 ], [ -81.374917, 28.531171 ], [ -81.375346, 28.531167 ], [ -81.37549, 28.531166 ], [ -81.376526, 28.531153 ], [ -81.377492, 28.531141 ], [ -81.377683, 28.531139 ], [ -81.378256, 28.531133 ], [ -81.378448, 28.531132 ], [ -81.378454, 28.531408 ], [ -81.378469, 28.53205 ], [ -81.37847, 28.532239 ], [ -81.378472, 28.532517 ], [ -81.378797, 28.532511 ], [ -81.379772, 28.532493 ], [ -81.380098, 28.532488 ], [ -81.380108, 28.532088 ], [ -81.380108, 28.531119 ], [ -81.380745, 28.531112 ], [ -81.380828, 28.531112 ], [ -81.380834, 28.531819 ], [ -81.38085, 28.532481 ], [ -81.381851, 28.53247 ], [ -81.381993, 28.532466 ], [ -81.382419, 28.532453 ], [ -81.382561, 28.53245 ], [ -81.38259, 28.532449 ], [ -81.382639, 28.532447 ], [ -81.38268, 28.532445 ], [ -81.38271, 28.532445 ], [ -81.382681, 28.532174 ], [ -81.382679, 28.532154 ], [ -81.382651, 28.531873 ], [ -81.382612, 28.531483 ], [ -81.3826, 28.531363 ], [ -81.382573, 28.531093 ], [ -81.382816, 28.53109 ], [ -81.383547, 28.531084 ], [ -81.383791, 28.531083 ], [ -81.384002, 28.531082 ], [ -81.384384, 28.531082 ], [ -81.384541, 28.531078 ], [ -81.384638, 28.531067 ], [ -81.384696, 28.531062 ], [ -81.38485, 28.531057 ], [ -81.384929, 28.531057 ], [ -81.385044, 28.531057 ], [ -81.385271, 28.531058 ], [ -81.385626, 28.53106 ], [ -81.385689, 28.53106 ], [ -81.385821, 28.531061 ], [ -81.385868, 28.531061 ], [ -81.385942, 28.531062 ], [ -81.385825, 28.531324 ], [ -81.385712, 28.531504 ], [ -81.385129, 28.532329 ], [ -81.384967, 28.532534 ], [ -81.38492, 28.532632 ], [ -81.384817, 28.532771 ], [ -81.384744, 28.532899 ], [ -81.384381, 28.533465 ], [ -81.384005, 28.534071 ], [ -81.383958, 28.534161 ], [ -81.383815, 28.534434 ], [ -81.383788, 28.534488 ], [ -81.38374, 28.534581 ], [ -81.383469, 28.535069 ], [ -81.383453, 28.535097 ], [ -81.383347, 28.535293 ], [ -81.383322, 28.53534 ], [ -81.383299, 28.535386 ], [ -81.383244, 28.535496 ], [ -81.383161, 28.535697 ], [ -81.383055, 28.535955 ], [ -81.383012, 28.536113 ], [ -81.382992, 28.536176 ], [ -81.382942, 28.536329 ], [ -81.382863, 28.536575 ], [ -81.382746, 28.536953 ], [ -81.382725, 28.537034 ], [ -81.38267, 28.537283 ], [ -81.382603, 28.537667 ], [ -81.382577, 28.537882 ], [ -81.382556, 28.538054 ], [ -81.382547, 28.538156 ], [ -81.38255, 28.538174 ], [ -81.382549, 28.538195 ], [ -81.382543, 28.538276 ], [ -81.382542, 28.538294 ], [ -81.38254, 28.538316 ], [ -81.382538, 28.538361 ], [ -81.382537, 28.53838 ], [ -81.382487, 28.538974 ], [ -81.382445, 28.539816 ], [ -81.382417, 28.540223 ], [ -81.382593, 28.540219 ], [ -81.382644, 28.540218 ], [ -81.382703, 28.540212 ], [ -81.382787, 28.540205 ], [ -81.382851, 28.540197 ], [ -81.383234, 28.540182 ], [ -81.383873, 28.540181 ], [ -81.384948, 28.540181 ], [ -81.384954, 28.540782 ], [ -81.384954, 28.540842 ], [ -81.384956, 28.541023 ], [ -81.384957, 28.541084 ], [ -81.384958, 28.541223 ], [ -81.384956, 28.541269 ], [ -81.384944, 28.541825 ], [ -81.38494, 28.542011 ], [ -81.385351, 28.542009 ], [ -81.386584, 28.542002 ], [ -81.386996, 28.542001 ], [ -81.387593, 28.541997 ], [ -81.389043, 28.541998 ], [ -81.389061, 28.543412 ], [ -81.389061, 28.543501 ], [ -81.389064, 28.543768 ], [ -81.389065, 28.543858 ], [ -81.389067, 28.544042 ], [ -81.389073, 28.544594 ], [ -81.389076, 28.544778 ], [ -81.389079, 28.544963 ], [ -81.389089, 28.545521 ], [ -81.389093, 28.545707 ], [ -81.389094, 28.545785 ], [ -81.389097, 28.546022 ], [ -81.389099, 28.546101 ], [ -81.389101, 28.546235 ], [ -81.389104, 28.546758 ], [ -81.389104, 28.546772 ], [ -81.389115, 28.547531 ], [ -81.389117, 28.548046 ], [ -81.389116, 28.548334 ] ] ] ] } },
{ "type": "Feature", "properties": { "ZCTA5CE20": "32818", "GEOID20": "32818", "GEOIDFQ20": "860Z200US32818", "CLASSFP20": "B5", "MTFCC20": "G6350", "FUNCSTAT20": "S", "ALAND20": 28823743, "AWATER20": 2039166, "INTPTLAT20": "+28.5900598", "INTPTLON20": "-081.4938483" }, "geometry": { "type": "MultiPolygon", "coordinates": [ [ [ [ -81.513254, 28.570061 ], [ -81.512522, 28.570068 ], [ -81.511812, 28.570075 ], [ -81.51108, 28.570081 ], [ -81.510252, 28.570089 ], [ -81.509607, 28.570096 ], [ -81.509195, 28.570099 ], [ -81.508361, 28.570106 ], [ -81.507444, 28.570114 ], [ -81.507052, 28.5701 ], [ -81.507066, 28.571955 ], [ -81.504955, 28.571968 ], [ -81.504957, 28.572368 ], [ -81.50496, 28.572888 ], [ -81.504968, 28.573785 ], [ -81.504409, 28.573792 ], [ -81.504392, 28.573794 ], [ -81.503393, 28.573798 ], [ -81.502644, 28.573801 ], [ -81.501261, 28.573807 ], [ -81.500882, 28.573808 ], [ -81.500883, 28.573988 ], [ -81.500885, 28.574303 ], [ -81.500325, 28.574309 ], [ -81.499451, 28.574311 ], [ -81.499452, 28.574429 ], [ -81.499452, 28.574606 ], [ -81.499462, 28.574871 ], [ -81.499482, 28.575143 ], [ -81.499489, 28.575255 ], [ -81.499494, 28.575335 ], [ -81.49949, 28.575564 ], [ -81.500255, 28.575558 ], [ -81.500263, 28.575834 ], [ -81.500343, 28.575835 ], [ -81.500556, 28.575832 ], [ -81.500808, 28.575831 ], [ -81.500819, 28.575831 ], [ -81.501147, 28.575829 ], [ -81.501449, 28.575827 ], [ -81.501555, 28.575827 ], [ -81.501699, 28.575826 ], [ -81.501949, 28.575825 ], [ -81.502198, 28.575823 ], [ -81.502307, 28.575823 ], [ -81.502314, 28.576712 ], [ -81.502319, 28.577338 ], [ -81.502319, 28.577367 ], [ -81.502325, 28.577462 ], [ -81.502547, 28.577463 ], [ -81.504064, 28.577433 ], [ -81.504261, 28.577459 ], [ -81.504385, 28.577451 ], [ -81.504483, 28.577446 ], [ -81.504636, 28.577444 ], [ -81.504871, 28.577441 ], [ -81.504941, 28.577439 ], [ -81.505005, 28.577433 ], [ -81.505057, 28.577428 ], [ -81.505374, 28.577437 ], [ -81.505802, 28.577375 ], [ -81.505987, 28.577335 ], [ -81.506133, 28.577278 ], [ -81.506543, 28.577097 ], [ -81.506949, 28.576819 ], [ -81.507227, 28.576577 ], [ -81.507412, 28.576347 ], [ -81.507761, 28.575735 ], [ -81.507781, 28.575669 ], [ -81.507824, 28.575612 ], [ -81.507962, 28.575642 ], [ -81.508132, 28.575657 ], [ -81.50824, 28.57567 ], [ -81.508268, 28.575673 ], [ -81.508385, 28.575696 ], [ -81.508489, 28.575724 ], [ -81.508575, 28.575747 ], [ -81.508651, 28.575779 ], [ -81.508733, 28.575822 ], [ -81.508807, 28.575873 ], [ -81.508859, 28.575912 ], [ -81.508918, 28.57596 ], [ -81.508964, 28.576005 ], [ -81.50901, 28.576068 ], [ -81.509045, 28.576125 ], [ -81.509079, 28.576177 ], [ -81.5091, 28.576215 ], [ -81.509122, 28.57627 ], [ -81.509139, 28.576327 ], [ -81.509148, 28.576387 ], [ -81.509157, 28.576463 ], [ -81.509162, 28.576846 ], [ -81.509158, 28.576923 ], [ -81.509155, 28.577013 ], [ -81.509144, 28.577155 ], [ -81.509144, 28.577215 ], [ -81.509139, 28.577233 ], [ -81.509137, 28.577272 ], [ -81.509132, 28.57739 ], [ -81.509131, 28.57743 ], [ -81.509148, 28.577531 ], [ -81.509155, 28.577572 ], [ -81.509156, 28.577646 ], [ -81.50916, 28.577833 ], [ -81.50916, 28.577875 ], [ -81.50916, 28.577941 ], [ -81.50916, 28.578008 ], [ -81.509161, 28.578059 ], [ -81.509161, 28.578073 ], [ -81.509161, 28.578115 ], [ -81.509161, 28.57813 ], [ -81.509161, 28.57835 ], [ -81.509164, 28.57901 ], [ -81.509165, 28.579231 ], [ -81.509165, 28.579275 ], [ -81.509071, 28.579275 ], [ -81.508996, 28.579275 ], [ -81.508796, 28.579276 ], [ -81.508564, 28.579278 ], [ -81.508333, 28.579279 ], [ -81.508224, 28.579279 ], [ -81.508137, 28.57928 ], [ -81.507867, 28.579281 ], [ -81.507632, 28.579282 ], [ -81.507404, 28.579283 ], [ -81.507115, 28.579285 ], [ -81.506477, 28.579288 ], [ -81.506047, 28.57929 ], [ -81.505921, 28.579291 ], [ -81.505445, 28.579293 ], [ -81.505225, 28.579274 ], [ -81.505131, 28.579247 ], [ -81.505111, 28.579232 ], [ -81.505098, 28.579221 ], [ -81.505066, 28.579167 ], [ -81.505054, 28.579116 ], [ -81.505053, 28.578326 ], [ -81.505058, 28.577991 ], [ -81.505066, 28.577797 ], [ -81.50506, 28.577565 ], [ -81.504921, 28.577566 ], [ -81.504486, 28.577566 ], [ -81.504411, 28.577567 ], [ -81.504144, 28.577573 ], [ -81.504039, 28.577574 ], [ -81.503249, 28.577578 ], [ -81.502335, 28.577594 ], [ -81.502341, 28.577697 ], [ -81.502342, 28.577789 ], [ -81.502345, 28.578368 ], [ -81.502346, 28.578575 ], [ -81.501821, 28.578909 ], [ -81.501463, 28.57934 ], [ -81.501404, 28.579411 ], [ -81.501284, 28.579837 ], [ -81.501266, 28.579904 ], [ -81.501229, 28.580038 ], [ -81.501153, 28.580313 ], [ -81.500923, 28.581148 ], [ -81.500922, 28.581427 ], [ -81.500921, 28.581689 ], [ -81.500921, 28.581842 ], [ -81.500921, 28.581977 ], [ -81.500921, 28.582252 ], [ -81.500921, 28.582714 ], [ -81.500921, 28.583005 ], [ -81.500921, 28.583263 ], [ -81.501557, 28.583897 ], [ -81.501828, 28.584167 ], [ -81.502162, 28.58449 ], [ -81.50229, 28.584619 ], [ -81.50229, 28.584784 ], [ -81.502471, 28.584783 ], [ -81.502641, 28.584782 ], [ -81.502875, 28.58478 ], [ -81.502986, 28.584779 ], [ -81.503109, 28.584779 ], [ -81.503204, 28.584778 ], [ -81.503352, 28.584777 ], [ -81.503491, 28.584776 ], [ -81.503595, 28.584775 ], [ -81.503648, 28.584775 ], [ -81.503838, 28.584774 ], [ -81.50402, 28.584772 ], [ -81.504081, 28.584772 ], [ -81.504233, 28.584773 ], [ -81.504567, 28.584778 ], [ -81.504812, 28.584776 ], [ -81.505053, 28.584774 ], [ -81.505055, 28.585374 ], [ -81.505055, 28.585419 ], [ -81.505055, 28.585689 ], [ -81.505055, 28.585789 ], [ -81.505056, 28.586174 ], [ -81.505057, 28.586588 ], [ -81.505071, 28.586588 ], [ -81.505552, 28.586584 ], [ -81.505574, 28.586584 ], [ -81.505768, 28.586582 ], [ -81.505833, 28.586582 ], [ -81.50587, 28.586582 ], [ -81.506016, 28.58658 ], [ -81.506084, 28.58658 ], [ -81.506085, 28.586891 ], [ -81.506088, 28.587001 ], [ -81.506085, 28.587174 ], [ -81.50609, 28.588263 ], [ -81.50609, 28.588318 ], [ -81.506092, 28.588401 ], [ -81.506024, 28.588402 ], [ -81.505812, 28.588404 ], [ -81.505708, 28.588404 ], [ -81.505659, 28.588404 ], [ -81.505396, 28.588406 ], [ -81.505293, 28.588408 ], [ -81.505125, 28.588409 ], [ -81.505056, 28.58841 ], [ -81.50506, 28.588493 ], [ -81.505065, 28.589808 ], [ -81.505071, 28.589919 ], [ -81.50506, 28.589926 ], [ -81.504903, 28.590035 ], [ -81.50467, 28.590214 ], [ -81.50455, 28.590313 ], [ -81.504548, 28.590185 ], [ -81.504542, 28.588494 ], [ -81.504539, 28.588414 ], [ -81.504455, 28.588415 ], [ -81.504277, 28.588416 ], [ -81.504025, 28.588418 ], [ -81.503745, 28.588421 ], [ -81.503568, 28.588423 ], [ -81.503402, 28.588424 ], [ -81.502979, 28.588427 ], [ -81.502991, 28.592088 ], [ -81.502916, 28.592089 ], [ -81.502522, 28.592096 ], [ -81.501955, 28.592101 ], [ -81.50196, 28.592014 ], [ -81.501959, 28.591594 ], [ -81.501959, 28.591419 ], [ -81.501957, 28.590999 ], [ -81.501957, 28.590797 ], [ -81.501957, 28.590596 ], [ -81.501957, 28.590394 ], [ -81.501956, 28.590193 ], [ -81.501956, 28.589991 ], [ -81.501956, 28.58979 ], [ -81.501956, 28.589589 ], [ -81.501955, 28.589388 ], [ -81.501955, 28.589186 ], [ -81.501955, 28.588985 ], [ -81.501953, 28.588784 ], [ -81.501953, 28.588509 ], [ -81.501954, 28.588436 ], [ -81.50175, 28.588438 ], [ -81.501686, 28.588438 ], [ -81.501496, 28.58844 ], [ -81.501433, 28.588441 ], [ -81.501357, 28.588442 ], [ -81.501131, 28.588444 ], [ -81.501056, 28.588446 ], [ -81.500928, 28.588447 ], [ -81.500916, 28.588447 ], [ -81.500917, 28.588797 ], [ -81.500917, 28.589003 ], [ -81.500917, 28.589209 ], [ -81.500917, 28.589416 ], [ -81.500917, 28.589622 ], [ -81.500917, 28.589828 ], [ -81.500917, 28.590034 ], [ -81.500917, 28.590241 ], [ -81.500917, 28.590278 ], [ -81.500917, 28.590447 ], [ -81.500916, 28.590653 ], [ -81.500916, 28.590828 ], [ -81.500916, 28.591066 ], [ -81.500916, 28.591194 ], [ -81.500916, 28.591492 ], [ -81.500916, 28.591671 ], [ -81.500916, 28.591774 ], [ -81.500915, 28.59211 ], [ -81.500916, 28.592187 ], [ -81.501225, 28.592191 ], [ -81.501226, 28.592562 ], [ -81.501227, 28.593092 ], [ -81.501694, 28.593089 ], [ -81.502464, 28.593083 ], [ -81.502579, 28.593077 ], [ -81.502524, 28.593241 ], [ -81.502436, 28.593556 ], [ -81.502375, 28.593834 ], [ -81.502325, 28.594121 ], [ -81.502253, 28.594689 ], [ -81.502249, 28.594722 ], [ -81.502062, 28.596203 ], [ -81.50181, 28.598241 ], [ -81.501665, 28.599415 ], [ -81.501867, 28.599418 ], [ -81.501919, 28.599418 ], [ -81.502683, 28.599417 ], [ -81.502938, 28.599417 ], [ -81.503257, 28.599411 ], [ -81.503338, 28.599408 ], [ -81.503611, 28.5994 ], [ -81.503966, 28.599395 ], [ -81.504538, 28.599398 ], [ -81.504938, 28.599401 ], [ -81.506176, 28.599397 ], [ -81.506175, 28.601236 ], [ -81.505535, 28.601239 ], [ -81.505104, 28.601241 ], [ -81.504361, 28.601243 ], [ -81.503618, 28.601245 ], [ -81.503322, 28.601245 ], [ -81.503027, 28.601246 ], [ -81.503026, 28.601152 ], [ -81.502942, 28.601152 ], [ -81.50234, 28.601153 ], [ -81.501596, 28.601154 ], [ -81.501544, 28.601154 ], [ -81.501449, 28.601155 ], [ -81.501419, 28.60139 ], [ -81.501418, 28.601401 ], [ -81.501233, 28.602888 ], [ -81.501134, 28.603688 ], [ -81.50104, 28.604451 ], [ -81.501026, 28.604563 ], [ -81.500984, 28.604896 ], [ -81.50089, 28.604898 ], [ -81.500384, 28.604898 ], [ -81.500073, 28.604898 ], [ -81.499839, 28.604898 ], [ -81.499605, 28.604898 ], [ -81.499372, 28.604898 ], [ -81.499158, 28.604898 ], [ -81.499001, 28.60487 ], [ -81.498979, 28.604876 ], [ -81.498748, 28.604873 ], [ -81.497969, 28.604878 ], [ -81.496981, 28.604875 ], [ -81.49692, 28.604879 ], [ -81.496831, 28.604901 ], [ -81.496825, 28.604946 ], [ -81.496821, 28.604974 ], [ -81.497056, 28.605012 ], [ -81.49735, 28.60505 ], [ -81.497518, 28.605072 ], [ -81.4976, 28.605076 ], [ -81.49771, 28.605066 ], [ -81.497915, 28.605021 ], [ -81.498037, 28.605012 ], [ -81.498148, 28.605016 ], [ -81.498257, 28.605031 ], [ -81.498363, 28.605058 ], [ -81.498507, 28.605126 ], [ -81.498606, 28.605189 ], [ -81.498847, 28.605374 ], [ -81.499104, 28.605572 ], [ -81.499188, 28.605619 ], [ -81.499297, 28.605656 ], [ -81.499481, 28.605691 ], [ -81.499492, 28.605694 ], [ -81.499603, 28.605702 ], [ -81.499715, 28.605698 ], [ -81.500043, 28.605698 ], [ -81.500231, 28.605699 ], [ -81.500361, 28.605699 ], [ -81.500754, 28.605699 ], [ -81.500885, 28.605699 ], [ -81.50088, 28.605737 ], [ -81.500871, 28.60581 ], [ -81.500865, 28.605853 ], [ -81.500861, 28.605892 ], [ -81.500839, 28.606067 ], [ -81.500773, 28.606593 ], [ -81.500752, 28.606769 ], [ -81.500727, 28.606966 ], [ -81.500654, 28.607559 ], [ -81.50063, 28.607757 ], [ -81.500574, 28.608202 ], [ -81.500529, 28.608564 ], [ -81.500408, 28.609538 ], [ -81.500362, 28.609915 ], [ -81.500351, 28.609983 ], [ -81.500335, 28.610074 ], [ -81.50029, 28.610348 ], [ -81.500281, 28.610408 ], [ -81.500389, 28.610409 ], [ -81.500436, 28.610409 ], [ -81.500769, 28.610409 ], [ -81.501008, 28.610409 ], [ -81.501078, 28.610408 ], [ -81.501577, 28.610406 ], [ -81.502076, 28.610405 ], [ -81.502126, 28.610404 ], [ -81.502325, 28.610404 ], [ -81.502757, 28.610402 ], [ -81.503071, 28.610401 ], [ -81.503073, 28.61041 ], [ -81.503252, 28.610409 ], [ -81.503254, 28.610655 ], [ -81.503255, 28.610867 ], [ -81.503256, 28.611079 ], [ -81.503257, 28.611189 ], [ -81.503257, 28.611292 ], [ -81.503259, 28.611504 ], [ -81.50326, 28.611717 ], [ -81.503261, 28.611929 ], [ -81.503262, 28.612062 ], [ -81.503269, 28.61244 ], [ -81.503158, 28.612441 ], [ -81.501099, 28.61252 ], [ -81.501022, 28.612521 ], [ -81.501021, 28.612582 ], [ -81.501021, 28.612626 ], [ -81.501036, 28.614909 ], [ -81.501036, 28.615067 ], [ -81.499901, 28.615637 ], [ -81.499906, 28.616282 ], [ -81.500293, 28.616282 ], [ -81.500293, 28.61688 ], [ -81.499928, 28.61688 ], [ -81.499567, 28.61688 ], [ -81.499412, 28.61687 ], [ -81.499415, 28.616967 ], [ -81.499425, 28.617269 ], [ -81.499422, 28.617581 ], [ -81.499404, 28.617878 ], [ -81.499361, 28.618271 ], [ -81.499227, 28.619087 ], [ -81.498958, 28.620636 ], [ -81.498951, 28.620682 ], [ -81.498739, 28.621915 ], [ -81.498612, 28.622662 ], [ -81.49823, 28.624904 ], [ -81.498104, 28.625652 ], [ -81.497721, 28.625642 ], [ -81.497049, 28.625625 ], [ -81.496573, 28.625621 ], [ -81.496369, 28.62562 ], [ -81.496191, 28.625621 ], [ -81.495537, 28.625624 ], [ -81.495366, 28.625625 ], [ -81.494646, 28.625636 ], [ -81.494093, 28.625635 ], [ -81.493575, 28.625642 ], [ -81.492922, 28.625651 ], [ -81.492918, 28.627217 ], [ -81.492907, 28.627868 ], [ -81.49289, 28.627982 ], [ -81.492859, 28.628094 ], [ -81.492788, 28.628409 ], [ -81.492728, 28.6286 ], [ -81.492638, 28.628836 ], [ -81.492515, 28.629095 ], [ -81.492431, 28.62925 ], [ -81.492305, 28.629451 ], [ -81.492166, 28.629645 ], [ -81.492, 28.629849 ], [ -81.491818, 28.630043 ], [ -81.491119, 28.630708 ], [ -81.490494, 28.631309 ], [ -81.490262, 28.631514 ], [ -81.48988, 28.631877 ], [ -81.489414, 28.632306 ], [ -81.489155, 28.632507 ], [ -81.489061, 28.632574 ], [ -81.488788, 28.632746 ], [ -81.488704, 28.632795 ], [ -81.488563, 28.63287 ], [ -81.488382, 28.632953 ], [ -81.48827, 28.633006 ], [ -81.487975, 28.633122 ], [ -81.487895, 28.633149 ], [ -81.487489, 28.633264 ], [ -81.487346, 28.633296 ], [ -81.487163, 28.63333 ], [ -81.487084, 28.633346 ], [ -81.486768, 28.633385 ], [ -81.486488, 28.633402 ], [ -81.486216, 28.633402 ], [ -81.485995, 28.633392 ], [ -81.485791, 28.633375 ], [ -81.485548, 28.633342 ], [ -81.485352, 28.633307 ], [ -81.485037, 28.633234 ], [ -81.482137, 28.632407 ], [ -81.482092, 28.632394 ], [ -81.480422, 28.631922 ], [ -81.480258, 28.63188 ], [ -81.480055, 28.631839 ], [ -81.479792, 28.631798 ], [ -81.479588, 28.63178 ], [ -81.479491, 28.631772 ], [ -81.479199, 28.631763 ], [ -81.479021, 28.631767 ], [ -81.47896, 28.631769 ], [ -81.478654, 28.631792 ], [ -81.478386, 28.63183 ], [ -81.477932, 28.631918 ], [ -81.477783, 28.631943 ], [ -81.47764, 28.631983 ], [ -81.47741, 28.632033 ], [ -81.47708, 28.632107 ], [ -81.476533, 28.632229 ], [ -81.476436, 28.632251 ], [ -81.476367, 28.632266 ], [ -81.476254, 28.632291 ], [ -81.475375, 28.632484 ], [ -81.474826, 28.632585 ], [ -81.474599, 28.632619 ], [ -81.474363, 28.632649 ], [ -81.474353, 28.632651 ], [ -81.472128, 28.632935 ], [ -81.472129, 28.62992 ], [ -81.472129, 28.629491 ], [ -81.472129, 28.629366 ], [ -81.472871, 28.629366 ], [ -81.473615, 28.629366 ], [ -81.473624, 28.62742 ], [ -81.473626, 28.627083 ], [ -81.473784, 28.627084 ], [ -81.474951, 28.627094 ], [ -81.474918, 28.626257 ], [ -81.474897, 28.625733 ], [ -81.475049, 28.625732 ], [ -81.475217, 28.625731 ], [ -81.475525, 28.625733 ], [ -81.475704, 28.62573 ], [ -81.476179, 28.625725 ], [ -81.476334, 28.625723 ], [ -81.476468, 28.625722 ], [ -81.477066, 28.625718 ], [ -81.477337, 28.625718 ], [ -81.477419, 28.625719 ], [ -81.477627, 28.625716 ], [ -81.478188, 28.625712 ], [ -81.479451, 28.625704 ], [ -81.479482, 28.624576 ], [ -81.479017, 28.624537 ], [ -81.478971, 28.620167 ], [ -81.480391, 28.620182 ], [ -81.480389, 28.619909 ], [ -81.480385, 28.619387 ], [ -81.480384, 28.619327 ], [ -81.480381, 28.619149 ], [ -81.480381, 28.61909 ], [ -81.480379, 28.618897 ], [ -81.480378, 28.618719 ], [ -81.480376, 28.618321 ], [ -81.480375, 28.618129 ], [ -81.478209, 28.618182 ], [ -81.477557, 28.618198 ], [ -81.476308, 28.618196 ], [ -81.476301, 28.617152 ], [ -81.476191, 28.616063 ], [ -81.476119, 28.615646 ], [ -81.476133, 28.615296 ], [ -81.476168, 28.614497 ], [ -81.47617, 28.614325 ], [ -81.476178, 28.613729 ], [ -81.475767, 28.613657 ], [ -81.475424, 28.613573 ], [ -81.475152, 28.613507 ], [ -81.474719, 28.613409 ], [ -81.474266, 28.613301 ], [ -81.473751, 28.613181 ], [ -81.473467, 28.613111 ], [ -81.473177, 28.613042 ], [ -81.472429, 28.612866 ], [ -81.472267, 28.612828 ], [ -81.471782, 28.612717 ], [ -81.471621, 28.612681 ], [ -81.471334, 28.61261 ], [ -81.471421, 28.612193 ], [ -81.470947, 28.612065 ], [ -81.470669, 28.611915 ], [ -81.470425, 28.611683 ], [ -81.470199, 28.611298 ], [ -81.469893, 28.610784 ], [ -81.46985, 28.610683 ], [ -81.469679, 28.610683 ], [ -81.469486, 28.610842 ], [ -81.469382, 28.610915 ], [ -81.469128, 28.610805 ], [ -81.469057, 28.610884 ], [ -81.469028, 28.610922 ], [ -81.468806, 28.611223 ], [ -81.468757, 28.611297 ], [ -81.468674, 28.611427 ], [ -81.468501, 28.611329 ], [ -81.467984, 28.611038 ], [ -81.467937, 28.611012 ], [ -81.467807, 28.610952 ], [ -81.46786, 28.610834 ], [ -81.46788, 28.61079 ], [ -81.46791, 28.610674 ], [ -81.467925, 28.610556 ], [ -81.467928, 28.610456 ], [ -81.467934, 28.610327 ], [ -81.467938, 28.610196 ], [ -81.467941, 28.610128 ], [ -81.467938, 28.609806 ], [ -81.467938, 28.609676 ], [ -81.467936, 28.609266 ], [ -81.46793, 28.608039 ], [ -81.467929, 28.60763 ], [ -81.467927, 28.607329 ], [ -81.467925, 28.607015 ], [ -81.467924, 28.606429 ], [ -81.467923, 28.606129 ], [ -81.467922, 28.605864 ], [ -81.467922, 28.605566 ], [ -81.467916, 28.605071 ], [ -81.467914, 28.604807 ], [ -81.467913, 28.604653 ], [ -81.467912, 28.604192 ], [ -81.467912, 28.604039 ], [ -81.467909, 28.603709 ], [ -81.467907, 28.603526 ], [ -81.467894, 28.602719 ], [ -81.467891, 28.60239 ], [ -81.467876, 28.601869 ], [ -81.467891, 28.60156 ], [ -81.467896, 28.601173 ], [ -81.467895, 28.60092 ], [ -81.467894, 28.600815 ], [ -81.467893, 28.600503 ], [ -81.467893, 28.600399 ], [ -81.46789, 28.600054 ], [ -81.467888, 28.599806 ], [ -81.4679, 28.599282 ], [ -81.467899, 28.599022 ], [ -81.467899, 28.598865 ], [ -81.467893, 28.598678 ], [ -81.467886, 28.5985 ], [ -81.467883, 28.598171 ], [ -81.467874, 28.597009 ], [ -81.467873, 28.59665 ], [ -81.467873, 28.596144 ], [ -81.467855, 28.593557 ], [ -81.467855, 28.593541 ], [ -81.467839, 28.590634 ], [ -81.467836, 28.590188 ], [ -81.467834, 28.589911 ], [ -81.467828, 28.589082 ], [ -81.467826, 28.588806 ], [ -81.467822, 28.588319 ], [ -81.467819, 28.587745 ], [ -81.467822, 28.587609 ], [ -81.467839, 28.587257 ], [ -81.467835, 28.58686 ], [ -81.467832, 28.586374 ], [ -81.467829, 28.586014 ], [ -81.467828, 28.58583 ], [ -81.467807, 28.585371 ], [ -81.467804, 28.585047 ], [ -81.467804, 28.584935 ], [ -81.467802, 28.584576 ], [ -81.4678, 28.584348 ], [ -81.467795, 28.583667 ], [ -81.467794, 28.58344 ], [ -81.46779, 28.583009 ], [ -81.46779, 28.582917 ], [ -81.467788, 28.582613 ], [ -81.467787, 28.582394 ], [ -81.467782, 28.581841 ], [ -81.467781, 28.581718 ], [ -81.467778, 28.581288 ], [ -81.467775, 28.580956 ], [ -81.467769, 28.57996 ], [ -81.467767, 28.579629 ], [ -81.467765, 28.579454 ], [ -81.467764, 28.579243 ], [ -81.467756, 28.578087 ], [ -81.467754, 28.577775 ], [ -81.467751, 28.577631 ], [ -81.467749, 28.577445 ], [ -81.467747, 28.577306 ], [ -81.467744, 28.576676 ], [ -81.467743, 28.57642 ], [ -81.467736, 28.575655 ], [ -81.46773, 28.574878 ], [ -81.467727, 28.574348 ], [ -81.467723, 28.574115 ], [ -81.467722, 28.574044 ], [ -81.467717, 28.573345 ], [ -81.467713, 28.572576 ], [ -81.467708, 28.571804 ], [ -81.467705, 28.571507 ], [ -81.4677, 28.570809 ], [ -81.467699, 28.570763 ], [ -81.467693, 28.570007 ], [ -81.467693, 28.569979 ], [ -81.467679, 28.567893 ], [ -81.467676, 28.567442 ], [ -81.467669, 28.567184 ], [ -81.46767, 28.56709 ], [ -81.46767, 28.567075 ], [ -81.467664, 28.56629 ], [ -81.467664, 28.565451 ], [ -81.467272, 28.565464 ], [ -81.467277, 28.564683 ], [ -81.467288, 28.56462 ], [ -81.467276, 28.56318 ], [ -81.467276, 28.562785 ], [ -81.467207, 28.562785 ], [ -81.46718, 28.561234 ], [ -81.46729, 28.561123 ], [ -81.467661, 28.561126 ], [ -81.467661, 28.560744 ], [ -81.467658, 28.559911 ], [ -81.467658, 28.559404 ], [ -81.467657, 28.559374 ], [ -81.467652, 28.557535 ], [ -81.467653, 28.555726 ], [ -81.467653, 28.555707 ], [ -81.467651, 28.553891 ], [ -81.466625, 28.55392 ], [ -81.466625, 28.553569 ], [ -81.46663, 28.552518 ], [ -81.466631, 28.552492 ], [ -81.466624, 28.552174 ], [ -81.467651, 28.552174 ], [ -81.467651, 28.552129 ], [ -81.467651, 28.552002 ], [ -81.467653, 28.551655 ], [ -81.467654, 28.551471 ], [ -81.467646, 28.551276 ], [ -81.467641, 28.550236 ], [ -81.46764, 28.549763 ], [ -81.467651, 28.549674 ], [ -81.467684, 28.549435 ], [ -81.468097, 28.549355 ], [ -81.468294, 28.549313 ], [ -81.4727, 28.54859 ], [ -81.473943, 28.548499 ], [ -81.475306, 28.54844 ], [ -81.475757, 28.548449 ], [ -81.4764, 28.54847 ], [ -81.477688, 28.548574 ], [ -81.478991, 28.548769 ], [ -81.480054, 28.548874 ], [ -81.481357, 28.549024 ], [ -81.482549, 28.549146 ], [ -81.483639, 28.549149 ], [ -81.484426, 28.549144 ], [ -81.484895, 28.549131 ], [ -81.485404, 28.549107 ], [ -81.485811, 28.549079 ], [ -81.486213, 28.549046 ], [ -81.486696, 28.548996 ], [ -81.487074, 28.548946 ], [ -81.48727, 28.548917 ], [ -81.487579, 28.548871 ], [ -81.488019, 28.5488 ], [ -81.489083, 28.548638 ], [ -81.490062, 28.548484 ], [ -81.490249, 28.548449 ], [ -81.493918, 28.547869 ], [ -81.494023, 28.547852 ], [ -81.494068, 28.54785 ], [ -81.497407, 28.547373 ], [ -81.498304, 28.547245 ], [ -81.499842, 28.54702 ], [ -81.499878, 28.547015 ], [ -81.500176, 28.546978 ], [ -81.500798, 28.546868 ], [ -81.500857, 28.546851 ], [ -81.501247, 28.546788 ], [ -81.504815, 28.546243 ], [ -81.504819, 28.546495 ], [ -81.504822, 28.546599 ], [ -81.504825, 28.546751 ], [ -81.504829, 28.546955 ], [ -81.504838, 28.547702 ], [ -81.50484, 28.547959 ], [ -81.504846, 28.548448 ], [ -81.504848, 28.548632 ], [ -81.504849, 28.548712 ], [ -81.504851, 28.548852 ], [ -81.504853, 28.549507 ], [ -81.504854, 28.549745 ], [ -81.504855, 28.549772 ], [ -81.504859, 28.549967 ], [ -81.504866, 28.550335 ], [ -81.504871, 28.550552 ], [ -81.504876, 28.550748 ], [ -81.50488, 28.550977 ], [ -81.504895, 28.551665 ], [ -81.504898, 28.551777 ], [ -81.504907, 28.551894 ], [ -81.504913, 28.551963 ], [ -81.504906, 28.55348 ], [ -81.5049, 28.554374 ], [ -81.504895, 28.554392 ], [ -81.5049, 28.554441 ], [ -81.5049, 28.554458 ], [ -81.5049, 28.554529 ], [ -81.504965, 28.554528 ], [ -81.505027, 28.554527 ], [ -81.505177, 28.554527 ], [ -81.505389, 28.554527 ], [ -81.50564, 28.554527 ], [ -81.505891, 28.554526 ], [ -81.506142, 28.554526 ], [ -81.506393, 28.554526 ], [ -81.506644, 28.554525 ], [ -81.506895, 28.554525 ], [ -81.507146, 28.554525 ], [ -81.507377, 28.554525 ], [ -81.507649, 28.554524 ], [ -81.5079, 28.554524 ], [ -81.508151, 28.554524 ], [ -81.508402, 28.554523 ], [ -81.508653, 28.554523 ], [ -81.508827, 28.554523 ], [ -81.509036, 28.554523 ], [ -81.509035, 28.554811 ], [ -81.509034, 28.555045 ], [ -81.509034, 28.555265 ], [ -81.509033, 28.555418 ], [ -81.509033, 28.555551 ], [ -81.513224, 28.555496 ], [ -81.513205, 28.562781 ], [ -81.513212, 28.56286 ], [ -81.513215, 28.563195 ], [ -81.513217, 28.563445 ], [ -81.513221, 28.563988 ], [ -81.513226, 28.564662 ], [ -81.513232, 28.565528 ], [ -81.513236, 28.565971 ], [ -81.51324, 28.566713 ], [ -81.513243, 28.567325 ], [ -81.513244, 28.567711 ], [ -81.513247, 28.568356 ], [ -81.51325, 28.568989 ], [ -81.513253, 28.569718 ], [ -81.513254, 28.570061 ] ] ], [ [ [ -81.517555, 28.618091 ], [ -81.515517, 28.618077 ], [ -81.515395, 28.618076 ], [ -81.515142, 28.618074 ], [ -81.514323, 28.618068 ], [ -81.513419, 28.618062 ], [ -81.513409, 28.616106 ], [ -81.513409, 28.61592 ], [ -81.513408, 28.615712 ], [ -81.513408, 28.615199 ], [ -81.513407, 28.614871 ], [ -81.513406, 28.614265 ], [ -81.513407, 28.614212 ], [ -81.513683, 28.614223 ], [ -81.513885, 28.614227 ], [ -81.513961, 28.614226 ], [ -81.514256, 28.614226 ], [ -81.515389, 28.614238 ], [ -81.515606, 28.614237 ], [ -81.515624, 28.614236 ], [ -81.515761, 28.614232 ], [ -81.515843, 28.61422 ], [ -81.515996, 28.614208 ], [ -81.516178, 28.614208 ], [ -81.516346, 28.614211 ], [ -81.516604, 28.614216 ], [ -81.516737, 28.61421 ], [ -81.516853, 28.614208 ], [ -81.516901, 28.614208 ], [ -81.517022, 28.61421 ], [ -81.517118, 28.614211 ], [ -81.517139, 28.614212 ], [ -81.517274, 28.614221 ], [ -81.517409, 28.614224 ], [ -81.517455, 28.614226 ], [ -81.517483, 28.614215 ], [ -81.517498, 28.6142 ], [ -81.517498, 28.614254 ], [ -81.517498, 28.614439 ], [ -81.517502, 28.615159 ], [ -81.517504, 28.615399 ], [ -81.517548, 28.61543 ], [ -81.517555, 28.618091 ] ] ] ] } },
{ "type": "Feature", "properties": { "ZCTA5CE20": "32835", "GEOID20": "32835", "GEOIDFQ20": "860Z200US32835", "CLASSFP20": "B5", "MTFCC20": "G6350", "FUNCSTAT20": "S", "ALAND20": 24329362, "AWATER20": 3438702, "INTPTLAT20": "+28.5219751", "INTPTLON20": "-081.4859671" }, "geometry": { "type": "MultiPolygon", "coordinates": [ [ [ [ -81.464954, 28.494601 ], [ -81.464944, 28.494627 ], [ -81.464925, 28.49465 ], [ -81.46452, 28.494959 ], [ -81.464263, 28.4952 ], [ -81.464156, 28.495314 ], [ -81.464014, 28.495443 ], [ -81.46399, 28.49546 ], [ -81.463939, 28.495489 ], [ -81.463884, 28.495513 ], [ -81.463826, 28.49553 ], [ -81.463777, 28.495548 ], [ -81.463841, 28.495794 ], [ -81.463837, 28.495824 ], [ -81.463539, 28.496342 ], [ -81.4634, 28.496618 ], [ -81.463334, 28.496761 ], [ -81.463319, 28.496794 ], [ -81.463285, 28.496834 ], [ -81.46324, 28.496865 ], [ -81.463187, 28.496884 ], [ -81.46302, 28.496903 ], [ -81.462874, 28.496903 ], [ -81.46269, 28.496888 ], [ -81.462634, 28.496879 ], [ -81.462393, 28.496831 ], [ -81.462237, 28.496789 ], [ -81.46217, 28.496763 ], [ -81.462133, 28.49674 ], [ -81.462099, 28.496713 ], [ -81.46207, 28.496682 ], [ -81.462047, 28.496647 ], [ -81.46203, 28.496609 ], [ -81.462024, 28.496588 ], [ -81.462019, 28.49657 ], [ -81.462014, 28.49653 ], [ -81.462017, 28.49649 ], [ -81.462044, 28.496388 ], [ -81.46209, 28.496257 ], [ -81.46209, 28.496235 ], [ -81.462036, 28.496216 ], [ -81.461972, 28.496202 ], [ -81.461907, 28.496195 ], [ -81.461841, 28.496194 ], [ -81.461791, 28.496198 ], [ -81.461743, 28.496207 ], [ -81.461695, 28.496221 ], [ -81.46165, 28.496238 ], [ -81.461596, 28.496266 ], [ -81.461547, 28.496299 ], [ -81.461503, 28.496337 ], [ -81.46132, 28.496501 ], [ -81.461103, 28.496699 ], [ -81.460985, 28.496825 ], [ -81.460972, 28.496836 ], [ -81.460958, 28.496845 ], [ -81.460941, 28.496851 ], [ -81.460924, 28.496855 ], [ -81.460907, 28.496857 ], [ -81.460889, 28.496855 ], [ -81.460872, 28.496852 ], [ -81.460855, 28.496845 ], [ -81.460843, 28.496839 ], [ -81.460832, 28.49683 ], [ -81.460823, 28.496821 ], [ -81.460815, 28.49681 ], [ -81.460637, 28.496617 ], [ -81.460582, 28.496592 ], [ -81.460345, 28.496336 ], [ -81.459852, 28.496011 ], [ -81.459561, 28.495906 ], [ -81.459307, 28.495916 ], [ -81.45907, 28.495957 ], [ -81.459112, 28.495281 ], [ -81.459092, 28.493911 ], [ -81.459438, 28.493894 ], [ -81.459735, 28.49388 ], [ -81.459837, 28.493875 ], [ -81.459927, 28.493871 ], [ -81.460153, 28.493862 ], [ -81.460256, 28.493858 ], [ -81.460379, 28.493854 ], [ -81.460795, 28.493838 ], [ -81.461046, 28.493824 ], [ -81.46137, 28.493805 ], [ -81.461602, 28.493797 ], [ -81.462031, 28.493784 ], [ -81.462091, 28.493783 ], [ -81.462744, 28.493764 ], [ -81.462877, 28.493751 ], [ -81.462878, 28.493792 ], [ -81.462883, 28.493915 ], [ -81.462885, 28.493957 ], [ -81.462886, 28.493999 ], [ -81.462892, 28.494128 ], [ -81.462894, 28.494171 ], [ -81.463329, 28.494162 ], [ -81.463382, 28.494161 ], [ -81.463745, 28.494165 ], [ -81.463849, 28.494167 ], [ -81.464205, 28.494188 ], [ -81.464345, 28.494212 ], [ -81.464447, 28.49424 ], [ -81.464514, 28.494263 ], [ -81.464613, 28.494314 ], [ -81.464684, 28.494351 ], [ -81.464803, 28.494428 ], [ -81.464927, 28.494523 ], [ -81.464951, 28.494559 ], [ -81.464954, 28.494573 ], [ -81.464954, 28.494601 ] ] ], [ [ [ -81.511311, 28.544993 ], [ -81.51082, 28.545068 ], [ -81.509503, 28.545273 ], [ -81.509351, 28.545299 ], [ -81.509189, 28.545328 ], [ -81.508862, 28.545381 ], [ -81.508053, 28.545512 ], [ -81.507702, 28.54557 ], [ -81.505621, 28.54588 ], [ -81.505434, 28.545908 ], [ -81.504812, 28.546007 ], [ -81.504814, 28.546125 ], [ -81.504815, 28.546243 ], [ -81.501247, 28.546788 ], [ -81.500857, 28.546851 ], [ -81.500798, 28.546868 ], [ -81.500176, 28.546978 ], [ -81.499878, 28.547015 ], [ -81.499842, 28.54702 ], [ -81.498304, 28.547245 ], [ -81.497407, 28.547373 ], [ -81.494068, 28.54785 ], [ -81.494023, 28.547852 ], [ -81.493918, 28.547869 ], [ -81.490249, 28.548449 ], [ -81.490062, 28.548484 ], [ -81.489083, 28.548638 ], [ -81.488019, 28.5488 ], [ -81.487579, 28.548871 ], [ -81.48727, 28.548917 ], [ -81.487074, 28.548946 ], [ -81.486696, 28.548996 ], [ -81.486213, 28.549046 ], [ -81.485811, 28.549079 ], [ -81.485404, 28.549107 ], [ -81.484895, 28.549131 ], [ -81.484426, 28.549144 ], [ -81.483639, 28.549149 ], [ -81.482549, 28.549146 ], [ -81.481357, 28.549024 ], [ -81.480054, 28.548874 ], [ -81.478991, 28.548769 ], [ -81.477688, 28.548574 ], [ -81.4764, 28.54847 ], [ -81.475757, 28.548449 ], [ -81.475306, 28.54844 ], [ -81.473943, 28.548499 ], [ -81.4727, 28.54859 ], [ -81.468294, 28.549313 ], [ -81.468097, 28.549355 ], [ -81.467684, 28.549435 ], [ -81.46764, 28.549448 ], [ -81.467255, 28.549512 ], [ -81.466254, 28.549685 ], [ -81.465924, 28.549743 ], [ -81.465729, 28.549778 ], [ -81.465481, 28.549819 ], [ -81.465293, 28.549853 ], [ -81.465171, 28.549875 ], [ -81.46473, 28.549961 ], [ -81.464543, 28.549998 ], [ -81.464335, 28.550027 ], [ -81.463712, 28.550115 ], [ -81.463505, 28.550145 ], [ -81.463287, 28.550184 ], [ -81.463144, 28.550211 ], [ -81.462632, 28.550286 ], [ -81.462587, 28.550293 ], [ -81.462412, 28.55031 ], [ -81.462343, 28.550316 ], [ -81.462273, 28.550322 ], [ -81.462204, 28.550324 ], [ -81.46206, 28.55033 ], [ -81.461778, 28.550331 ], [ -81.461664, 28.550332 ], [ -81.461616, 28.55033 ], [ -81.461523, 28.550327 ], [ -81.461421, 28.550318 ], [ -81.461283, 28.550307 ], [ -81.461222, 28.550304 ], [ -81.461004, 28.550278 ], [ -81.460872, 28.55026 ], [ -81.46077, 28.550245 ], [ -81.460736, 28.550239 ], [ -81.460238, 28.550154 ], [ -81.459863, 28.55006 ], [ -81.459569, 28.549966 ], [ -81.459196, 28.54984 ], [ -81.458902, 28.549721 ], [ -81.458779, 28.549674 ], [ -81.457521, 28.549196 ], [ -81.45729, 28.549109 ], [ -81.457186, 28.549072 ], [ -81.45721, 28.549005 ], [ -81.457239, 28.548921 ], [ -81.457042, 28.548849 ], [ -81.457229, 28.548285 ], [ -81.45749, 28.547646 ], [ -81.458065, 28.545992 ], [ -81.45823, 28.545045 ], [ -81.45842, 28.545041 ], [ -81.459321, 28.545026 ], [ -81.459314, 28.543157 ], [ -81.459314, 28.542874 ], [ -81.459317, 28.542195 ], [ -81.459324, 28.542025 ], [ -81.459336, 28.541743 ], [ -81.459339, 28.541552 ], [ -81.459343, 28.541355 ], [ -81.459336, 28.54098 ], [ -81.459336, 28.540966 ], [ -81.459326, 28.54079 ], [ -81.459312, 28.540548 ], [ -81.459306, 28.540422 ], [ -81.459301, 28.539824 ], [ -81.4593, 28.539583 ], [ -81.4593, 28.53926 ], [ -81.4593, 28.538293 ], [ -81.4593, 28.537971 ], [ -81.45907, 28.537974 ], [ -81.458665, 28.537981 ], [ -81.458577, 28.537987 ], [ -81.458383, 28.538011 ], [ -81.458316, 28.53802 ], [ -81.45826, 28.53803 ], [ -81.45826, 28.537989 ], [ -81.458262, 28.537842 ], [ -81.458264, 28.537629 ], [ -81.45828, 28.536426 ], [ -81.458367, 28.535592 ], [ -81.458554, 28.534829 ], [ -81.458718, 28.534285 ], [ -81.458831, 28.534009 ], [ -81.458851, 28.53395 ], [ -81.458927, 28.53371 ], [ -81.459097, 28.533171 ], [ -81.459152, 28.532975 ], [ -81.459288, 28.532492 ], [ -81.459321, 28.53235 ], [ -81.459349, 28.532226 ], [ -81.459386, 28.53206 ], [ -81.459403, 28.531569 ], [ -81.459436, 28.530408 ], [ -81.459428, 28.529644 ], [ -81.459419, 28.529462 ], [ -81.459419, 28.529318 ], [ -81.459419, 28.529018 ], [ -81.459395, 28.527986 ], [ -81.459362, 28.527003 ], [ -81.459329, 28.525703 ], [ -81.459322, 28.524252 ], [ -81.459914, 28.524249 ], [ -81.460115, 28.524267 ], [ -81.460235, 28.524288 ], [ -81.460312, 28.524311 ], [ -81.460387, 28.52434 ], [ -81.460459, 28.524373 ], [ -81.460529, 28.524411 ], [ -81.460595, 28.524453 ], [ -81.460716, 28.52455 ], [ -81.460769, 28.524604 ], [ -81.460819, 28.524662 ], [ -81.460846, 28.524699 ], [ -81.460863, 28.524722 ], [ -81.460955, 28.524884 ], [ -81.461344, 28.525652 ], [ -81.461388, 28.525715 ], [ -81.461417, 28.525755 ], [ -81.461473, 28.525819 ], [ -81.461551, 28.525892 ], [ -81.461638, 28.525958 ], [ -81.461733, 28.526015 ], [ -81.461833, 28.526063 ], [ -81.461939, 28.526101 ], [ -81.462049, 28.526129 ], [ -81.462162, 28.526146 ], [ -81.462276, 28.526153 ], [ -81.462397, 28.526153 ], [ -81.462699, 28.526156 ], [ -81.462962, 28.52615 ], [ -81.463106, 28.526136 ], [ -81.463181, 28.526123 ], [ -81.463584, 28.526036 ], [ -81.465041, 28.525676 ], [ -81.465267, 28.525615 ], [ -81.465332, 28.52559 ], [ -81.465428, 28.525543 ], [ -81.465516, 28.525485 ], [ -81.465595, 28.525417 ], [ -81.465663, 28.525341 ], [ -81.465718, 28.525257 ], [ -81.465761, 28.525168 ], [ -81.46579, 28.525074 ], [ -81.465804, 28.524978 ], [ -81.465804, 28.524881 ], [ -81.465789, 28.524784 ], [ -81.46575, 28.524647 ], [ -81.465413, 28.523581 ], [ -81.465395, 28.523501 ], [ -81.465383, 28.523421 ], [ -81.465379, 28.52334 ], [ -81.465383, 28.52326 ], [ -81.465393, 28.523179 ], [ -81.465411, 28.5231 ], [ -81.465435, 28.523022 ], [ -81.465467, 28.522947 ], [ -81.465505, 28.522873 ], [ -81.465567, 28.522781 ], [ -81.465637, 28.522699 ], [ -81.465716, 28.522625 ], [ -81.465896, 28.522492 ], [ -81.465991, 28.522445 ], [ -81.466092, 28.522409 ], [ -81.466608, 28.522279 ], [ -81.466689, 28.522254 ], [ -81.466767, 28.522221 ], [ -81.466842, 28.522181 ], [ -81.466911, 28.522135 ], [ -81.466943, 28.522109 ], [ -81.466975, 28.522084 ], [ -81.467032, 28.522026 ], [ -81.467083, 28.521964 ], [ -81.467126, 28.521898 ], [ -81.467162, 28.521829 ], [ -81.467202, 28.521713 ], [ -81.46722, 28.521624 ], [ -81.467226, 28.521535 ], [ -81.467219, 28.520391 ], [ -81.467212, 28.519822 ], [ -81.467205, 28.519254 ], [ -81.467203, 28.519065 ], [ -81.467197, 28.51897 ], [ -81.467184, 28.518875 ], [ -81.467166, 28.518786 ], [ -81.467121, 28.518641 ], [ -81.46709, 28.518571 ], [ -81.467078, 28.518549 ], [ -81.467045, 28.518484 ], [ -81.466947, 28.518329 ], [ -81.466855, 28.51822 ], [ -81.466785, 28.51815 ], [ -81.466706, 28.51808 ], [ -81.466627, 28.518018 ], [ -81.466482, 28.517925 ], [ -81.466341, 28.517858 ], [ -81.466207, 28.517805 ], [ -81.466068, 28.517764 ], [ -81.465926, 28.517734 ], [ -81.46578, 28.517715 ], [ -81.465634, 28.517709 ], [ -81.465222, 28.517711 ], [ -81.464499, 28.517716 ], [ -81.463864, 28.517718 ], [ -81.463848, 28.513868 ], [ -81.463609, 28.513843 ], [ -81.463605, 28.513642 ], [ -81.463595, 28.513041 ], [ -81.463592, 28.512841 ], [ -81.463585, 28.512485 ], [ -81.46358, 28.512211 ], [ -81.463562, 28.512102 ], [ -81.463528, 28.511995 ], [ -81.463478, 28.511894 ], [ -81.463412, 28.5118 ], [ -81.463374, 28.511756 ], [ -81.463299, 28.511684 ], [ -81.463232, 28.51162 ], [ -81.463167, 28.511559 ], [ -81.46313, 28.511524 ], [ -81.463001, 28.511391 ], [ -81.46291, 28.511314 ], [ -81.46232, 28.51183 ], [ -81.46217, 28.51193 ], [ -81.462086, 28.511976 ], [ -81.461994, 28.512016 ], [ -81.4619, 28.51205 ], [ -81.461802, 28.512077 ], [ -81.461703, 28.512096 ], [ -81.461602, 28.512109 ], [ -81.4615, 28.512114 ], [ -81.461358, 28.512107 ], [ -81.461197, 28.512086 ], [ -81.4611, 28.512063 ], [ -81.461004, 28.512034 ], [ -81.460912, 28.511998 ], [ -81.460823, 28.511956 ], [ -81.460738, 28.511908 ], [ -81.460658, 28.511854 ], [ -81.460583, 28.511795 ], [ -81.460513, 28.511731 ], [ -81.460449, 28.511662 ], [ -81.460382, 28.511572 ], [ -81.460103, 28.51116 ], [ -81.460072, 28.511114 ], [ -81.459888, 28.510825 ], [ -81.459859, 28.510779 ], [ -81.459807, 28.510711 ], [ -81.459746, 28.510651 ], [ -81.459674, 28.5106 ], [ -81.459597, 28.510564 ], [ -81.459474, 28.510522 ], [ -81.459389, 28.510503 ], [ -81.459259, 28.510488 ], [ -81.459164, 28.51049 ], [ -81.459137, 28.509076 ], [ -81.459139, 28.508964 ], [ -81.459133, 28.508684 ], [ -81.459124, 28.508216 ], [ -81.459135, 28.507879 ], [ -81.459128, 28.507177 ], [ -81.45912, 28.507045 ], [ -81.459108, 28.50634 ], [ -81.459101, 28.505607 ], [ -81.459128, 28.504661 ], [ -81.459108, 28.502613 ], [ -81.46231, 28.502618 ], [ -81.464084, 28.502793 ], [ -81.465995, 28.502523 ], [ -81.468266, 28.501009 ], [ -81.472047, 28.497409 ], [ -81.47223, 28.497404 ], [ -81.472282, 28.497404 ], [ -81.473212, 28.497397 ], [ -81.472921, 28.497295 ], [ -81.472306, 28.497076 ], [ -81.471488, 28.496781 ], [ -81.469346, 28.496005 ], [ -81.468424, 28.495663 ], [ -81.467318, 28.495183 ], [ -81.466759, 28.494889 ], [ -81.466266, 28.49463 ], [ -81.465421, 28.494135 ], [ -81.465098, 28.493929 ], [ -81.464749, 28.493716 ], [ -81.465065, 28.493699 ], [ -81.465102, 28.493697 ], [ -81.46545, 28.49368 ], [ -81.466086, 28.493666 ], [ -81.466966, 28.493654 ], [ -81.46699, 28.493653 ], [ -81.467504, 28.493652 ], [ -81.467656, 28.493651 ], [ -81.467845, 28.49365 ], [ -81.46811, 28.493651 ], [ -81.468725, 28.493655 ], [ -81.469604, 28.493669 ], [ -81.469929, 28.493677 ], [ -81.470513, 28.493692 ], [ -81.470536, 28.493692 ], [ -81.470661, 28.493693 ], [ -81.471036, 28.493697 ], [ -81.471162, 28.493699 ], [ -81.47116, 28.493476 ], [ -81.471158, 28.493432 ], [ -81.471133, 28.492634 ], [ -81.471125, 28.492369 ], [ -81.471227, 28.492367 ], [ -81.471534, 28.492362 ], [ -81.471637, 28.492361 ], [ -81.472163, 28.492351 ], [ -81.472609, 28.492344 ], [ -81.473741, 28.492335 ], [ -81.473941, 28.492334 ], [ -81.474245, 28.492327 ], [ -81.474268, 28.492324 ], [ -81.474332, 28.492306 ], [ -81.474382, 28.492276 ], [ -81.47442, 28.492235 ], [ -81.474446, 28.492187 ], [ -81.474464, 28.492098 ], [ -81.474506, 28.49173 ], [ -81.474526, 28.491558 ], [ -81.474538, 28.491439 ], [ -81.474578, 28.491085 ], [ -81.474592, 28.490967 ], [ -81.474705, 28.490969 ], [ -81.475047, 28.490978 ], [ -81.475161, 28.490982 ], [ -81.475172, 28.490982 ], [ -81.475205, 28.490982 ], [ -81.475217, 28.490983 ], [ -81.475228, 28.49111 ], [ -81.475236, 28.491367 ], [ -81.475233, 28.491517 ], [ -81.475223, 28.492123 ], [ -81.475235, 28.492666 ], [ -81.475248, 28.493123 ], [ -81.475265, 28.493659 ], [ -81.475316, 28.493653 ], [ -81.475901, 28.493652 ], [ -81.475971, 28.49365 ], [ -81.476491, 28.493639 ], [ -81.477272, 28.493647 ], [ -81.478071, 28.493647 ], [ -81.478093, 28.493647 ], [ -81.478704, 28.493666 ], [ -81.4788, 28.493666 ], [ -81.479023, 28.493665 ], [ -81.479695, 28.493662 ], [ -81.479919, 28.493662 ], [ -81.480226, 28.493655 ], [ -81.480495, 28.493657 ], [ -81.480763, 28.493659 ], [ -81.481948, 28.493682 ], [ -81.482223, 28.493689 ], [ -81.482524, 28.493697 ], [ -81.482799, 28.4937 ], [ -81.482931, 28.4937 ], [ -81.483066, 28.493702 ], [ -81.48333, 28.493701 ], [ -81.483463, 28.493701 ], [ -81.484, 28.493702 ], [ -81.484419, 28.493703 ], [ -81.485242, 28.493695 ], [ -81.485612, 28.493694 ], [ -81.48615, 28.493693 ], [ -81.486594, 28.493692 ], [ -81.487561, 28.493691 ], [ -81.487928, 28.493686 ], [ -81.488373, 28.493682 ], [ -81.488452, 28.493682 ], [ -81.488692, 28.493682 ], [ -81.488772, 28.493682 ], [ -81.488913, 28.493683 ], [ -81.489339, 28.493686 ], [ -81.489481, 28.493688 ], [ -81.489746, 28.493688 ], [ -81.489781, 28.493688 ], [ -81.490338, 28.493677 ], [ -81.490544, 28.493675 ], [ -81.49081, 28.493674 ], [ -81.490822, 28.493674 ], [ -81.490858, 28.493674 ], [ -81.490871, 28.493674 ], [ -81.491289, 28.493671 ], [ -81.491352, 28.493671 ], [ -81.491852, 28.49366 ], [ -81.492532, 28.493656 ], [ -81.492543, 28.493655 ], [ -81.492961, 28.493647 ], [ -81.493165, 28.493646 ], [ -81.493299, 28.493646 ], [ -81.493779, 28.493636 ], [ -81.493984, 28.493633 ], [ -81.494245, 28.493625 ], [ -81.49503, 28.493604 ], [ -81.495292, 28.493598 ], [ -81.49546, 28.493598 ], [ -81.495751, 28.4936 ], [ -81.495966, 28.493596 ], [ -81.496135, 28.493593 ], [ -81.496962, 28.493579 ], [ -81.497104, 28.493577 ], [ -81.497568, 28.493575 ], [ -81.498635, 28.493557 ], [ -81.499446, 28.493539 ], [ -81.499613, 28.493536 ], [ -81.500157, 28.493529 ], [ -81.500274, 28.493532 ], [ -81.500398, 28.493535 ], [ -81.50061, 28.493533 ], [ -81.500741, 28.493532 ], [ -81.501152, 28.493542 ], [ -81.501621, 28.493541 ], [ -81.501959, 28.493541 ], [ -81.503276, 28.493545 ], [ -81.503807, 28.493547 ], [ -81.50416, 28.493554 ], [ -81.504941, 28.493554 ], [ -81.50588, 28.493566 ], [ -81.506787, 28.493582 ], [ -81.507116, 28.493598 ], [ -81.507229, 28.4936 ], [ -81.507549, 28.493606 ], [ -81.508065, 28.493609 ], [ -81.508547, 28.493605 ], [ -81.508636, 28.49409 ], [ -81.508636, 28.495503 ], [ -81.508654, 28.496083 ], [ -81.508578, 28.496699 ], [ -81.508525, 28.497183 ], [ -81.508433, 28.497593 ], [ -81.508373, 28.497841 ], [ -81.508157, 28.498697 ], [ -81.508028, 28.499291 ], [ -81.507886, 28.499922 ], [ -81.507821, 28.500203 ], [ -81.507757, 28.500608 ], [ -81.507724, 28.500838 ], [ -81.507692, 28.501671 ], [ -81.507715, 28.501863 ], [ -81.507786, 28.502439 ], [ -81.50781, 28.502631 ], [ -81.507945, 28.503212 ], [ -81.507997, 28.503423 ], [ -81.508183, 28.504186 ], [ -81.508245, 28.504442 ], [ -81.508296, 28.504617 ], [ -81.508373, 28.504884 ], [ -81.508461, 28.505353 ], [ -81.508502, 28.505634 ], [ -81.508553, 28.506048 ], [ -81.508576, 28.506306 ], [ -81.508599, 28.506642 ], [ -81.508594, 28.506882 ], [ -81.508598, 28.507658 ], [ -81.508601, 28.508009 ], [ -81.508603, 28.508127 ], [ -81.508615, 28.508596 ], [ -81.508618, 28.50868 ], [ -81.508618, 28.508986 ], [ -81.50862, 28.509731 ], [ -81.50862, 28.510006 ], [ -81.508621, 28.510476 ], [ -81.508623, 28.510981 ], [ -81.508624, 28.511127 ], [ -81.508626, 28.511778 ], [ -81.508631, 28.512496 ], [ -81.508633, 28.512634 ], [ -81.508631, 28.513001 ], [ -81.508633, 28.513237 ], [ -81.508639, 28.513945 ], [ -81.508642, 28.514181 ], [ -81.508645, 28.514528 ], [ -81.508654, 28.515569 ], [ -81.508658, 28.515917 ], [ -81.508658, 28.515995 ], [ -81.50866, 28.516229 ], [ -81.508661, 28.516308 ], [ -81.508662, 28.516407 ], [ -81.508665, 28.516695 ], [ -81.508665, 28.516705 ], [ -81.508667, 28.516805 ], [ -81.508674, 28.517256 ], [ -81.508698, 28.518612 ], [ -81.508699, 28.518628 ], [ -81.508703, 28.519064 ], [ -81.508699, 28.519476 ], [ -81.508699, 28.519502 ], [ -81.50868, 28.519653 ], [ -81.508646, 28.519802 ], [ -81.508614, 28.5199 ], [ -81.508544, 28.520053 ], [ -81.508489, 28.520152 ], [ -81.508394, 28.520294 ], [ -81.508323, 28.520384 ], [ -81.508164, 28.520562 ], [ -81.50789, 28.520871 ], [ -81.507818, 28.520951 ], [ -81.507746, 28.521031 ], [ -81.507573, 28.521226 ], [ -81.507538, 28.521265 ], [ -81.507435, 28.521382 ], [ -81.507203, 28.521658 ], [ -81.507081, 28.521812 ], [ -81.506822, 28.522139 ], [ -81.506623, 28.522397 ], [ -81.50649, 28.522591 ], [ -81.50639, 28.522736 ], [ -81.507327, 28.522705 ], [ -81.507571, 28.522717 ], [ -81.507771, 28.52274 ], [ -81.507918, 28.522777 ], [ -81.508125, 28.522848 ], [ -81.508256, 28.522922 ], [ -81.508314, 28.522967 ], [ -81.50843, 28.523078 ], [ -81.508544, 28.523209 ], [ -81.508639, 28.52335 ], [ -81.508689, 28.523473 ], [ -81.508728, 28.523616 ], [ -81.508737, 28.523682 ], [ -81.508767, 28.524095 ], [ -81.508774, 28.52429 ], [ -81.508773, 28.525026 ], [ -81.508782, 28.525333 ], [ -81.508796, 28.525646 ], [ -81.508797, 28.525821 ], [ -81.508805, 28.526902 ], [ -81.508805, 28.527288 ], [ -81.508806, 28.527778 ], [ -81.508789, 28.527951 ], [ -81.508748, 28.528161 ], [ -81.508709, 28.528294 ], [ -81.508698, 28.52832 ], [ -81.508683, 28.528358 ], [ -81.508619, 28.528483 ], [ -81.508542, 28.5286 ], [ -81.508448, 28.528711 ], [ -81.508396, 28.528762 ], [ -81.507628, 28.529586 ], [ -81.50725, 28.529993 ], [ -81.507371, 28.530033 ], [ -81.507512, 28.530035 ], [ -81.507886, 28.530002 ], [ -81.507927, 28.529999 ], [ -81.508121, 28.529989 ], [ -81.508234, 28.529995 ], [ -81.508346, 28.530014 ], [ -81.508453, 28.530045 ], [ -81.508555, 28.530088 ], [ -81.508604, 28.530114 ], [ -81.508679, 28.530172 ], [ -81.508741, 28.530242 ], [ -81.508789, 28.530319 ], [ -81.508821, 28.530404 ], [ -81.508832, 28.530477 ], [ -81.508841, 28.530756 ], [ -81.508837, 28.531226 ], [ -81.508835, 28.53161 ], [ -81.508838, 28.531871 ], [ -81.508854, 28.532851 ], [ -81.508855, 28.532866 ], [ -81.50889, 28.534293 ], [ -81.508893, 28.534416 ], [ -81.508903, 28.535342 ], [ -81.508904, 28.535794 ], [ -81.508909, 28.536775 ], [ -81.50891, 28.537036 ], [ -81.508911, 28.537425 ], [ -81.508913, 28.53782 ], [ -81.508915, 28.538082 ], [ -81.508912, 28.538786 ], [ -81.508905, 28.540547 ], [ -81.508899, 28.540901 ], [ -81.508897, 28.540989 ], [ -81.508892, 28.541399 ], [ -81.508888, 28.541606 ], [ -81.50889, 28.541799 ], [ -81.508897, 28.542204 ], [ -81.508879, 28.542378 ], [ -81.508861, 28.542571 ], [ -81.508996, 28.5426 ], [ -81.509118, 28.542627 ], [ -81.509245, 28.542643 ], [ -81.50941, 28.542657 ], [ -81.509549, 28.542665 ], [ -81.509546, 28.542702 ], [ -81.50949, 28.542812 ], [ -81.509334, 28.54296 ], [ -81.509297, 28.543054 ], [ -81.509353, 28.543234 ], [ -81.509374, 28.543299 ], [ -81.509881, 28.54383 ], [ -81.510449, 28.544424 ], [ -81.510731, 28.544669 ], [ -81.510785, 28.544716 ], [ -81.511265, 28.544958 ], [ -81.511311, 28.544993 ] ] ] ] } },
{ "type": "Feature", "properties": { "ZCTA5CE20": "32806", "GEOID20": "32806", "GEOIDFQ20": "860Z200US32806", "CLASSFP20": "B5", "MTFCC20": "G6350", "FUNCSTAT20": "S", "ALAND20": 17677173, "AWATER20": 2307118, "INTPTLAT20": "+28.5123570", "INTPTLON20": "-081.3602693" }, "geometry": { "type": "MultiPolygon", "coordinates": [ [ [ [ -81.38489, 28.514043 ], [ -81.384807, 28.514161 ], [ -81.384742, 28.514281 ], [ -81.384693, 28.514408 ], [ -81.38466, 28.51454 ], [ -81.384644, 28.514669 ], [ -81.384645, 28.514837 ], [ -81.384645, 28.514876 ], [ -81.384646, 28.514993 ], [ -81.384647, 28.515033 ], [ -81.384653, 28.515331 ], [ -81.38466, 28.515612 ], [ -81.384659, 28.51587 ], [ -81.384664, 28.516225 ], [ -81.384665, 28.516294 ], [ -81.38466, 28.516502 ], [ -81.384668, 28.516522 ], [ -81.38467, 28.516607 ], [ -81.384671, 28.516692 ], [ -81.384676, 28.517041 ], [ -81.384679, 28.517202 ], [ -81.384668, 28.5186 ], [ -81.384673, 28.519092 ], [ -81.384673, 28.51912 ], [ -81.384671, 28.519329 ], [ -81.384668, 28.519958 ], [ -81.384668, 28.519986 ], [ -81.384671, 28.520168 ], [ -81.384678, 28.52053 ], [ -81.384683, 28.520832 ], [ -81.383954, 28.52086 ], [ -81.383968, 28.521778 ], [ -81.383919, 28.522039 ], [ -81.383675, 28.52243 ], [ -81.383622, 28.522621 ], [ -81.38365, 28.523347 ], [ -81.383971, 28.523344 ], [ -81.383975, 28.523806 ], [ -81.383894, 28.523828 ], [ -81.383612, 28.523796 ], [ -81.383605, 28.524036 ], [ -81.383906, 28.524031 ], [ -81.383909, 28.525141 ], [ -81.384079, 28.525135 ], [ -81.384092, 28.525581 ], [ -81.384095, 28.526234 ], [ -81.383238, 28.526248 ], [ -81.383231, 28.527031 ], [ -81.383541, 28.52703 ], [ -81.383541, 28.527164 ], [ -81.38314, 28.527169 ], [ -81.383145, 28.527897 ], [ -81.383523, 28.527892 ], [ -81.384101, 28.527887 ], [ -81.38475, 28.527875 ], [ -81.384765, 28.528698 ], [ -81.384762, 28.5291 ], [ -81.384761, 28.529244 ], [ -81.384785, 28.530085 ], [ -81.38479, 28.530279 ], [ -81.384794, 28.530411 ], [ -81.384833, 28.530862 ], [ -81.38485, 28.531057 ], [ -81.384696, 28.531062 ], [ -81.384638, 28.531067 ], [ -81.384541, 28.531078 ], [ -81.384384, 28.531082 ], [ -81.384002, 28.531082 ], [ -81.383791, 28.531083 ], [ -81.383547, 28.531084 ], [ -81.382816, 28.53109 ], [ -81.382573, 28.531093 ], [ -81.3826, 28.531363 ], [ -81.382612, 28.531483 ], [ -81.382651, 28.531873 ], [ -81.382679, 28.532154 ], [ -81.382681, 28.532174 ], [ -81.38271, 28.532445 ], [ -81.38268, 28.532445 ], [ -81.382639, 28.532447 ], [ -81.38259, 28.532449 ], [ -81.382561, 28.53245 ], [ -81.382419, 28.532453 ], [ -81.381993, 28.532466 ], [ -81.381851, 28.53247 ], [ -81.38085, 28.532481 ], [ -81.380834, 28.531819 ], [ -81.380828, 28.531112 ], [ -81.380745, 28.531112 ], [ -81.380108, 28.531119 ], [ -81.380108, 28.532088 ], [ -81.380098, 28.532488 ], [ -81.379772, 28.532493 ], [ -81.378797, 28.532511 ], [ -81.378472, 28.532517 ], [ -81.37847, 28.532239 ], [ -81.378469, 28.53205 ], [ -81.378454, 28.531408 ], [ -81.378448, 28.531132 ], [ -81.378256, 28.531133 ], [ -81.377683, 28.531139 ], [ -81.377492, 28.531141 ], [ -81.376526, 28.531153 ], [ -81.37549, 28.531166 ], [ -81.375346, 28.531167 ], [ -81.374917, 28.531171 ], [ -81.374774, 28.531173 ], [ -81.374775, 28.531104 ], [ -81.374768, 28.531004 ], [ -81.37475, 28.530905 ], [ -81.374724, 28.530815 ], [ -81.374682, 28.530707 ], [ -81.374626, 28.530603 ], [ -81.374557, 28.530506 ], [ -81.374517, 28.530461 ], [ -81.374429, 28.530377 ], [ -81.37438, 28.530339 ], [ -81.373974, 28.530061 ], [ -81.373675, 28.529857 ], [ -81.373615, 28.529816 ], [ -81.373435, 28.529693 ], [ -81.373376, 28.529652 ], [ -81.373261, 28.529573 ], [ -81.372919, 28.529339 ], [ -81.372805, 28.529262 ], [ -81.372801, 28.529362 ], [ -81.372795, 28.529538 ], [ -81.372796, 28.529662 ], [ -81.372798, 28.529763 ], [ -81.37281, 28.530778 ], [ -81.372811, 28.530932 ], [ -81.372816, 28.531136 ], [ -81.372166, 28.531143 ], [ -81.372158, 28.531298 ], [ -81.371166, 28.531305 ], [ -81.371171, 28.531091 ], [ -81.370986, 28.531097 ], [ -81.37097, 28.530804 ], [ -81.370647, 28.530811 ], [ -81.370651, 28.530918 ], [ -81.370648, 28.530942 ], [ -81.370659, 28.531488 ], [ -81.370661, 28.531809 ], [ -81.369681, 28.531826 ], [ -81.368837, 28.531836 ], [ -81.368658, 28.531815 ], [ -81.368624, 28.53192 ], [ -81.368572, 28.53202 ], [ -81.368508, 28.53211 ], [ -81.368437, 28.532189 ], [ -81.368361, 28.532257 ], [ -81.368355, 28.532299 ], [ -81.36834, 28.532428 ], [ -81.368335, 28.532471 ], [ -81.368308, 28.53253 ], [ -81.368301, 28.532581 ], [ -81.368304, 28.53276 ], [ -81.36831, 28.533117 ], [ -81.3679, 28.533124 ], [ -81.367902, 28.533301 ], [ -81.367591, 28.533305 ], [ -81.367581, 28.533104 ], [ -81.367178, 28.533111 ], [ -81.367182, 28.533186 ], [ -81.367186, 28.533446 ], [ -81.366914, 28.533446 ], [ -81.366908, 28.533557 ], [ -81.366246, 28.53357 ], [ -81.366164, 28.533577 ], [ -81.366164, 28.533539 ], [ -81.365205, 28.533533 ], [ -81.365208, 28.533405 ], [ -81.364708, 28.533377 ], [ -81.364692, 28.53228 ], [ -81.364633, 28.532011 ], [ -81.364577, 28.532005 ], [ -81.364568, 28.531714 ], [ -81.364564, 28.531583 ], [ -81.364407, 28.531587 ], [ -81.36415, 28.531594 ], [ -81.36415, 28.531475 ], [ -81.364149, 28.531291 ], [ -81.363865, 28.531294 ], [ -81.363763, 28.531295 ], [ -81.363761, 28.531593 ], [ -81.363587, 28.531595 ], [ -81.363599, 28.531763 ], [ -81.362267, 28.531777 ], [ -81.362265, 28.531548 ], [ -81.362033, 28.531595 ], [ -81.362037, 28.531782 ], [ -81.360559, 28.53178 ], [ -81.360559, 28.531724 ], [ -81.360557, 28.531654 ], [ -81.360555, 28.531484 ], [ -81.360537, 28.531331 ], [ -81.35877, 28.531343 ], [ -81.355882, 28.53136 ], [ -81.355786, 28.53136 ], [ -81.355501, 28.531362 ], [ -81.355406, 28.531363 ], [ -81.35449, 28.53137 ], [ -81.353759, 28.531375 ], [ -81.353609, 28.53138 ], [ -81.352777, 28.531384 ], [ -81.352695, 28.531385 ], [ -81.351754, 28.531398 ], [ -81.351235, 28.531408 ], [ -81.350726, 28.531412 ], [ -81.350521, 28.531413 ], [ -81.349905, 28.531416 ], [ -81.349701, 28.531418 ], [ -81.34952, 28.531419 ], [ -81.348976, 28.531424 ], [ -81.348796, 28.531426 ], [ -81.348564, 28.531426 ], [ -81.347868, 28.531428 ], [ -81.347816, 28.531429 ], [ -81.347637, 28.531437 ], [ -81.345779, 28.531448 ], [ -81.34475, 28.531454 ], [ -81.343505, 28.531462 ], [ -81.342717, 28.531467 ], [ -81.342645, 28.531467 ], [ -81.342376, 28.531675 ], [ -81.341647, 28.531708 ], [ -81.341476, 28.531734 ], [ -81.34118, 28.53178 ], [ -81.340451, 28.531422 ], [ -81.339547, 28.531054 ], [ -81.339354, 28.530916 ], [ -81.339317, 28.530845 ], [ -81.33923, 28.530592 ], [ -81.338622, 28.5306 ], [ -81.336808, 28.530627 ], [ -81.336927, 28.530954 ], [ -81.337051, 28.53122 ], [ -81.33714, 28.531486 ], [ -81.336394, 28.531513 ], [ -81.336252, 28.531324 ], [ -81.336195, 28.531357 ], [ -81.336108, 28.531368 ], [ -81.33599, 28.531363 ], [ -81.335653, 28.531253 ], [ -81.335485, 28.531357 ], [ -81.33513, 28.531704 ], [ -81.334974, 28.53177 ], [ -81.33485, 28.531803 ], [ -81.334725, 28.531814 ], [ -81.334689, 28.531812 ], [ -81.334625, 28.531809 ], [ -81.334532, 28.531792 ], [ -81.334171, 28.531798 ], [ -81.333878, 28.531781 ], [ -81.333766, 28.531764 ], [ -81.33346, 28.531721 ], [ -81.333398, 28.531682 ], [ -81.333199, 28.531633 ], [ -81.333129, 28.531564 ], [ -81.332219, 28.531576 ], [ -81.332139, 28.531578 ], [ -81.332119, 28.531559 ], [ -81.332065, 28.531505 ], [ -81.332048, 28.53148 ], [ -81.331658, 28.531596 ], [ -81.331436, 28.531662 ], [ -81.3313, 28.531573 ], [ -81.331136, 28.531498 ], [ -81.331134, 28.531332 ], [ -81.331129, 28.530834 ], [ -81.331128, 28.530668 ], [ -81.331126, 28.530502 ], [ -81.33112, 28.530005 ], [ -81.331118, 28.52984 ], [ -81.331117, 28.529792 ], [ -81.331115, 28.52965 ], [ -81.331115, 28.529603 ], [ -81.331113, 28.529483 ], [ -81.331108, 28.529126 ], [ -81.331107, 28.529007 ], [ -81.331104, 28.528841 ], [ -81.331098, 28.528343 ], [ -81.331096, 28.528177 ], [ -81.331095, 28.528129 ], [ -81.331092, 28.527985 ], [ -81.331092, 28.527937 ], [ -81.33109, 28.527818 ], [ -81.331086, 28.527588 ], [ -81.331608, 28.527576 ], [ -81.331668, 28.527575 ], [ -81.331631, 28.525089 ], [ -81.331571, 28.525014 ], [ -81.331243, 28.525018 ], [ -81.331231, 28.525018 ], [ -81.331035, 28.525027 ], [ -81.33103, 28.52425 ], [ -81.331111, 28.524041 ], [ -81.331117, 28.523762 ], [ -81.331123, 28.523306 ], [ -81.331227, 28.5233 ], [ -81.331362, 28.523299 ], [ -81.332259, 28.523293 ], [ -81.332355, 28.523291 ], [ -81.332686, 28.523285 ], [ -81.332686, 28.523414 ], [ -81.332664, 28.523482 ], [ -81.332638, 28.523528 ], [ -81.332615, 28.523556 ], [ -81.332545, 28.523668 ], [ -81.3332, 28.523686 ], [ -81.333246, 28.523826 ], [ -81.333541, 28.523824 ], [ -81.333547, 28.523918 ], [ -81.334095, 28.523932 ], [ -81.334044, 28.523207 ], [ -81.335208, 28.523209 ], [ -81.335201, 28.522505 ], [ -81.335201, 28.522491 ], [ -81.335199, 28.522429 ], [ -81.335197, 28.522367 ], [ -81.335183, 28.52222 ], [ -81.33517, 28.522091 ], [ -81.335167, 28.522055 ], [ -81.335152, 28.521845 ], [ -81.335149, 28.521559 ], [ -81.335148, 28.521394 ], [ -81.335168, 28.521393 ], [ -81.335228, 28.521393 ], [ -81.335249, 28.521393 ], [ -81.335252, 28.521557 ], [ -81.33526, 28.521847 ], [ -81.335622, 28.521821 ], [ -81.336622, 28.521817 ], [ -81.336733, 28.521817 ], [ -81.33784, 28.521824 ], [ -81.337969, 28.521825 ], [ -81.33887, 28.521818 ], [ -81.339281, 28.521822 ], [ -81.339281, 28.521534 ], [ -81.339281, 28.521439 ], [ -81.339281, 28.521423 ], [ -81.339281, 28.521378 ], [ -81.339281, 28.521363 ], [ -81.33928, 28.521311 ], [ -81.339279, 28.521155 ], [ -81.339279, 28.521103 ], [ -81.339278, 28.521085 ], [ -81.339278, 28.521033 ], [ -81.339278, 28.521016 ], [ -81.339277, 28.520919 ], [ -81.339274, 28.520629 ], [ -81.339274, 28.520533 ], [ -81.339273, 28.520422 ], [ -81.33927, 28.52009 ], [ -81.339269, 28.51998 ], [ -81.339268, 28.519926 ], [ -81.339266, 28.519764 ], [ -81.339266, 28.51971 ], [ -81.339265, 28.519616 ], [ -81.339263, 28.519334 ], [ -81.339263, 28.51924 ], [ -81.339262, 28.519166 ], [ -81.339259, 28.518944 ], [ -81.339259, 28.518871 ], [ -81.339258, 28.518842 ], [ -81.339258, 28.518755 ], [ -81.339258, 28.518726 ], [ -81.339258, 28.518696 ], [ -81.339258, 28.518607 ], [ -81.339258, 28.518578 ], [ -81.339257, 28.518555 ], [ -81.339257, 28.518486 ], [ -81.339257, 28.518463 ], [ -81.339257, 28.518447 ], [ -81.339256, 28.518386 ], [ -81.339255, 28.518313 ], [ -81.339255, 28.518157 ], [ -81.339255, 28.518081 ], [ -81.339254, 28.518 ], [ -81.339253, 28.517757 ], [ -81.339253, 28.517677 ], [ -81.339251, 28.517521 ], [ -81.339246, 28.517054 ], [ -81.339245, 28.516899 ], [ -81.339244, 28.516732 ], [ -81.339241, 28.516231 ], [ -81.339241, 28.516065 ], [ -81.339239, 28.5159 ], [ -81.339235, 28.515406 ], [ -81.339234, 28.515242 ], [ -81.339229, 28.514631 ], [ -81.33921, 28.5144 ], [ -81.339197, 28.514242 ], [ -81.339186, 28.513383 ], [ -81.33919, 28.513261 ], [ -81.339191, 28.513199 ], [ -81.339193, 28.513013 ], [ -81.339195, 28.512952 ], [ -81.339197, 28.512815 ], [ -81.339202, 28.512638 ], [ -81.339213, 28.512261 ], [ -81.339209, 28.511697 ], [ -81.339207, 28.511484 ], [ -81.339207, 28.511384 ], [ -81.339206, 28.511337 ], [ -81.339205, 28.511199 ], [ -81.339205, 28.511153 ], [ -81.339204, 28.510999 ], [ -81.339201, 28.51054 ], [ -81.3392, 28.510387 ], [ -81.339198, 28.510232 ], [ -81.339197, 28.510137 ], [ -81.338563, 28.509135 ], [ -81.338821, 28.507711 ], [ -81.338725, 28.506128 ], [ -81.338533, 28.502923 ], [ -81.338141, 28.502338 ], [ -81.337735, 28.50234 ], [ -81.337735, 28.500553 ], [ -81.337694, 28.50046 ], [ -81.337499, 28.500359 ], [ -81.337356, 28.500279 ], [ -81.337076, 28.500286 ], [ -81.337043, 28.498694 ], [ -81.339109, 28.498674 ], [ -81.339108, 28.498593 ], [ -81.339107, 28.498353 ], [ -81.339107, 28.498273 ], [ -81.339107, 28.498148 ], [ -81.339107, 28.497881 ], [ -81.338707, 28.497893 ], [ -81.338605, 28.497788 ], [ -81.338604, 28.497556 ], [ -81.338592, 28.495049 ], [ -81.338805, 28.495049 ], [ -81.338839, 28.495056 ], [ -81.3389, 28.495069 ], [ -81.338966, 28.495097 ], [ -81.339005, 28.495121 ], [ -81.33905, 28.495167 ], [ -81.339047, 28.494949 ], [ -81.339094, 28.494949 ], [ -81.339053, 28.49426 ], [ -81.339146, 28.494321 ], [ -81.33929, 28.494458 ], [ -81.339526, 28.494464 ], [ -81.339545, 28.494381 ], [ -81.339576, 28.494354 ], [ -81.339638, 28.494332 ], [ -81.339713, 28.494365 ], [ -81.339782, 28.494409 ], [ -81.339819, 28.494398 ], [ -81.339856, 28.494364 ], [ -81.340025, 28.494408 ], [ -81.340373, 28.494574 ], [ -81.340598, 28.494662 ], [ -81.340641, 28.494739 ], [ -81.340635, 28.494926 ], [ -81.340716, 28.49503 ], [ -81.340828, 28.495091 ], [ -81.340978, 28.495146 ], [ -81.341102, 28.495168 ], [ -81.341102, 28.495074 ], [ -81.341277, 28.495107 ], [ -81.34142, 28.495058 ], [ -81.341432, 28.495151 ], [ -81.341557, 28.495179 ], [ -81.341775, 28.495184 ], [ -81.34208, 28.495173 ], [ -81.342361, 28.495123 ], [ -81.34251, 28.495063 ], [ -81.342758, 28.494987 ], [ -81.342784, 28.49498 ], [ -81.342949, 28.494948 ], [ -81.343102, 28.49492 ], [ -81.343394, 28.494881 ], [ -81.343812, 28.494798 ], [ -81.34421, 28.494754 ], [ -81.344995, 28.494743 ], [ -81.345132, 28.494671 ], [ -81.345263, 28.494561 ], [ -81.345275, 28.494446 ], [ -81.345269, 28.494369 ], [ -81.345313, 28.494292 ], [ -81.345543, 28.494149 ], [ -81.345693, 28.494083 ], [ -81.345867, 28.494055 ], [ -81.345979, 28.494055 ], [ -81.346334, 28.494088 ], [ -81.346552, 28.494236 ], [ -81.346603, 28.49437 ], [ -81.347564, 28.494169 ], [ -81.34889, 28.493465 ], [ -81.350299, 28.492534 ], [ -81.35071, 28.492264 ], [ -81.350857, 28.49216 ], [ -81.351081, 28.492017 ], [ -81.352325, 28.491222 ], [ -81.352684, 28.490994 ], [ -81.354134, 28.490068 ], [ -81.354287, 28.489971 ], [ -81.354526, 28.489819 ], [ -81.354991, 28.489593 ], [ -81.355301, 28.489445 ], [ -81.355611, 28.489297 ], [ -81.358566, 28.487874 ], [ -81.361262, 28.486916 ], [ -81.361401, 28.486867 ], [ -81.362737, 28.486404 ], [ -81.364032, 28.486036 ], [ -81.365043, 28.485944 ], [ -81.36527, 28.486163 ], [ -81.365124, 28.486177 ], [ -81.36479, 28.486213 ], [ -81.363718, 28.486859 ], [ -81.363464, 28.487504 ], [ -81.363419, 28.487553 ], [ -81.363379, 28.487622 ], [ -81.363056, 28.488074 ], [ -81.363031, 28.488096 ], [ -81.364043, 28.488716 ], [ -81.363581, 28.489298 ], [ -81.363669, 28.489351 ], [ -81.363735, 28.489391 ], [ -81.363749, 28.490282 ], [ -81.364939, 28.49027 ], [ -81.365872, 28.490263 ], [ -81.365862, 28.490184 ], [ -81.365889, 28.489998 ], [ -81.366081, 28.489853 ], [ -81.366228, 28.489595 ], [ -81.366345, 28.489473 ], [ -81.366381, 28.489437 ], [ -81.366774, 28.489123 ], [ -81.367029, 28.488936 ], [ -81.367122, 28.488909 ], [ -81.367265, 28.488793 ], [ -81.367434, 28.488628 ], [ -81.367438, 28.488618 ], [ -81.367502, 28.48849 ], [ -81.367536, 28.488169 ], [ -81.36778, 28.488192 ], [ -81.367849, 28.488177 ], [ -81.367876, 28.488204 ], [ -81.368019, 28.488374 ], [ -81.368237, 28.488528 ], [ -81.368349, 28.488567 ], [ -81.368561, 28.488561 ], [ -81.368617, 28.48855 ], [ -81.368667, 28.488495 ], [ -81.368686, 28.488484 ], [ -81.36876, 28.488446 ], [ -81.368885, 28.488424 ], [ -81.368984, 28.488352 ], [ -81.369102, 28.488305 ], [ -81.36914, 28.488291 ], [ -81.36947, 28.488247 ], [ -81.369601, 28.488275 ], [ -81.369732, 28.48833 ], [ -81.369831, 28.488407 ], [ -81.369912, 28.488506 ], [ -81.369958, 28.488629 ], [ -81.369975, 28.488704 ], [ -81.369956, 28.488836 ], [ -81.369919, 28.488935 ], [ -81.369807, 28.489039 ], [ -81.369713, 28.4891 ], [ -81.369639, 28.489205 ], [ -81.369608, 28.489293 ], [ -81.369645, 28.489386 ], [ -81.369788, 28.489551 ], [ -81.369913, 28.489628 ], [ -81.36995, 28.489777 ], [ -81.369988, 28.48981 ], [ -81.369999, 28.489817 ], [ -81.370081, 28.489865 ], [ -81.370162, 28.489892 ], [ -81.370274, 28.489953 ], [ -81.370387, 28.490057 ], [ -81.371154, 28.489839 ], [ -81.370838, 28.489605 ], [ -81.370992, 28.489578 ], [ -81.371424, 28.489503 ], [ -81.371455, 28.489497 ], [ -81.371609, 28.489468 ], [ -81.37192, 28.489408 ], [ -81.372272, 28.489341 ], [ -81.372521, 28.489288 ], [ -81.372803, 28.489234 ], [ -81.372853, 28.489225 ], [ -81.373032, 28.489197 ], [ -81.373165, 28.48917 ], [ -81.37312, 28.488998 ], [ -81.37308, 28.488835 ], [ -81.372835, 28.487828 ], [ -81.372754, 28.487493 ], [ -81.372892, 28.487485 ], [ -81.37306, 28.487489 ], [ -81.373149, 28.487492 ], [ -81.373832, 28.487483 ], [ -81.373981, 28.487478 ], [ -81.374288, 28.487469 ], [ -81.374552, 28.488412 ], [ -81.374681, 28.488872 ], [ -81.37483, 28.489462 ], [ -81.375265, 28.491264 ], [ -81.375495, 28.492217 ], [ -81.375614, 28.49271 ], [ -81.375652, 28.492866 ], [ -81.375971, 28.49419 ], [ -81.37609, 28.494684 ], [ -81.376264, 28.495399 ], [ -81.376352, 28.49576 ], [ -81.376614, 28.496837 ], [ -81.376776, 28.497504 ], [ -81.376786, 28.497547 ], [ -81.376938, 28.498171 ], [ -81.37696, 28.498263 ], [ -81.376963, 28.498275 ], [ -81.376972, 28.498311 ], [ -81.376975, 28.498323 ], [ -81.37704, 28.498322 ], [ -81.377235, 28.498322 ], [ -81.377301, 28.498322 ], [ -81.377329, 28.498322 ], [ -81.377413, 28.498322 ], [ -81.377442, 28.498322 ], [ -81.377465, 28.498321 ], [ -81.3776, 28.498317 ], [ -81.378284, 28.498312 ], [ -81.37828, 28.498201 ], [ -81.378269, 28.494666 ], [ -81.378385, 28.494665 ], [ -81.37854, 28.494663 ], [ -81.378783, 28.494663 ], [ -81.378987, 28.494663 ], [ -81.379211, 28.494663 ], [ -81.379301, 28.49476 ], [ -81.379295, 28.495492 ], [ -81.379288, 28.49648 ], [ -81.379667, 28.496477 ], [ -81.380318, 28.496473 ], [ -81.380292, 28.498862 ], [ -81.3801, 28.49886 ], [ -81.379714, 28.498856 ], [ -81.37972, 28.499783 ], [ -81.379721, 28.499867 ], [ -81.379261, 28.499853 ], [ -81.378513, 28.499831 ], [ -81.378536, 28.499916 ], [ -81.378553, 28.499979 ], [ -81.378604, 28.50017 ], [ -81.378622, 28.500234 ], [ -81.378732, 28.500728 ], [ -81.378749, 28.500802 ], [ -81.378877, 28.50134 ], [ -81.379161, 28.502499 ], [ -81.379229, 28.502774 ], [ -81.37927, 28.503002 ], [ -81.379369, 28.503068 ], [ -81.379676, 28.503066 ], [ -81.379765, 28.503079 ], [ -81.379797, 28.503087 ], [ -81.379873, 28.503115 ], [ -81.379942, 28.503154 ], [ -81.380028, 28.503223 ], [ -81.380176, 28.503341 ], [ -81.380261, 28.503401 ], [ -81.380353, 28.503452 ], [ -81.380452, 28.503494 ], [ -81.380555, 28.503525 ], [ -81.380661, 28.503545 ], [ -81.380749, 28.503552 ], [ -81.380851, 28.503549 ], [ -81.380895, 28.503548 ], [ -81.381152, 28.503508 ], [ -81.381124, 28.503396 ], [ -81.381117, 28.503366 ], [ -81.381105, 28.503281 ], [ -81.381108, 28.503196 ], [ -81.381123, 28.503111 ], [ -81.381143, 28.503059 ], [ -81.381824, 28.503357 ], [ -81.381849, 28.503467 ], [ -81.381886, 28.503571 ], [ -81.381911, 28.503693 ], [ -81.381899, 28.503885 ], [ -81.38193, 28.50394 ], [ -81.381961, 28.503973 ], [ -81.382017, 28.504177 ], [ -81.382042, 28.504314 ], [ -81.382017, 28.504446 ], [ -81.382029, 28.504485 ], [ -81.382073, 28.504512 ], [ -81.382179, 28.504628 ], [ -81.382228, 28.504738 ], [ -81.382415, 28.504997 ], [ -81.382764, 28.505256 ], [ -81.382863, 28.505388 ], [ -81.382926, 28.50569 ], [ -81.382988, 28.505867 ], [ -81.383053, 28.505996 ], [ -81.384526, 28.506014 ], [ -81.384536, 28.507294 ], [ -81.384537, 28.507481 ], [ -81.384544, 28.508389 ], [ -81.38455, 28.509214 ], [ -81.384614, 28.509213 ], [ -81.384622, 28.510892 ], [ -81.384627, 28.512035 ], [ -81.384627, 28.512131 ], [ -81.384632, 28.512555 ], [ -81.38463, 28.512857 ], [ -81.384537, 28.512857 ], [ -81.384537, 28.512979 ], [ -81.384538, 28.513021 ], [ -81.384536, 28.513107 ], [ -81.384391, 28.513216 ], [ -81.384455, 28.513294 ], [ -81.384541, 28.513427 ], [ -81.384577, 28.513511 ], [ -81.384593, 28.513577 ], [ -81.384633, 28.513673 ], [ -81.384666, 28.513732 ], [ -81.38481, 28.513938 ], [ -81.38489, 28.514043 ] ] ] ] } },
{ "type": "Feature", "properties": { "ZCTA5CE20": "32714", "GEOID20": "32714", "GEOIDFQ20": "860Z200US32714", "CLASSFP20": "B5", "MTFCC20": "G6350", "FUNCSTAT20": "S", "ALAND20": 21978086, "AWATER20": 1073972, "INTPTLAT20": "+28.6624875", "INTPTLON20": "-081.4116070" }, "geometry": { "type": "MultiPolygon", "coordinates": [ [ [ [ -81.443599, 28.640181 ], [ -81.443568, 28.640301 ], [ -81.443527, 28.640393 ], [ -81.443484, 28.640478 ], [ -81.443476, 28.640495 ], [ -81.443378, 28.640659 ], [ -81.443363, 28.640675 ], [ -81.443335, 28.640722 ], [ -81.443288, 28.640805 ], [ -81.443269, 28.640838 ], [ -81.443227, 28.64093 ], [ -81.44319, 28.641012 ], [ -81.443163, 28.641074 ], [ -81.443084, 28.641321 ], [ -81.443076, 28.641349 ], [ -81.443046, 28.641455 ], [ -81.442848, 28.641508 ], [ -81.442294, 28.641964 ], [ -81.441197, 28.642867 ], [ -81.441166, 28.642892 ], [ -81.440063, 28.6438 ], [ -81.439651, 28.644139 ], [ -81.439085, 28.644605 ], [ -81.439007, 28.644669 ], [ -81.435722, 28.647361 ], [ -81.435586, 28.647458 ], [ -81.435586, 28.647589 ], [ -81.435592, 28.647909 ], [ -81.43561, 28.64887 ], [ -81.435616, 28.649191 ], [ -81.435611, 28.649467 ], [ -81.435595, 28.650295 ], [ -81.435591, 28.650572 ], [ -81.435588, 28.650909 ], [ -81.435578, 28.651922 ], [ -81.435576, 28.65226 ], [ -81.435575, 28.652364 ], [ -81.435572, 28.652679 ], [ -81.435572, 28.652784 ], [ -81.435577, 28.653077 ], [ -81.435595, 28.653956 ], [ -81.435601, 28.654249 ], [ -81.435604, 28.654404 ], [ -81.435613, 28.654873 ], [ -81.435616, 28.655029 ], [ -81.435614, 28.655307 ], [ -81.435611, 28.656142 ], [ -81.43561, 28.656421 ], [ -81.435422, 28.65642 ], [ -81.434859, 28.656419 ], [ -81.434672, 28.656419 ], [ -81.433638, 28.656431 ], [ -81.433641, 28.656549 ], [ -81.433641, 28.656609 ], [ -81.433628, 28.656652 ], [ -81.433604, 28.656689 ], [ -81.433585, 28.656727 ], [ -81.43358, 28.656784 ], [ -81.43358, 28.657023 ], [ -81.433577, 28.657759 ], [ -81.433576, 28.657817 ], [ -81.433581, 28.65791 ], [ -81.433596, 28.657956 ], [ -81.433622, 28.657991 ], [ -81.433677, 28.658029 ], [ -81.433746, 28.658052 ], [ -81.434256, 28.658051 ], [ -81.435428, 28.658054 ], [ -81.435583, 28.658092 ], [ -81.435586, 28.660175 ], [ -81.435588, 28.661975 ], [ -81.435592, 28.664362 ], [ -81.435595, 28.666924 ], [ -81.43467, 28.666934 ], [ -81.433435, 28.666947 ], [ -81.433426, 28.667404 ], [ -81.434026, 28.667643 ], [ -81.434237, 28.667728 ], [ -81.434361, 28.667796 ], [ -81.435104, 28.668207 ], [ -81.435316, 28.66835 ], [ -81.435439, 28.668423 ], [ -81.435716, 28.668589 ], [ -81.436271, 28.668922 ], [ -81.436212, 28.669022 ], [ -81.436065, 28.669269 ], [ -81.436032, 28.669303 ], [ -81.435772, 28.669571 ], [ -81.435739, 28.66969 ], [ -81.43567, 28.669938 ], [ -81.435666, 28.669951 ], [ -81.435659, 28.67005 ], [ -81.435622, 28.670534 ], [ -81.435627, 28.670723 ], [ -81.435551, 28.670726 ], [ -81.435484, 28.670728 ], [ -81.435418, 28.670728 ], [ -81.435341, 28.670729 ], [ -81.435257, 28.67073 ], [ -81.435164, 28.67073 ], [ -81.435062, 28.670731 ], [ -81.434964, 28.670727 ], [ -81.43489, 28.670724 ], [ -81.434824, 28.670719 ], [ -81.434819, 28.670987 ], [ -81.432423, 28.671184 ], [ -81.431963, 28.671056 ], [ -81.431373, 28.670985 ], [ -81.431371, 28.671039 ], [ -81.431368, 28.671202 ], [ -81.431368, 28.671257 ], [ -81.431362, 28.671566 ], [ -81.431361, 28.67169 ], [ -81.431361, 28.672496 ], [ -81.431361, 28.672807 ], [ -81.432895, 28.672867 ], [ -81.433438, 28.67284 ], [ -81.434479, 28.672793 ], [ -81.435449, 28.672788 ], [ -81.435564, 28.672787 ], [ -81.435566, 28.674072 ], [ -81.435535, 28.674932 ], [ -81.435604, 28.674983 ], [ -81.43551, 28.678161 ], [ -81.436549, 28.678177 ], [ -81.436565, 28.67963 ], [ -81.436447, 28.679626 ], [ -81.436031, 28.679614 ], [ -81.433419, 28.679664 ], [ -81.433419, 28.680064 ], [ -81.432671, 28.680064 ], [ -81.431385, 28.680048 ], [ -81.429663, 28.680048 ], [ -81.429484, 28.680052 ], [ -81.428949, 28.680065 ], [ -81.428771, 28.68007 ], [ -81.428621, 28.680068 ], [ -81.428171, 28.680065 ], [ -81.428022, 28.680064 ], [ -81.428009, 28.680063 ], [ -81.427971, 28.680063 ], [ -81.427959, 28.680063 ], [ -81.427809, 28.68006 ], [ -81.427362, 28.680054 ], [ -81.427236, 28.680052 ], [ -81.427213, 28.680052 ], [ -81.427016, 28.680049 ], [ -81.426427, 28.68004 ], [ -81.426231, 28.680037 ], [ -81.425656, 28.680028 ], [ -81.42537, 28.680025 ], [ -81.424927, 28.68002 ], [ -81.423932, 28.680039 ], [ -81.423358, 28.68005 ], [ -81.423284, 28.680051 ], [ -81.42307, 28.680055 ], [ -81.423075, 28.681885 ], [ -81.423084, 28.683598 ], [ -81.423074, 28.683616 ], [ -81.423045, 28.683671 ], [ -81.423036, 28.68369 ], [ -81.422238, 28.683701 ], [ -81.422205, 28.683701 ], [ -81.420852, 28.68369 ], [ -81.419954, 28.683701 ], [ -81.419055, 28.683706 ], [ -81.419051, 28.683671 ], [ -81.418934, 28.68366 ], [ -81.418831, 28.683651 ], [ -81.41865, 28.684064 ], [ -81.418544, 28.684262 ], [ -81.41845, 28.684427 ], [ -81.418063, 28.684977 ], [ -81.417982, 28.685059 ], [ -81.417591, 28.685391 ], [ -81.41732, 28.685579 ], [ -81.416851, 28.685869 ], [ -81.416484, 28.686025 ], [ -81.416156, 28.686171 ], [ -81.415866, 28.686269 ], [ -81.415361, 28.686403 ], [ -81.414059, 28.686737 ], [ -81.413417, 28.686909 ], [ -81.413376, 28.68692 ], [ -81.413259, 28.686956 ], [ -81.413243, 28.686961 ], [ -81.413221, 28.686969 ], [ -81.413156, 28.686985 ], [ -81.412964, 28.687036 ], [ -81.412901, 28.687054 ], [ -81.41274, 28.687099 ], [ -81.412263, 28.687236 ], [ -81.412103, 28.687282 ], [ -81.411856, 28.687337 ], [ -81.411117, 28.687505 ], [ -81.410872, 28.687561 ], [ -81.410115, 28.687799 ], [ -81.409481, 28.687991 ], [ -81.409395, 28.688007 ], [ -81.408896, 28.68809 ], [ -81.408827, 28.68809 ], [ -81.408422, 28.688095 ], [ -81.407985, 28.688095 ], [ -81.407791, 28.688067 ], [ -81.407636, 28.688043 ], [ -81.407542, 28.688029 ], [ -81.407175, 28.687958 ], [ -81.407111, 28.687946 ], [ -81.407024, 28.687919 ], [ -81.406913, 28.687886 ], [ -81.406725, 28.687831 ], [ -81.406584, 28.687787 ], [ -81.406475, 28.687753 ], [ -81.406322, 28.687703 ], [ -81.405866, 28.687555 ], [ -81.405714, 28.687506 ], [ -81.405567, 28.687462 ], [ -81.405339, 28.687395 ], [ -81.405121, 28.687353 ], [ -81.404971, 28.687324 ], [ -81.404678, 28.687274 ], [ -81.404524, 28.687261 ], [ -81.404272, 28.687241 ], [ -81.403255, 28.687213 ], [ -81.40317, 28.687213 ], [ -81.402719, 28.687213 ], [ -81.402574, 28.687214 ], [ -81.402512, 28.687215 ], [ -81.402139, 28.687221 ], [ -81.401995, 28.687224 ], [ -81.401776, 28.687228 ], [ -81.401446, 28.687235 ], [ -81.401121, 28.687237 ], [ -81.400903, 28.68724 ], [ -81.40069, 28.68724 ], [ -81.400304, 28.68724 ], [ -81.400054, 28.687234 ], [ -81.399842, 28.687229 ], [ -81.39983, 28.687228 ], [ -81.399797, 28.687228 ], [ -81.399786, 28.687228 ], [ -81.399641, 28.687225 ], [ -81.399586, 28.687224 ], [ -81.399306, 28.68722 ], [ -81.399212, 28.687218 ], [ -81.398989, 28.687191 ], [ -81.398791, 28.687167 ], [ -81.398669, 28.687152 ], [ -81.39862, 28.687141 ], [ -81.398113, 28.687033 ], [ -81.397945, 28.686998 ], [ -81.397859, 28.68697 ], [ -81.397739, 28.686932 ], [ -81.3976, 28.686897 ], [ -81.397513, 28.686876 ], [ -81.397106, 28.686814 ], [ -81.397075, 28.686808 ], [ -81.397023, 28.686806 ], [ -81.396609, 28.686766 ], [ -81.396212, 28.686764 ], [ -81.395794, 28.68678 ], [ -81.395487, 28.686843 ], [ -81.395082, 28.686974 ], [ -81.394742, 28.68713 ], [ -81.394575, 28.68722 ], [ -81.394408, 28.68734 ], [ -81.394374, 28.687365 ], [ -81.394238, 28.687464 ], [ -81.393901, 28.687655 ], [ -81.393732, 28.687752 ], [ -81.393586, 28.687835 ], [ -81.393193, 28.688058 ], [ -81.393059, 28.688135 ], [ -81.392819, 28.688273 ], [ -81.392099, 28.688689 ], [ -81.39186, 28.688828 ], [ -81.39183, 28.688845 ], [ -81.39175, 28.68889 ], [ -81.391251, 28.689176 ], [ -81.391223, 28.689193 ], [ -81.391086, 28.689273 ], [ -81.390915, 28.689368 ], [ -81.390754, 28.689459 ], [ -81.390568, 28.689565 ], [ -81.390409, 28.689664 ], [ -81.390334, 28.68971 ], [ -81.390244, 28.689768 ], [ -81.390155, 28.689821 ], [ -81.389988, 28.689922 ], [ -81.389889, 28.689981 ], [ -81.389801, 28.690035 ], [ -81.38978, 28.690047 ], [ -81.389717, 28.690085 ], [ -81.389697, 28.690098 ], [ -81.389607, 28.690151 ], [ -81.38934, 28.690314 ], [ -81.389251, 28.690368 ], [ -81.389208, 28.69039 ], [ -81.389083, 28.690456 ], [ -81.389041, 28.690479 ], [ -81.389006, 28.690497 ], [ -81.388902, 28.690553 ], [ -81.388871, 28.690577 ], [ -81.388865, 28.690168 ], [ -81.388848, 28.688944 ], [ -81.388843, 28.688536 ], [ -81.388838, 28.688224 ], [ -81.388826, 28.687289 ], [ -81.388822, 28.686978 ], [ -81.388819, 28.686314 ], [ -81.388811, 28.684323 ], [ -81.388809, 28.68366 ], [ -81.388807, 28.683298 ], [ -81.388803, 28.682213 ], [ -81.388802, 28.681852 ], [ -81.388801, 28.681655 ], [ -81.388799, 28.68141 ], [ -81.388798, 28.681065 ], [ -81.388798, 28.680869 ], [ -81.388797, 28.680703 ], [ -81.388795, 28.680205 ], [ -81.388795, 28.680039 ], [ -81.388794, 28.680005 ], [ -81.388794, 28.679906 ], [ -81.388794, 28.679873 ], [ -81.388791, 28.679165 ], [ -81.388783, 28.677101 ], [ -81.388782, 28.677042 ], [ -81.388779, 28.676335 ], [ -81.388777, 28.676159 ], [ -81.388774, 28.675633 ], [ -81.388774, 28.675458 ], [ -81.388773, 28.675277 ], [ -81.38877, 28.674735 ], [ -81.388769, 28.674555 ], [ -81.388767, 28.674374 ], [ -81.388764, 28.673831 ], [ -81.388764, 28.67365 ], [ -81.388763, 28.673536 ], [ -81.388762, 28.673368 ], [ -81.388761, 28.673216 ], [ -81.388761, 28.673195 ], [ -81.388761, 28.673082 ], [ -81.38876, 28.673044 ], [ -81.38876, 28.672929 ], [ -81.38876, 28.672892 ], [ -81.38876, 28.672862 ], [ -81.38876, 28.672772 ], [ -81.38876, 28.672743 ], [ -81.388779, 28.672606 ], [ -81.388764, 28.671172 ], [ -81.388716, 28.666457 ], [ -81.388701, 28.664886 ], [ -81.388695, 28.663959 ], [ -81.388694, 28.663728 ], [ -81.388692, 28.663506 ], [ -81.388688, 28.662843 ], [ -81.388687, 28.662622 ], [ -81.388686, 28.662491 ], [ -81.388684, 28.662129 ], [ -81.388687, 28.662044 ], [ -81.38869, 28.66197 ], [ -81.388694, 28.661812 ], [ -81.388695, 28.661792 ], [ -81.388697, 28.66176 ], [ -81.388695, 28.661261 ], [ -81.388695, 28.661084 ], [ -81.388693, 28.660626 ], [ -81.388687, 28.659252 ], [ -81.388686, 28.658794 ], [ -81.388684, 28.658464 ], [ -81.388681, 28.657474 ], [ -81.38868, 28.657144 ], [ -81.388679, 28.657129 ], [ -81.38867, 28.657088 ], [ -81.388679, 28.65707 ], [ -81.388679, 28.657051 ], [ -81.388679, 28.656994 ], [ -81.388679, 28.656976 ], [ -81.388679, 28.656935 ], [ -81.388672, 28.65611 ], [ -81.388659, 28.654561 ], [ -81.388651, 28.653512 ], [ -81.388645, 28.652742 ], [ -81.388644, 28.652646 ], [ -81.388635, 28.651618 ], [ -81.388635, 28.651601 ], [ -81.388627, 28.650603 ], [ -81.388615, 28.649039 ], [ -81.388599, 28.648537 ], [ -81.388568, 28.647511 ], [ -81.388561, 28.647277 ], [ -81.38856, 28.647245 ], [ -81.388554, 28.647058 ], [ -81.388484, 28.646217 ], [ -81.388164, 28.642341 ], [ -81.388064, 28.641115 ], [ -81.388064, 28.641049 ], [ -81.387981, 28.640229 ], [ -81.388002, 28.640229 ], [ -81.38808, 28.640227 ], [ -81.388315, 28.640224 ], [ -81.3884, 28.640224 ], [ -81.388586, 28.640256 ], [ -81.388772, 28.640289 ], [ -81.389171, 28.640268 ], [ -81.389367, 28.640259 ], [ -81.389463, 28.640253 ], [ -81.389755, 28.640238 ], [ -81.389852, 28.640233 ], [ -81.390077, 28.640227 ], [ -81.390752, 28.640211 ], [ -81.390978, 28.640206 ], [ -81.391109, 28.640206 ], [ -81.391502, 28.640209 ], [ -81.391583, 28.64021 ], [ -81.391633, 28.64021 ], [ -81.391836, 28.64021 ], [ -81.392445, 28.640213 ], [ -81.39265, 28.640213 ], [ -81.393422, 28.640207 ], [ -81.395745, 28.640191 ], [ -81.39652, 28.640185 ], [ -81.396756, 28.64018 ], [ -81.397467, 28.640166 ], [ -81.397705, 28.640162 ], [ -81.398574, 28.640152 ], [ -81.402891, 28.640126 ], [ -81.403777, 28.64012 ], [ -81.406435, 28.640104 ], [ -81.407098, 28.6401 ], [ -81.407322, 28.640099 ], [ -81.407589, 28.640104 ], [ -81.407633, 28.640104 ], [ -81.407745, 28.640098 ], [ -81.407991, 28.640087 ], [ -81.408042, 28.640109 ], [ -81.408642, 28.640309 ], [ -81.409034, 28.640399 ], [ -81.409532, 28.64046 ], [ -81.409998, 28.640505 ], [ -81.411232, 28.640569 ], [ -81.411861, 28.640571 ], [ -81.413008, 28.640557 ], [ -81.413921, 28.640563 ], [ -81.414543, 28.640539 ], [ -81.415215, 28.640541 ], [ -81.415213, 28.640308 ], [ -81.415204, 28.640077 ], [ -81.415204, 28.640057 ], [ -81.415368, 28.640058 ], [ -81.415637, 28.640061 ], [ -81.41571, 28.640059 ], [ -81.415976, 28.640058 ], [ -81.416263, 28.640058 ], [ -81.417442, 28.640074 ], [ -81.417614, 28.640077 ], [ -81.417931, 28.640078 ], [ -81.418479, 28.640079 ], [ -81.419134, 28.640081 ], [ -81.419461, 28.640078 ], [ -81.420123, 28.640083 ], [ -81.420568, 28.640087 ], [ -81.420671, 28.640094 ], [ -81.420996, 28.640102 ], [ -81.421375, 28.6401 ], [ -81.422994, 28.640096 ], [ -81.423489, 28.640097 ], [ -81.423985, 28.640099 ], [ -81.424194, 28.640105 ], [ -81.424195, 28.640133 ], [ -81.425278, 28.64013 ], [ -81.427327, 28.6402 ], [ -81.429279, 28.640166 ], [ -81.430196, 28.640151 ], [ -81.435472, 28.640061 ], [ -81.435572, 28.640065 ], [ -81.436986, 28.640128 ], [ -81.439209, 28.640141 ], [ -81.442923, 28.640159 ], [ -81.443603, 28.64015 ], [ -81.443599, 28.640181 ] ] ] ] } },
{ "type": "Feature", "properties": { "ZCTA5CE20": "32809", "GEOID20": "32809", "GEOIDFQ20": "860Z200US32809", "CLASSFP20": "B5", "MTFCC20": "G6350", "FUNCSTAT20": "S", "ALAND20": 26899463, "AWATER20": 6185914, "INTPTLAT20": "+28.4622181", "INTPTLON20": "-081.3852192" }, "geometry": { "type": "MultiPolygon", "coordinates": [ [ [ [ -81.443993, 28.472068 ], [ -81.443402, 28.472074 ], [ -81.442947, 28.472082 ], [ -81.442599, 28.472089 ], [ -81.442588, 28.472089 ], [ -81.442545, 28.47209 ], [ -81.442484, 28.472091 ], [ -81.442304, 28.472093 ], [ -81.442244, 28.472095 ], [ -81.441852, 28.472096 ], [ -81.441335, 28.472099 ], [ -81.440982, 28.472087 ], [ -81.44068, 28.47209 ], [ -81.440289, 28.472096 ], [ -81.439813, 28.472101 ], [ -81.439681, 28.472103 ], [ -81.439394, 28.472106 ], [ -81.4393, 28.472107 ], [ -81.438264, 28.472121 ], [ -81.438243, 28.472122 ], [ -81.435888, 28.472152 ], [ -81.434902, 28.472164 ], [ -81.434158, 28.472174 ], [ -81.433888, 28.472178 ], [ -81.433726, 28.47218 ], [ -81.433389, 28.472184 ], [ -81.43339, 28.472274 ], [ -81.433392, 28.472365 ], [ -81.433397, 28.472735 ], [ -81.432657, 28.472745 ], [ -81.430964, 28.472769 ], [ -81.430823, 28.472771 ], [ -81.430744, 28.47266 ], [ -81.430715, 28.472584 ], [ -81.430685, 28.472411 ], [ -81.430666, 28.472314 ], [ -81.430648, 28.472217 ], [ -81.430351, 28.47222 ], [ -81.42996, 28.472225 ], [ -81.429248, 28.472234 ], [ -81.428953, 28.472237 ], [ -81.428068, 28.472247 ], [ -81.427774, 28.472251 ], [ -81.427484, 28.472254 ], [ -81.426614, 28.472267 ], [ -81.426325, 28.472271 ], [ -81.426159, 28.472272 ], [ -81.425661, 28.472278 ], [ -81.425496, 28.47228 ], [ -81.425322, 28.472281 ], [ -81.424802, 28.472288 ], [ -81.424629, 28.47229 ], [ -81.424563, 28.47229 ], [ -81.424369, 28.472292 ], [ -81.424304, 28.472293 ], [ -81.424016, 28.472294 ], [ -81.423875, 28.472295 ], [ -81.423153, 28.472301 ], [ -81.422866, 28.472303 ], [ -81.42232, 28.472307 ], [ -81.420683, 28.47232 ], [ -81.420138, 28.472325 ], [ -81.420135, 28.472452 ], [ -81.420131, 28.472704 ], [ -81.420124, 28.472807 ], [ -81.420116, 28.472835 ], [ -81.420103, 28.472882 ], [ -81.420069, 28.472954 ], [ -81.419919, 28.473101 ], [ -81.419817, 28.473218 ], [ -81.419766, 28.473284 ], [ -81.419724, 28.473341 ], [ -81.419682, 28.473411 ], [ -81.419651, 28.473486 ], [ -81.419631, 28.473563 ], [ -81.419623, 28.473642 ], [ -81.419627, 28.473721 ], [ -81.419621, 28.473945 ], [ -81.419592, 28.474355 ], [ -81.419574, 28.474427 ], [ -81.419533, 28.47452 ], [ -81.419509, 28.474547 ], [ -81.419488, 28.474563 ], [ -81.419466, 28.474582 ], [ -81.419397, 28.474615 ], [ -81.419141, 28.47466 ], [ -81.419122, 28.474668 ], [ -81.41907, 28.474702 ], [ -81.419014, 28.474646 ], [ -81.418947, 28.474601 ], [ -81.418899, 28.47458 ], [ -81.418835, 28.474571 ], [ -81.418709, 28.474571 ], [ -81.418208, 28.474573 ], [ -81.41814, 28.474583 ], [ -81.418074, 28.474604 ], [ -81.417992, 28.474651 ], [ -81.417934, 28.474705 ], [ -81.417903, 28.474748 ], [ -81.417872, 28.474817 ], [ -81.417866, 28.474842 ], [ -81.417869, 28.475081 ], [ -81.417873, 28.475307 ], [ -81.417872, 28.475484 ], [ -81.417871, 28.475713 ], [ -81.41787, 28.476402 ], [ -81.41787, 28.476632 ], [ -81.417871, 28.476724 ], [ -81.417875, 28.477003 ], [ -81.417877, 28.477096 ], [ -81.417878, 28.4772 ], [ -81.417882, 28.477515 ], [ -81.417884, 28.47762 ], [ -81.417885, 28.477804 ], [ -81.417889, 28.478358 ], [ -81.417891, 28.478543 ], [ -81.41789, 28.478632 ], [ -81.417893, 28.47865 ], [ -81.417893, 28.478768 ], [ -81.417897, 28.479129 ], [ -81.41791, 28.479178 ], [ -81.417934, 28.479224 ], [ -81.417969, 28.479264 ], [ -81.418095, 28.479376 ], [ -81.41786, 28.479575 ], [ -81.417662, 28.479813 ], [ -81.417538, 28.479815 ], [ -81.417465, 28.479816 ], [ -81.417456, 28.47937 ], [ -81.417438, 28.479007 ], [ -81.41745, 28.478412 ], [ -81.417427, 28.477692 ], [ -81.4174, 28.477481 ], [ -81.417384, 28.476914 ], [ -81.4174, 28.475796 ], [ -81.417382, 28.474724 ], [ -81.417367, 28.473668 ], [ -81.417337, 28.472487 ], [ -81.417352, 28.47235 ], [ -81.416989, 28.472339 ], [ -81.416912, 28.47234 ], [ -81.416301, 28.472351 ], [ -81.416329, 28.473173 ], [ -81.416123, 28.473185 ], [ -81.416126, 28.473633 ], [ -81.414806, 28.473637 ], [ -81.414682, 28.473574 ], [ -81.41368, 28.473586 ], [ -81.413444, 28.473589 ], [ -81.413413, 28.473589 ], [ -81.413386, 28.473581 ], [ -81.413365, 28.473574 ], [ -81.413343, 28.473561 ], [ -81.413324, 28.473536 ], [ -81.413314, 28.473517 ], [ -81.413311, 28.473494 ], [ -81.413305, 28.473372 ], [ -81.413292, 28.472616 ], [ -81.413297, 28.472592 ], [ -81.413314, 28.472577 ], [ -81.413335, 28.472571 ], [ -81.413391, 28.472574 ], [ -81.41441, 28.472577 ], [ -81.414439, 28.472582 ], [ -81.414452, 28.47259 ], [ -81.414462, 28.472604 ], [ -81.414481, 28.472626 ], [ -81.41449, 28.472645 ], [ -81.414494, 28.472668 ], [ -81.414498, 28.472691 ], [ -81.414502, 28.472879 ], [ -81.414513, 28.473421 ], [ -81.414512, 28.473483 ], [ -81.414523, 28.473513 ], [ -81.414538, 28.473524 ], [ -81.414555, 28.473531 ], [ -81.414682, 28.47352 ], [ -81.414677, 28.472707 ], [ -81.414675, 28.472372 ], [ -81.4145, 28.472373 ], [ -81.413978, 28.472378 ], [ -81.413804, 28.47238 ], [ -81.412862, 28.472387 ], [ -81.412872, 28.472576 ], [ -81.412981, 28.47259 ], [ -81.413022, 28.472658 ], [ -81.413008, 28.472822 ], [ -81.412913, 28.473068 ], [ -81.412927, 28.473355 ], [ -81.413008, 28.473573 ], [ -81.412995, 28.47397 ], [ -81.412927, 28.474065 ], [ -81.412858, 28.474079 ], [ -81.412135, 28.474079 ], [ -81.41126, 28.474079 ], [ -81.411181, 28.474232 ], [ -81.409097, 28.474263 ], [ -81.40909, 28.473912 ], [ -81.40909, 28.473335 ], [ -81.409082, 28.473029 ], [ -81.408044, 28.473022 ], [ -81.408073, 28.474168 ], [ -81.407541, 28.47418 ], [ -81.406989, 28.474193 ], [ -81.406988, 28.475868 ], [ -81.405082, 28.475933 ], [ -81.405087, 28.47522 ], [ -81.405025, 28.47522 ], [ -81.402413, 28.475215 ], [ -81.400853, 28.475225 ], [ -81.400854, 28.475304 ], [ -81.400855, 28.475447 ], [ -81.400863, 28.476176 ], [ -81.400457, 28.476169 ], [ -81.400272, 28.476169 ], [ -81.400131, 28.47617 ], [ -81.399786, 28.476176 ], [ -81.399361, 28.476176 ], [ -81.397721, 28.4762 ], [ -81.397012, 28.476204 ], [ -81.396678, 28.47621 ], [ -81.396671, 28.475725 ], [ -81.396674, 28.474009 ], [ -81.39666, 28.472863 ], [ -81.396656, 28.47256 ], [ -81.39636, 28.472566 ], [ -81.395476, 28.472585 ], [ -81.395292, 28.472589 ], [ -81.395181, 28.472592 ], [ -81.39502, 28.472595 ], [ -81.39454, 28.472605 ], [ -81.39438, 28.472609 ], [ -81.394304, 28.47261 ], [ -81.394076, 28.472614 ], [ -81.394001, 28.472616 ], [ -81.393774, 28.472618 ], [ -81.393093, 28.472627 ], [ -81.392867, 28.47263 ], [ -81.392875, 28.473385 ], [ -81.392884, 28.474197 ], [ -81.392898, 28.474333 ], [ -81.392936, 28.474512 ], [ -81.392622, 28.474566 ], [ -81.392147, 28.474902 ], [ -81.392047, 28.474809 ], [ -81.391928, 28.47465 ], [ -81.391822, 28.474567 ], [ -81.391723, 28.474528 ], [ -81.39155, 28.474423 ], [ -81.39189, 28.473952 ], [ -81.391862, 28.47321 ], [ -81.391953, 28.472638 ], [ -81.391838, 28.47264 ], [ -81.391635, 28.472642 ], [ -81.391552, 28.472642 ], [ -81.391305, 28.472645 ], [ -81.391223, 28.472647 ], [ -81.39114, 28.472647 ], [ -81.390894, 28.47265 ], [ -81.390812, 28.472651 ], [ -81.39079, 28.472651 ], [ -81.390728, 28.472651 ], [ -81.390707, 28.472652 ], [ -81.389962, 28.472659 ], [ -81.38903, 28.472669 ], [ -81.388008, 28.472678 ], [ -81.387819, 28.472679 ], [ -81.387254, 28.472685 ], [ -81.387066, 28.472687 ], [ -81.387075, 28.473146 ], [ -81.387077, 28.473199 ], [ -81.387089, 28.473277 ], [ -81.387124, 28.47339 ], [ -81.387179, 28.473497 ], [ -81.387668, 28.47432 ], [ -81.387678, 28.474369 ], [ -81.387677, 28.474414 ], [ -81.387662, 28.474459 ], [ -81.387634, 28.4745 ], [ -81.387595, 28.474533 ], [ -81.387495, 28.474567 ], [ -81.387416, 28.474583 ], [ -81.387336, 28.474589 ], [ -81.387235, 28.474275 ], [ -81.387174, 28.474136 ], [ -81.387169, 28.474125 ], [ -81.387086, 28.473982 ], [ -81.386987, 28.473846 ], [ -81.386873, 28.47372 ], [ -81.386411, 28.4733 ], [ -81.386313, 28.473233 ], [ -81.386207, 28.473178 ], [ -81.386154, 28.473155 ], [ -81.386114, 28.473123 ], [ -81.386086, 28.473083 ], [ -81.386073, 28.473036 ], [ -81.386064, 28.472697 ], [ -81.385715, 28.4727 ], [ -81.384672, 28.47271 ], [ -81.384324, 28.472714 ], [ -81.383865, 28.472717 ], [ -81.383761, 28.472718 ], [ -81.382075, 28.472732 ], [ -81.381513, 28.472737 ], [ -81.381508, 28.473264 ], [ -81.380998, 28.473259 ], [ -81.38097, 28.473809 ], [ -81.380952, 28.473812 ], [ -81.380545, 28.4736 ], [ -81.380218, 28.473505 ], [ -81.380221, 28.472746 ], [ -81.380061, 28.472748 ], [ -81.379699, 28.472751 ], [ -81.37954, 28.472752 ], [ -81.379063, 28.472757 ], [ -81.378905, 28.472759 ], [ -81.378762, 28.47276 ], [ -81.378334, 28.472764 ], [ -81.378192, 28.472766 ], [ -81.378045, 28.472767 ], [ -81.378021, 28.472767 ], [ -81.377607, 28.472771 ], [ -81.377461, 28.472773 ], [ -81.3773, 28.472773 ], [ -81.376819, 28.472777 ], [ -81.376659, 28.472778 ], [ -81.376549, 28.472778 ], [ -81.376223, 28.472781 ], [ -81.376114, 28.472782 ], [ -81.376025, 28.472782 ], [ -81.375759, 28.472784 ], [ -81.375671, 28.472785 ], [ -81.375119, 28.47279 ], [ -81.375098, 28.472787 ], [ -81.374922, 28.472798 ], [ -81.374691, 28.472798 ], [ -81.374056, 28.472797 ], [ -81.373819, 28.472796 ], [ -81.373795, 28.472796 ], [ -81.373015, 28.472803 ], [ -81.372755, 28.472806 ], [ -81.371967, 28.472811 ], [ -81.371051, 28.472817 ], [ -81.370868, 28.472818 ], [ -81.37032, 28.472821 ], [ -81.370138, 28.472823 ], [ -81.370169, 28.472925 ], [ -81.370173, 28.472956 ], [ -81.3703, 28.473404 ], [ -81.370768, 28.475048 ], [ -81.370796, 28.475147 ], [ -81.370834, 28.475281 ], [ -81.37096, 28.475729 ], [ -81.370999, 28.475869 ], [ -81.371117, 28.476291 ], [ -81.371157, 28.476432 ], [ -81.371231, 28.476432 ], [ -81.371437, 28.47718 ], [ -81.371525, 28.477509 ], [ -81.371635, 28.477918 ], [ -81.371968, 28.479017 ], [ -81.37231, 28.480147 ], [ -81.37229, 28.480147 ], [ -81.372261, 28.480148 ], [ -81.37223, 28.480148 ], [ -81.372211, 28.480149 ], [ -81.373195, 28.483616 ], [ -81.373914, 28.486149 ], [ -81.373988, 28.486413 ], [ -81.374213, 28.487205 ], [ -81.374288, 28.487469 ], [ -81.373981, 28.487478 ], [ -81.373832, 28.487483 ], [ -81.373149, 28.487492 ], [ -81.37306, 28.487489 ], [ -81.372892, 28.487485 ], [ -81.372754, 28.487493 ], [ -81.372835, 28.487828 ], [ -81.37308, 28.488835 ], [ -81.37312, 28.488998 ], [ -81.373165, 28.48917 ], [ -81.373032, 28.489197 ], [ -81.372853, 28.489225 ], [ -81.372803, 28.489234 ], [ -81.372521, 28.489288 ], [ -81.372272, 28.489341 ], [ -81.37192, 28.489408 ], [ -81.371609, 28.489468 ], [ -81.371455, 28.489497 ], [ -81.371424, 28.489503 ], [ -81.370992, 28.489578 ], [ -81.370838, 28.489605 ], [ -81.371154, 28.489839 ], [ -81.370387, 28.490057 ], [ -81.370274, 28.489953 ], [ -81.370162, 28.489892 ], [ -81.370081, 28.489865 ], [ -81.369999, 28.489817 ], [ -81.369988, 28.48981 ], [ -81.36995, 28.489777 ], [ -81.369913, 28.489628 ], [ -81.369788, 28.489551 ], [ -81.369645, 28.489386 ], [ -81.369608, 28.489293 ], [ -81.369639, 28.489205 ], [ -81.369713, 28.4891 ], [ -81.369807, 28.489039 ], [ -81.369919, 28.488935 ], [ -81.369956, 28.488836 ], [ -81.369975, 28.488704 ], [ -81.369958, 28.488629 ], [ -81.369912, 28.488506 ], [ -81.369831, 28.488407 ], [ -81.369732, 28.48833 ], [ -81.369601, 28.488275 ], [ -81.36947, 28.488247 ], [ -81.36914, 28.488291 ], [ -81.369102, 28.488305 ], [ -81.368984, 28.488352 ], [ -81.368885, 28.488424 ], [ -81.36876, 28.488446 ], [ -81.368686, 28.488484 ], [ -81.368667, 28.488495 ], [ -81.368617, 28.48855 ], [ -81.368561, 28.488561 ], [ -81.368349, 28.488567 ], [ -81.368237, 28.488528 ], [ -81.368019, 28.488374 ], [ -81.367876, 28.488204 ], [ -81.367849, 28.488177 ], [ -81.36778, 28.488192 ], [ -81.367536, 28.488169 ], [ -81.367502, 28.48849 ], [ -81.367438, 28.488618 ], [ -81.367434, 28.488628 ], [ -81.367265, 28.488793 ], [ -81.367122, 28.488909 ], [ -81.367029, 28.488936 ], [ -81.366774, 28.489123 ], [ -81.366381, 28.489437 ], [ -81.366345, 28.489473 ], [ -81.366228, 28.489595 ], [ -81.366081, 28.489853 ], [ -81.365889, 28.489998 ], [ -81.365862, 28.490184 ], [ -81.365872, 28.490263 ], [ -81.364939, 28.49027 ], [ -81.363749, 28.490282 ], [ -81.363735, 28.489391 ], [ -81.363669, 28.489351 ], [ -81.363581, 28.489298 ], [ -81.364043, 28.488716 ], [ -81.363031, 28.488096 ], [ -81.363056, 28.488074 ], [ -81.363379, 28.487622 ], [ -81.363419, 28.487553 ], [ -81.363464, 28.487504 ], [ -81.363718, 28.486859 ], [ -81.36479, 28.486213 ], [ -81.365124, 28.486177 ], [ -81.36527, 28.486163 ], [ -81.365043, 28.485944 ], [ -81.364032, 28.486036 ], [ -81.362737, 28.486404 ], [ -81.361401, 28.486867 ], [ -81.361262, 28.486916 ], [ -81.358566, 28.487874 ], [ -81.355611, 28.489297 ], [ -81.355301, 28.489445 ], [ -81.354991, 28.489593 ], [ -81.354526, 28.489819 ], [ -81.354287, 28.489971 ], [ -81.354134, 28.490068 ], [ -81.352684, 28.490994 ], [ -81.352325, 28.491222 ], [ -81.351081, 28.492017 ], [ -81.350857, 28.49216 ], [ -81.35071, 28.492264 ], [ -81.350299, 28.492534 ], [ -81.34889, 28.493465 ], [ -81.347564, 28.494169 ], [ -81.346603, 28.49437 ], [ -81.346552, 28.494236 ], [ -81.346334, 28.494088 ], [ -81.345979, 28.494055 ], [ -81.345867, 28.494055 ], [ -81.345693, 28.494083 ], [ -81.345543, 28.494149 ], [ -81.345313, 28.494292 ], [ -81.345269, 28.494369 ], [ -81.345275, 28.494446 ], [ -81.345263, 28.494561 ], [ -81.345132, 28.494671 ], [ -81.344995, 28.494743 ], [ -81.34421, 28.494754 ], [ -81.343812, 28.494798 ], [ -81.343394, 28.494881 ], [ -81.343102, 28.49492 ], [ -81.342949, 28.494948 ], [ -81.342784, 28.49498 ], [ -81.342758, 28.494987 ], [ -81.34251, 28.495063 ], [ -81.342361, 28.495123 ], [ -81.34208, 28.495173 ], [ -81.341775, 28.495184 ], [ -81.341557, 28.495179 ], [ -81.341432, 28.495151 ], [ -81.34142, 28.495058 ], [ -81.341277, 28.495107 ], [ -81.341102, 28.495074 ], [ -81.341102, 28.495168 ], [ -81.340978, 28.495146 ], [ -81.340828, 28.495091 ], [ -81.340716, 28.49503 ], [ -81.340635, 28.494926 ], [ -81.340641, 28.494739 ], [ -81.340598, 28.494662 ], [ -81.340373, 28.494574 ], [ -81.340025, 28.494408 ], [ -81.339856, 28.494364 ], [ -81.339819, 28.494398 ], [ -81.339782, 28.494409 ], [ -81.339713, 28.494365 ], [ -81.339638, 28.494332 ], [ -81.339576, 28.494354 ], [ -81.339545, 28.494381 ], [ -81.339526, 28.494464 ], [ -81.33929, 28.494458 ], [ -81.339146, 28.494321 ], [ -81.339053, 28.49426 ], [ -81.338959, 28.494128 ], [ -81.338779, 28.493826 ], [ -81.338562, 28.493317 ], [ -81.338504, 28.493159 ], [ -81.338311, 28.492981 ], [ -81.338135, 28.492925 ], [ -81.337967, 28.492872 ], [ -81.337905, 28.492872 ], [ -81.337905, 28.492637 ], [ -81.3379, 28.492571 ], [ -81.337931, 28.49239 ], [ -81.338068, 28.492076 ], [ -81.338124, 28.492059 ], [ -81.338162, 28.492098 ], [ -81.338205, 28.492103 ], [ -81.338255, 28.49207 ], [ -81.338274, 28.491999 ], [ -81.338324, 28.49196 ], [ -81.338355, 28.49196 ], [ -81.338429, 28.491933 ], [ -81.338585, 28.491828 ], [ -81.338735, 28.491685 ], [ -81.338778, 28.491613 ], [ -81.338797, 28.491316 ], [ -81.338753, 28.491267 ], [ -81.338747, 28.491234 ], [ -81.338803, 28.491212 ], [ -81.33884, 28.491179 ], [ -81.338865, 28.49114 ], [ -81.338772, 28.490832 ], [ -81.338759, 28.49075 ], [ -81.338772, 28.490662 ], [ -81.338822, 28.490596 ], [ -81.338821, 28.490447 ], [ -81.338853, 28.490414 ], [ -81.33894, 28.490403 ], [ -81.338946, 28.490265 ], [ -81.339014, 28.490216 ], [ -81.339201, 28.490188 ], [ -81.339617, 28.490148 ], [ -81.3396, 28.490084 ], [ -81.3396, 28.489996 ], [ -81.339513, 28.489941 ], [ -81.339432, 28.489847 ], [ -81.339407, 28.489786 ], [ -81.339407, 28.489544 ], [ -81.339376, 28.489429 ], [ -81.339295, 28.489357 ], [ -81.338996, 28.489209 ], [ -81.338902, 28.489176 ], [ -81.338759, 28.489165 ], [ -81.338678, 28.489132 ], [ -81.338516, 28.489016 ], [ -81.338246, 28.488733 ], [ -81.338211, 28.488697 ], [ -81.338055, 28.48856 ], [ -81.337694, 28.488301 ], [ -81.337513, 28.488125 ], [ -81.33732, 28.487999 ], [ -81.337158, 28.487855 ], [ -81.336996, 28.487757 ], [ -81.336934, 28.48774 ], [ -81.336728, 28.487624 ], [ -81.336591, 28.48747 ], [ -81.33646, 28.487404 ], [ -81.336398, 28.487333 ], [ -81.336273, 28.486997 ], [ -81.336273, 28.486678 ], [ -81.336211, 28.486326 ], [ -81.33618, 28.485952 ], [ -81.336279, 28.485556 ], [ -81.33636, 28.485435 ], [ -81.336396, 28.485406 ], [ -81.336541, 28.485286 ], [ -81.336591, 28.485271 ], [ -81.336802, 28.485209 ], [ -81.33707, 28.485209 ], [ -81.337157, 28.485176 ], [ -81.337325, 28.485038 ], [ -81.337612, 28.484917 ], [ -81.33783, 28.484768 ], [ -81.338589, 28.484537 ], [ -81.339007, 28.484317 ], [ -81.3392, 28.484119 ], [ -81.339244, 28.484066 ], [ -81.339386, 28.483899 ], [ -81.339561, 28.483827 ], [ -81.339648, 28.483827 ], [ -81.340202, 28.483667 ], [ -81.34052, 28.483651 ], [ -81.340806, 28.483651 ], [ -81.341242, 28.483744 ], [ -81.341448, 28.483854 ], [ -81.341672, 28.484008 ], [ -81.341828, 28.484096 ], [ -81.341977, 28.484129 ], [ -81.342158, 28.484146 ], [ -81.342364, 28.484206 ], [ -81.342737, 28.484371 ], [ -81.342968, 28.484492 ], [ -81.343092, 28.484597 ], [ -81.343217, 28.484635 ], [ -81.343479, 28.484657 ], [ -81.343553, 28.484701 ], [ -81.344108, 28.484618 ], [ -81.344375, 28.484607 ], [ -81.3445, 28.484558 ], [ -81.344811, 28.484398 ], [ -81.345166, 28.484283 ], [ -81.345291, 28.484283 ], [ -81.345446, 28.484327 ], [ -81.345608, 28.484409 ], [ -81.345851, 28.484431 ], [ -81.345982, 28.484453 ], [ -81.346082, 28.484524 ], [ -81.346194, 28.484612 ], [ -81.346225, 28.4847 ], [ -81.346219, 28.484921 ], [ -81.346244, 28.485031 ], [ -81.346325, 28.485113 ], [ -81.346462, 28.485135 ], [ -81.346773, 28.485064 ], [ -81.346836, 28.485009 ], [ -81.346705, 28.484563 ], [ -81.346605, 28.484557 ], [ -81.346518, 28.48453 ], [ -81.346374, 28.484453 ], [ -81.346269, 28.48426 ], [ -81.346268, 28.484161 ], [ -81.346387, 28.484057 ], [ -81.346493, 28.484046 ], [ -81.346698, 28.484062 ], [ -81.346866, 28.484062 ], [ -81.347041, 28.484101 ], [ -81.347153, 28.484189 ], [ -81.347253, 28.48431 ], [ -81.347303, 28.484447 ], [ -81.347315, 28.484585 ], [ -81.347147, 28.484849 ], [ -81.347122, 28.484981 ], [ -81.347122, 28.485383 ], [ -81.346973, 28.485691 ], [ -81.346911, 28.485878 ], [ -81.346985, 28.486192 ], [ -81.347066, 28.486263 ], [ -81.347091, 28.486285 ], [ -81.347172, 28.486302 ], [ -81.34739, 28.48623 ], [ -81.347524, 28.486004 ], [ -81.347577, 28.485916 ], [ -81.347726, 28.485762 ], [ -81.347863, 28.485713 ], [ -81.348187, 28.485696 ], [ -81.34848, 28.485498 ], [ -81.348661, 28.485415 ], [ -81.348928, 28.485272 ], [ -81.349079, 28.48517 ], [ -81.349109, 28.485151 ], [ -81.349333, 28.48503 ], [ -81.349451, 28.484832 ], [ -81.349538, 28.484837 ], [ -81.34955, 28.484758 ], [ -81.349587, 28.484522 ], [ -81.3496, 28.484444 ], [ -81.349624, 28.484289 ], [ -81.349681, 28.483929 ], [ -81.34969, 28.483826 ], [ -81.349706, 28.483671 ], [ -81.3496, 28.483665 ], [ -81.349501, 28.483638 ], [ -81.349407, 28.483605 ], [ -81.349357, 28.483555 ], [ -81.349389, 28.483478 ], [ -81.349382, 28.483434 ], [ -81.349351, 28.483368 ], [ -81.349289, 28.483313 ], [ -81.34922, 28.483313 ], [ -81.349158, 28.483269 ], [ -81.349071, 28.483098 ], [ -81.348977, 28.482961 ], [ -81.348853, 28.482807 ], [ -81.348834, 28.482383 ], [ -81.348896, 28.482246 ], [ -81.348977, 28.48213 ], [ -81.349083, 28.482031 ], [ -81.349375, 28.481789 ], [ -81.349419, 28.481723 ], [ -81.349587, 28.481624 ], [ -81.349625, 28.481651 ], [ -81.349625, 28.481684 ], [ -81.349556, 28.481745 ], [ -81.349537, 28.481789 ], [ -81.349737, 28.481783 ], [ -81.349911, 28.481745 ], [ -81.350029, 28.481745 ], [ -81.350173, 28.4818 ], [ -81.35031, 28.481866 ], [ -81.350359, 28.481959 ], [ -81.350297, 28.482003 ], [ -81.350179, 28.481992 ], [ -81.350082, 28.481965 ], [ -81.350042, 28.481954 ], [ -81.350023, 28.481981 ], [ -81.350073, 28.482036 ], [ -81.350223, 28.482146 ], [ -81.350266, 28.482152 ], [ -81.35031, 28.482152 ], [ -81.350335, 28.482102 ], [ -81.350378, 28.482069 ], [ -81.350465, 28.482042 ], [ -81.350571, 28.481981 ], [ -81.350727, 28.48197 ], [ -81.350783, 28.481942 ], [ -81.350895, 28.481909 ], [ -81.350982, 28.481909 ], [ -81.351088, 28.481876 ], [ -81.351138, 28.48181 ], [ -81.351225, 28.481755 ], [ -81.351312, 28.481739 ], [ -81.351399, 28.481739 ], [ -81.351524, 28.481783 ], [ -81.351767, 28.481733 ], [ -81.351761, 28.481689 ], [ -81.351711, 28.481662 ], [ -81.35158, 28.481656 ], [ -81.351399, 28.481678 ], [ -81.351294, 28.481656 ], [ -81.351188, 28.481535 ], [ -81.350957, 28.48142 ], [ -81.350932, 28.481398 ], [ -81.350739, 28.481403 ], [ -81.350365, 28.481293 ], [ -81.349905, 28.481249 ], [ -81.349568, 28.48126 ], [ -81.349406, 28.481255 ], [ -81.349201, 28.481228 ], [ -81.349058, 28.481195 ], [ -81.348709, 28.481167 ], [ -81.348223, 28.481178 ], [ -81.348036, 28.48114 ], [ -81.347681, 28.481046 ], [ -81.34742, 28.480931 ], [ -81.347395, 28.480898 ], [ -81.347152, 28.480804 ], [ -81.347046, 28.480777 ], [ -81.346791, 28.480683 ], [ -81.346685, 28.480606 ], [ -81.346616, 28.480529 ], [ -81.346504, 28.480452 ], [ -81.346435, 28.480353 ], [ -81.346429, 28.480276 ], [ -81.346367, 28.480221 ], [ -81.346286, 28.480177 ], [ -81.346217, 28.480161 ], [ -81.346161, 28.480172 ], [ -81.345669, 28.479897 ], [ -81.34542, 28.479715 ], [ -81.345296, 28.479655 ], [ -81.345177, 28.479633 ], [ -81.344984, 28.479578 ], [ -81.344772, 28.479462 ], [ -81.344617, 28.479418 ], [ -81.344511, 28.479352 ], [ -81.344461, 28.479341 ], [ -81.344305, 28.479259 ], [ -81.344199, 28.479165 ], [ -81.344075, 28.479088 ], [ -81.343975, 28.478989 ], [ -81.34385, 28.47894 ], [ -81.343483, 28.47867 ], [ -81.343389, 28.478549 ], [ -81.343234, 28.478412 ], [ -81.343209, 28.478318 ], [ -81.343221, 28.478263 ], [ -81.343277, 28.478192 ], [ -81.343265, 28.478148 ], [ -81.343203, 28.478142 ], [ -81.343128, 28.478181 ], [ -81.343097, 28.478214 ], [ -81.343053, 28.478214 ], [ -81.34291, 28.478142 ], [ -81.342854, 28.478126 ], [ -81.342723, 28.477994 ], [ -81.342617, 28.477867 ], [ -81.342517, 28.477796 ], [ -81.342457, 28.477726 ], [ -81.34238, 28.477636 ], [ -81.342318, 28.477515 ], [ -81.342343, 28.477433 ], [ -81.342274, 28.477339 ], [ -81.342119, 28.477278 ], [ -81.341894, 28.476987 ], [ -81.341639, 28.476717 ], [ -81.341421, 28.47653 ], [ -81.341303, 28.476349 ], [ -81.341066, 28.476068 ], [ -81.340723, 28.475738 ], [ -81.340592, 28.475534 ], [ -81.340455, 28.475347 ], [ -81.340406, 28.475314 ], [ -81.340362, 28.475314 ], [ -81.340325, 28.475325 ], [ -81.340281, 28.475375 ], [ -81.340287, 28.475452 ], [ -81.340304, 28.475463 ], [ -81.340356, 28.475469 ], [ -81.340368, 28.475484 ], [ -81.340368, 28.475507 ], [ -81.340287, 28.475584 ], [ -81.340202, 28.475604 ], [ -81.339914, 28.475672 ], [ -81.339714, 28.475623 ], [ -81.3397, 28.475617 ], [ -81.339658, 28.475601 ], [ -81.339515, 28.475535 ], [ -81.339453, 28.475485 ], [ -81.339434, 28.475414 ], [ -81.339334, 28.475276 ], [ -81.339285, 28.475183 ], [ -81.339272, 28.475133 ], [ -81.339272, 28.474924 ], [ -81.339285, 28.474786 ], [ -81.339322, 28.474671 ], [ -81.339372, 28.474621 ], [ -81.339409, 28.474599 ], [ -81.339454, 28.474599 ], [ -81.339478, 28.474599 ], [ -81.339552, 28.474621 ], [ -81.339608, 28.474621 ], [ -81.339664, 28.474594 ], [ -81.339739, 28.474583 ], [ -81.339857, 28.474583 ], [ -81.339994, 28.47461 ], [ -81.340075, 28.47461 ], [ -81.340125, 28.474599 ], [ -81.340225, 28.474456 ], [ -81.340206, 28.474308 ], [ -81.340169, 28.474258 ], [ -81.340081, 28.474225 ], [ -81.339913, 28.474209 ], [ -81.339614, 28.474258 ], [ -81.33954, 28.47428 ], [ -81.339291, 28.474302 ], [ -81.339135, 28.474253 ], [ -81.338705, 28.47422 ], [ -81.338481, 28.474104 ], [ -81.338403, 28.474086 ], [ -81.338338, 28.474071 ], [ -81.338188, 28.473983 ], [ -81.33802, 28.473939 ], [ -81.337896, 28.473879 ], [ -81.33759, 28.473802 ], [ -81.337417, 28.473774 ], [ -81.337142, 28.47373 ], [ -81.336868, 28.473648 ], [ -81.336775, 28.473604 ], [ -81.336544, 28.473472 ], [ -81.336388, 28.473367 ], [ -81.336307, 28.473285 ], [ -81.33627, 28.473222 ], [ -81.336195, 28.473092 ], [ -81.336189, 28.472603 ], [ -81.336214, 28.472382 ], [ -81.336351, 28.472113 ], [ -81.336388, 28.471992 ], [ -81.336861, 28.471639 ], [ -81.33698, 28.471568 ], [ -81.337378, 28.471359 ], [ -81.33759, 28.471265 ], [ -81.337826, 28.471254 ], [ -81.338169, 28.471419 ], [ -81.338211, 28.471448 ], [ -81.338499, 28.471645 ], [ -81.338605, 28.471683 ], [ -81.33863, 28.471672 ], [ -81.338779, 28.471568 ], [ -81.338935, 28.471342 ], [ -81.338972, 28.471248 ], [ -81.339178, 28.470913 ], [ -81.339296, 28.470775 ], [ -81.339439, 28.470527 ], [ -81.339439, 28.470417 ], [ -81.339508, 28.470318 ], [ -81.339501, 28.470252 ], [ -81.339539, 28.470214 ], [ -81.339563, 28.470175 ], [ -81.3398, 28.470346 ], [ -81.339875, 28.470335 ], [ -81.33985, 28.470214 ], [ -81.339956, 28.470043 ], [ -81.340111, 28.470032 ], [ -81.340164, 28.47004 ], [ -81.340255, 28.470054 ], [ -81.340373, 28.470043 ], [ -81.340498, 28.469966 ], [ -81.340659, 28.469955 ], [ -81.340759, 28.469872 ], [ -81.34074, 28.469735 ], [ -81.340778, 28.469619 ], [ -81.341151, 28.469482 ], [ -81.341213, 28.469366 ], [ -81.341226, 28.469272 ], [ -81.341307, 28.469157 ], [ -81.34135, 28.469063 ], [ -81.3414, 28.469107 ], [ -81.341475, 28.469058 ], [ -81.341643, 28.469063 ], [ -81.342035, 28.469201 ], [ -81.342191, 28.469239 ], [ -81.342328, 28.469377 ], [ -81.342397, 28.469415 ], [ -81.342496, 28.46936 ], [ -81.342565, 28.469294 ], [ -81.342602, 28.469157 ], [ -81.342502, 28.469002 ], [ -81.342502, 28.468948 ], [ -81.342565, 28.468915 ], [ -81.342652, 28.468914 ], [ -81.342783, 28.468898 ], [ -81.34287, 28.468832 ], [ -81.342926, 28.468727 ], [ -81.342938, 28.468628 ], [ -81.342895, 28.468579 ], [ -81.342876, 28.468458 ], [ -81.342932, 28.468441 ], [ -81.342994, 28.468441 ], [ -81.34305, 28.468353 ], [ -81.343162, 28.468331 ], [ -81.343175, 28.468243 ], [ -81.34315, 28.468111 ], [ -81.343224, 28.468012 ], [ -81.343324, 28.468001 ], [ -81.343324, 28.467968 ], [ -81.343224, 28.467896 ], [ -81.343106, 28.46788 ], [ -81.342707, 28.467693 ], [ -81.342521, 28.467654 ], [ -81.342371, 28.467594 ], [ -81.342334, 28.467533 ], [ -81.342365, 28.467423 ], [ -81.342477, 28.467407 ], [ -81.342545, 28.467418 ], [ -81.342608, 28.467363 ], [ -81.342583, 28.467297 ], [ -81.342521, 28.467264 ], [ -81.34239, 28.467253 ], [ -81.342371, 28.467242 ], [ -81.342427, 28.467115 ], [ -81.342477, 28.466967 ], [ -81.342464, 28.466862 ], [ -81.342427, 28.466757 ], [ -81.342408, 28.466543 ], [ -81.342439, 28.46646 ], [ -81.342439, 28.466416 ], [ -81.342508, 28.466328 ], [ -81.342682, 28.466268 ], [ -81.342738, 28.466268 ], [ -81.342794, 28.466235 ], [ -81.342857, 28.466152 ], [ -81.342863, 28.466064 ], [ -81.342813, 28.465943 ], [ -81.342863, 28.465921 ], [ -81.342873, 28.465913 ], [ -81.342925, 28.465888 ], [ -81.342975, 28.465904 ], [ -81.343068, 28.466026 ], [ -81.343118, 28.466042 ], [ -81.343255, 28.466003 ], [ -81.343323, 28.466031 ], [ -81.343448, 28.466014 ], [ -81.343635, 28.465981 ], [ -81.343722, 28.465954 ], [ -81.34394, 28.465844 ], [ -81.34422, 28.465635 ], [ -81.344419, 28.465568 ], [ -81.344315, 28.4655 ], [ -81.344483, 28.465408 ], [ -81.344401, 28.465278 ], [ -81.344606, 28.46522 ], [ -81.344801, 28.465117 ], [ -81.344395, 28.464542 ], [ -81.344457, 28.464506 ], [ -81.344545, 28.464432 ], [ -81.344642, 28.464354 ], [ -81.344945, 28.464038 ], [ -81.345049, 28.463955 ], [ -81.345377, 28.463422 ], [ -81.345459, 28.463466 ], [ -81.345988, 28.463587 ], [ -81.346592, 28.463681 ], [ -81.347333, 28.463719 ], [ -81.347694, 28.463746 ], [ -81.348678, 28.463768 ], [ -81.348858, 28.463801 ], [ -81.349027, 28.463812 ], [ -81.349525, 28.463817 ], [ -81.349792, 28.463795 ], [ -81.350023, 28.46379 ], [ -81.350104, 28.463779 ], [ -81.3501, 28.463694 ], [ -81.350098, 28.463652 ], [ -81.350154, 28.463625 ], [ -81.350272, 28.463652 ], [ -81.350477, 28.46368 ], [ -81.350677, 28.463679 ], [ -81.350882, 28.463652 ], [ -81.351112, 28.463608 ], [ -81.351418, 28.46352 ], [ -81.351505, 28.463531 ], [ -81.351791, 28.463519 ], [ -81.351941, 28.463503 ], [ -81.352053, 28.463453 ], [ -81.352121, 28.46347 ], [ -81.352196, 28.463525 ], [ -81.352308, 28.463541 ], [ -81.352364, 28.463536 ], [ -81.352345, 28.463481 ], [ -81.352352, 28.463464 ], [ -81.35237, 28.463448 ], [ -81.352439, 28.46342 ], [ -81.352551, 28.463409 ], [ -81.352576, 28.463453 ], [ -81.352731, 28.463459 ], [ -81.352856, 28.463398 ], [ -81.352931, 28.463343 ], [ -81.353285, 28.463145 ], [ -81.353472, 28.463007 ], [ -81.353615, 28.462886 ], [ -81.353696, 28.462897 ], [ -81.353777, 28.462936 ], [ -81.354033, 28.462941 ], [ -81.354126, 28.462936 ], [ -81.354238, 28.462991 ], [ -81.354469, 28.463156 ], [ -81.354724, 28.463365 ], [ -81.35478, 28.46348 ], [ -81.354817, 28.463524 ], [ -81.355017, 28.463612 ], [ -81.355098, 28.46364 ], [ -81.355353, 28.463651 ], [ -81.355596, 28.46365 ], [ -81.355776, 28.463628 ], [ -81.355851, 28.463628 ], [ -81.355913, 28.463639 ], [ -81.356063, 28.463617 ], [ -81.356113, 28.463601 ], [ -81.356175, 28.463562 ], [ -81.356212, 28.463601 ], [ -81.35625, 28.463672 ], [ -81.356324, 28.463727 ], [ -81.356468, 28.463782 ], [ -81.356679, 28.463931 ], [ -81.356823, 28.46398 ], [ -81.357034, 28.464101 ], [ -81.357128, 28.464134 ], [ -81.357203, 28.464145 ], [ -81.357315, 28.464101 ], [ -81.357389, 28.464129 ], [ -81.357635, 28.463981 ], [ -81.35777, 28.463872 ], [ -81.357366, 28.463801 ], [ -81.357384, 28.463591 ], [ -81.357452, 28.463352 ], [ -81.357452, 28.463142 ], [ -81.357401, 28.462883 ], [ -81.357373, 28.46261 ], [ -81.357347, 28.462483 ], [ -81.357448, 28.462486 ], [ -81.357433, 28.462397 ], [ -81.3574, 28.462338 ], [ -81.357321, 28.462388 ], [ -81.357281, 28.462355 ], [ -81.357225, 28.462212 ], [ -81.357139, 28.46213 ], [ -81.35697, 28.462026 ], [ -81.356851, 28.462054 ], [ -81.356738, 28.462019 ], [ -81.356754, 28.461904 ], [ -81.356613, 28.461831 ], [ -81.356265, 28.461778 ], [ -81.356161, 28.461701 ], [ -81.355949, 28.4616 ], [ -81.355857, 28.461534 ], [ -81.355756, 28.461516 ], [ -81.355563, 28.461431 ], [ -81.355429, 28.461342 ], [ -81.355296, 28.461233 ], [ -81.355229, 28.46108 ], [ -81.355165, 28.461051 ], [ -81.355073, 28.460954 ], [ -81.355025, 28.460784 ], [ -81.35499, 28.460737 ], [ -81.354892, 28.460675 ], [ -81.354857, 28.460643 ], [ -81.354908, 28.460356 ], [ -81.354885, 28.460151 ], [ -81.354857, 28.46018 ], [ -81.354819, 28.459859 ], [ -81.354812, 28.459826 ], [ -81.354784, 28.459686 ], [ -81.354699, 28.459619 ], [ -81.354598, 28.459465 ], [ -81.354538, 28.459342 ], [ -81.354464, 28.459252 ], [ -81.354338, 28.459229 ], [ -81.354253, 28.459121 ], [ -81.354157, 28.458936 ], [ -81.354092, 28.45885 ], [ -81.354074, 28.458778 ], [ -81.354071, 28.45876 ], [ -81.353973, 28.458534 ], [ -81.353931, 28.458479 ], [ -81.353917, 28.458404 ], [ -81.353898, 28.458365 ], [ -81.353875, 28.458324 ], [ -81.353788, 28.458242 ], [ -81.353719, 28.458143 ], [ -81.353638, 28.457978 ], [ -81.353526, 28.457835 ], [ -81.353277, 28.457417 ], [ -81.353009, 28.456938 ], [ -81.352866, 28.456536 ], [ -81.352791, 28.456289 ], [ -81.35266, 28.456102 ], [ -81.352585, 28.455959 ], [ -81.352423, 28.455772 ], [ -81.352019, 28.455458 ], [ -81.351682, 28.455222 ], [ -81.351564, 28.455106 ], [ -81.351315, 28.45493 ], [ -81.351352, 28.454848 ], [ -81.351352, 28.454754 ], [ -81.351402, 28.454704 ], [ -81.351495, 28.454578 ], [ -81.351539, 28.454545 ], [ -81.351645, 28.454534 ], [ -81.351694, 28.454506 ], [ -81.351725, 28.454435 ], [ -81.351806, 28.453972 ], [ -81.351893, 28.453769 ], [ -81.352024, 28.453598 ], [ -81.352124, 28.453411 ], [ -81.352161, 28.453323 ], [ -81.352148, 28.453268 ], [ -81.35203, 28.453235 ], [ -81.351949, 28.453235 ], [ -81.351862, 28.453274 ], [ -81.351818, 28.453373 ], [ -81.351725, 28.45345 ], [ -81.351694, 28.453488 ], [ -81.351756, 28.453554 ], [ -81.351731, 28.453582 ], [ -81.351626, 28.453615 ], [ -81.351556, 28.453648 ], [ -81.349982, 28.453124 ], [ -81.349982, 28.452971 ], [ -81.348884, 28.452652 ], [ -81.347355, 28.452276 ], [ -81.347335, 28.451352 ], [ -81.346811, 28.451319 ], [ -81.346043, 28.451263 ], [ -81.345163, 28.451176 ], [ -81.345032, 28.451168 ], [ -81.345047, 28.451067 ], [ -81.345091, 28.450836 ], [ -81.345104, 28.450774 ], [ -81.345121, 28.450684 ], [ -81.345722, 28.45073 ], [ -81.346753, 28.450791 ], [ -81.346867, 28.450799 ], [ -81.347488, 28.45084 ], [ -81.348174, 28.450863 ], [ -81.348311, 28.450862 ], [ -81.34878, 28.45084 ], [ -81.349566, 28.450719 ], [ -81.350201, 28.450552 ], [ -81.350651, 28.450405 ], [ -81.350532, 28.450342 ], [ -81.350188, 28.45016 ], [ -81.350084, 28.450089 ], [ -81.349923, 28.449939 ], [ -81.349771, 28.449803 ], [ -81.349958, 28.449801 ], [ -81.350312, 28.449753 ], [ -81.350725, 28.449624 ], [ -81.351094, 28.449495 ], [ -81.351091, 28.449153 ], [ -81.351079, 28.447116 ], [ -81.351125, 28.447116 ], [ -81.35111, 28.444653 ], [ -81.351122, 28.44451 ], [ -81.351192, 28.444491 ], [ -81.351571, 28.444424 ], [ -81.351857, 28.444354 ], [ -81.352042, 28.444295 ], [ -81.352477, 28.444132 ], [ -81.355336, 28.443347 ], [ -81.355812, 28.443224 ], [ -81.355975, 28.443193 ], [ -81.356223, 28.443161 ], [ -81.356473, 28.443146 ], [ -81.3567, 28.443146 ], [ -81.356916, 28.443159 ], [ -81.357059, 28.443176 ], [ -81.35725, 28.443208 ], [ -81.357271, 28.443211 ], [ -81.357825, 28.44334 ], [ -81.359126, 28.443651 ], [ -81.359363, 28.443708 ], [ -81.365196, 28.445105 ], [ -81.365049, 28.445574 ], [ -81.364976, 28.4458 ], [ -81.36539, 28.445799 ], [ -81.366633, 28.44581 ], [ -81.366866, 28.445807 ], [ -81.36693, 28.445807 ], [ -81.367015, 28.445807 ], [ -81.367058, 28.445814 ], [ -81.367104, 28.445807 ], [ -81.367179, 28.445807 ], [ -81.367229, 28.445822 ], [ -81.367275, 28.445814 ], [ -81.367359, 28.445815 ], [ -81.36866, 28.445802 ], [ -81.368934, 28.445799 ], [ -81.369125, 28.445805 ], [ -81.371186, 28.445805 ], [ -81.375417, 28.445755 ], [ -81.377015, 28.445736 ], [ -81.378077, 28.445624 ], [ -81.379751, 28.445249 ], [ -81.381687, 28.444725 ], [ -81.384272, 28.444063 ], [ -81.38697, 28.443376 ], [ -81.387297, 28.443259 ], [ -81.387714, 28.443168 ], [ -81.392765, 28.441859 ], [ -81.39392, 28.441504 ], [ -81.394964, 28.441104 ], [ -81.395542, 28.440793 ], [ -81.395772, 28.440682 ], [ -81.396247, 28.440392 ], [ -81.396672, 28.440066 ], [ -81.397267, 28.439598 ], [ -81.39799, 28.438975 ], [ -81.399305, 28.437775 ], [ -81.399717, 28.437414 ], [ -81.400171, 28.437001 ], [ -81.40055, 28.436671 ], [ -81.401327, 28.435988 ], [ -81.402315, 28.435469 ], [ -81.402583, 28.435329 ], [ -81.403222, 28.434972 ], [ -81.403745, 28.434758 ], [ -81.404254, 28.434621 ], [ -81.404593, 28.434525 ], [ -81.404754, 28.434483 ], [ -81.404885, 28.434461 ], [ -81.404989, 28.434431 ], [ -81.405166, 28.434387 ], [ -81.405933, 28.434153 ], [ -81.408472, 28.433506 ], [ -81.408773, 28.433452 ], [ -81.410008, 28.434674 ], [ -81.410686, 28.435529 ], [ -81.411062, 28.435944 ], [ -81.411699, 28.436861 ], [ -81.412358, 28.437862 ], [ -81.414854, 28.441505 ], [ -81.415037, 28.441781 ], [ -81.415145, 28.441945 ], [ -81.415217, 28.442049 ], [ -81.415964, 28.443106 ], [ -81.416727, 28.444275 ], [ -81.418834, 28.447403 ], [ -81.419546, 28.448423 ], [ -81.419762, 28.448741 ], [ -81.420689, 28.450108 ], [ -81.420812, 28.45027 ], [ -81.420916, 28.450408 ], [ -81.420971, 28.45049 ], [ -81.421349, 28.451057 ], [ -81.42204, 28.451922 ], [ -81.422318, 28.452245 ], [ -81.4229, 28.452922 ], [ -81.423201, 28.453261 ], [ -81.423666, 28.453721 ], [ -81.42485, 28.454814 ], [ -81.425333, 28.455183 ], [ -81.425562, 28.455114 ], [ -81.425983, 28.455519 ], [ -81.426426, 28.455855 ], [ -81.426547, 28.456276 ], [ -81.426744, 28.456462 ], [ -81.427278, 28.456965 ], [ -81.428301, 28.457799 ], [ -81.431456, 28.460514 ], [ -81.432712, 28.461672 ], [ -81.433361, 28.46223 ], [ -81.436147, 28.46462 ], [ -81.436834, 28.465209 ], [ -81.43709, 28.465424 ], [ -81.44002, 28.467975 ], [ -81.44094, 28.468769 ], [ -81.442888, 28.470543 ], [ -81.444185, 28.472067 ], [ -81.443993, 28.472068 ] ] ] ] } },
{ "type": "Feature", "properties": { "ZCTA5CE20": "32751", "GEOID20": "32751", "GEOIDFQ20": "860Z200US32751", "CLASSFP20": "B5", "MTFCC20": "G6350", "FUNCSTAT20": "S", "ALAND20": 18178551, "AWATER20": 3086269, "INTPTLAT20": "+28.6304004", "INTPTLON20": "-081.3650460" }, "geometry": { "type": "MultiPolygon", "coordinates": [ [ [ [ -81.410821, 28.62474 ], [ -81.41077, 28.624763 ], [ -81.410085, 28.62462 ], [ -81.409685, 28.624538 ], [ -81.40954, 28.624555 ], [ -81.409486, 28.624562 ], [ -81.40922, 28.624406 ], [ -81.409022, 28.62467 ], [ -81.408821, 28.62467 ], [ -81.408821, 28.624602 ], [ -81.408447, 28.624602 ], [ -81.40835, 28.624602 ], [ -81.40826, 28.624602 ], [ -81.40826, 28.624657 ], [ -81.407901, 28.624657 ], [ -81.407901, 28.624629 ], [ -81.407543, 28.624629 ], [ -81.407543, 28.62456 ], [ -81.407444, 28.62456 ], [ -81.407013, 28.624561 ], [ -81.407013, 28.625262 ], [ -81.407015, 28.625595 ], [ -81.406951, 28.625596 ], [ -81.406923, 28.625596 ], [ -81.40684, 28.625597 ], [ -81.406813, 28.625598 ], [ -81.406775, 28.625598 ], [ -81.406664, 28.625599 ], [ -81.406628, 28.6256 ], [ -81.406629, 28.62602 ], [ -81.406635, 28.627254 ], [ -81.406632, 28.62728 ], [ -81.40663, 28.627299 ], [ -81.40661, 28.627357 ], [ -81.406589, 28.62739 ], [ -81.406718, 28.62739 ], [ -81.407449, 28.627393 ], [ -81.407948, 28.627386 ], [ -81.407946, 28.627431 ], [ -81.407951, 28.627689 ], [ -81.407916, 28.627769 ], [ -81.407883, 28.627849 ], [ -81.407885, 28.628143 ], [ -81.407815, 28.628143 ], [ -81.407826, 28.629298 ], [ -81.40787, 28.629299 ], [ -81.40797, 28.629576 ], [ -81.407953, 28.629661 ], [ -81.407918, 28.629669 ], [ -81.407887, 28.629677 ], [ -81.407814, 28.629706 ], [ -81.407712, 28.629761 ], [ -81.407599, 28.629857 ], [ -81.407548, 28.629881 ], [ -81.407474, 28.6299 ], [ -81.407416, 28.629903 ], [ -81.407416, 28.630523 ], [ -81.407399, 28.63056 ], [ -81.40737, 28.63059 ], [ -81.407332, 28.630611 ], [ -81.407289, 28.630621 ], [ -81.405124, 28.630644 ], [ -81.405122, 28.630996 ], [ -81.402888, 28.63102 ], [ -81.399445, 28.631056 ], [ -81.399455, 28.630956 ], [ -81.39852, 28.63097 ], [ -81.398521, 28.631979 ], [ -81.398521, 28.632337 ], [ -81.398522, 28.633147 ], [ -81.39853, 28.634674 ], [ -81.398538, 28.635041 ], [ -81.398543, 28.635268 ], [ -81.398541, 28.636143 ], [ -81.398541, 28.636174 ], [ -81.398547, 28.636511 ], [ -81.398552, 28.636763 ], [ -81.398551, 28.636944 ], [ -81.39855, 28.637351 ], [ -81.398558, 28.638246 ], [ -81.398562, 28.638681 ], [ -81.398564, 28.638975 ], [ -81.398571, 28.639857 ], [ -81.398574, 28.640152 ], [ -81.397705, 28.640162 ], [ -81.397467, 28.640166 ], [ -81.396756, 28.64018 ], [ -81.39652, 28.640185 ], [ -81.395745, 28.640191 ], [ -81.393422, 28.640207 ], [ -81.39265, 28.640213 ], [ -81.392445, 28.640213 ], [ -81.391836, 28.64021 ], [ -81.391633, 28.64021 ], [ -81.391583, 28.64021 ], [ -81.391502, 28.640209 ], [ -81.391109, 28.640206 ], [ -81.390978, 28.640206 ], [ -81.390752, 28.640211 ], [ -81.390077, 28.640227 ], [ -81.389852, 28.640233 ], [ -81.389755, 28.640238 ], [ -81.389463, 28.640253 ], [ -81.389367, 28.640259 ], [ -81.389171, 28.640268 ], [ -81.388772, 28.640289 ], [ -81.388586, 28.640256 ], [ -81.3884, 28.640224 ], [ -81.388315, 28.640224 ], [ -81.38808, 28.640227 ], [ -81.388002, 28.640229 ], [ -81.387981, 28.640229 ], [ -81.387913, 28.64023 ], [ -81.387873, 28.640232 ], [ -81.387762, 28.640234 ], [ -81.387409, 28.640242 ], [ -81.387439, 28.640449 ], [ -81.387452, 28.640664 ], [ -81.387457, 28.640978 ], [ -81.387585, 28.642457 ], [ -81.387695, 28.643734 ], [ -81.387711, 28.643916 ], [ -81.387733, 28.644172 ], [ -81.387769, 28.644585 ], [ -81.387782, 28.644741 ], [ -81.387805, 28.644998 ], [ -81.387841, 28.645419 ], [ -81.387876, 28.645822 ], [ -81.387961, 28.646806 ], [ -81.388002, 28.647275 ], [ -81.387279, 28.647276 ], [ -81.386384, 28.647278 ], [ -81.386085, 28.647279 ], [ -81.385759, 28.647293 ], [ -81.384728, 28.647281 ], [ -81.382979, 28.647286 ], [ -81.382297, 28.647287 ], [ -81.382121, 28.647292 ], [ -81.382114, 28.647197 ], [ -81.382094, 28.646787 ], [ -81.382091, 28.646323 ], [ -81.382088, 28.645605 ], [ -81.382084, 28.644417 ], [ -81.382084, 28.64378 ], [ -81.380923, 28.643783 ], [ -81.380695, 28.643783 ], [ -81.380659, 28.643783 ], [ -81.380084, 28.643785 ], [ -81.379897, 28.643786 ], [ -81.378969, 28.643788 ], [ -81.378069, 28.643791 ], [ -81.377902, 28.643802 ], [ -81.377748, 28.643803 ], [ -81.377288, 28.643805 ], [ -81.377135, 28.643807 ], [ -81.376974, 28.64381 ], [ -81.37649, 28.643819 ], [ -81.37633, 28.643823 ], [ -81.376243, 28.643825 ], [ -81.375983, 28.643833 ], [ -81.375897, 28.643837 ], [ -81.375755, 28.643841 ], [ -81.375329, 28.643856 ], [ -81.375188, 28.643861 ], [ -81.375052, 28.643857 ], [ -81.375025, 28.643855 ], [ -81.375005, 28.643855 ], [ -81.374537, 28.643859 ], [ -81.374375, 28.643861 ], [ -81.374189, 28.643856 ], [ -81.373631, 28.643843 ], [ -81.373445, 28.643839 ], [ -81.373331, 28.643841 ], [ -81.372991, 28.643847 ], [ -81.372878, 28.64385 ], [ -81.372597, 28.643857 ], [ -81.371755, 28.64388 ], [ -81.371629, 28.643884 ], [ -81.371608, 28.643885 ], [ -81.371475, 28.643888 ], [ -81.371425, 28.643889 ], [ -81.371274, 28.643893 ], [ -81.371225, 28.643895 ], [ -81.371016, 28.643895 ], [ -81.370807, 28.643895 ], [ -81.370391, 28.643895 ], [ -81.370336, 28.643895 ], [ -81.370183, 28.643895 ], [ -81.370144, 28.643895 ], [ -81.3701, 28.643896 ], [ -81.369925, 28.643898 ], [ -81.369854, 28.643899 ], [ -81.369772, 28.643901 ], [ -81.369658, 28.643901 ], [ -81.369317, 28.643901 ], [ -81.369204, 28.643901 ], [ -81.369019, 28.643909 ], [ -81.368465, 28.643936 ], [ -81.368281, 28.643946 ], [ -81.366807, 28.643966 ], [ -81.366441, 28.643971 ], [ -81.366202, 28.643974 ], [ -81.365736, 28.64398 ], [ -81.365732, 28.644092 ], [ -81.365721, 28.644428 ], [ -81.365718, 28.644541 ], [ -81.365659, 28.644545 ], [ -81.36563, 28.644547 ], [ -81.365481, 28.644558 ], [ -81.365423, 28.644563 ], [ -81.365147, 28.644583 ], [ -81.364797, 28.644607 ], [ -81.364321, 28.644642 ], [ -81.364046, 28.644663 ], [ -81.363806, 28.644694 ], [ -81.363569, 28.644725 ], [ -81.363635, 28.64529 ], [ -81.363338, 28.645319 ], [ -81.363258, 28.645326 ], [ -81.362975, 28.645352 ], [ -81.362697, 28.645378 ], [ -81.362511, 28.645394 ], [ -81.362482, 28.645403 ], [ -81.362213, 28.64549 ], [ -81.362189, 28.645499 ], [ -81.36195, 28.645648 ], [ -81.361671, 28.645813 ], [ -81.361383, 28.64595 ], [ -81.361286, 28.645984 ], [ -81.361211, 28.646009 ], [ -81.361043, 28.646053 ], [ -81.360803, 28.646106 ], [ -81.360679, 28.646124 ], [ -81.360488, 28.646149 ], [ -81.360246, 28.646159 ], [ -81.359897, 28.646144 ], [ -81.359598, 28.646104 ], [ -81.359359, 28.646049 ], [ -81.359094, 28.645965 ], [ -81.358963, 28.645913 ], [ -81.358765, 28.645822 ], [ -81.358522, 28.645686 ], [ -81.358377, 28.645603 ], [ -81.35814, 28.645466 ], [ -81.357892, 28.645321 ], [ -81.357729, 28.645227 ], [ -81.357698, 28.645215 ], [ -81.357553, 28.645133 ], [ -81.357535, 28.647431 ], [ -81.357535, 28.647871 ], [ -81.357533, 28.648517 ], [ -81.357504, 28.648518 ], [ -81.357418, 28.648518 ], [ -81.357226, 28.648521 ], [ -81.357161, 28.648522 ], [ -81.357076, 28.648523 ], [ -81.356969, 28.648523 ], [ -81.35665, 28.648527 ], [ -81.356544, 28.648528 ], [ -81.356544, 28.648402 ], [ -81.356544, 28.648319 ], [ -81.35654, 28.648255 ], [ -81.355646, 28.648268 ], [ -81.354895, 28.648279 ], [ -81.35491, 28.647853 ], [ -81.354758, 28.647856 ], [ -81.354458, 28.647752 ], [ -81.353412, 28.647764 ], [ -81.353397, 28.648164 ], [ -81.351622, 28.64815 ], [ -81.351304, 28.648695 ], [ -81.351117, 28.648618 ], [ -81.351021, 28.648501 ], [ -81.349464, 28.647287 ], [ -81.349458, 28.647193 ], [ -81.349514, 28.647171 ], [ -81.349645, 28.647193 ], [ -81.35, 28.646852 ], [ -81.350337, 28.646456 ], [ -81.350405, 28.646307 ], [ -81.350362, 28.646109 ], [ -81.350495, 28.645728 ], [ -81.350524, 28.645647 ], [ -81.350555, 28.645432 ], [ -81.350447, 28.645047 ], [ -81.35043, 28.644987 ], [ -81.350031, 28.644622 ], [ -81.349993, 28.644587 ], [ -81.34757, 28.644762 ], [ -81.347065, 28.644799 ], [ -81.346906, 28.645312 ], [ -81.34685, 28.645428 ], [ -81.346769, 28.645466 ], [ -81.346893, 28.645571 ], [ -81.346893, 28.645618 ], [ -81.346136, 28.646573 ], [ -81.34141, 28.646756 ], [ -81.341317, 28.646729 ], [ -81.341224, 28.646765 ], [ -81.34108, 28.646821 ], [ -81.340588, 28.646931 ], [ -81.340457, 28.646962 ], [ -81.340422, 28.646809 ], [ -81.338498, 28.646882 ], [ -81.334817, 28.646842 ], [ -81.334741, 28.644466 ], [ -81.334739, 28.644414 ], [ -81.333329, 28.644487 ], [ -81.333357, 28.642406 ], [ -81.331277, 28.642388 ], [ -81.331262, 28.642476 ], [ -81.331193, 28.642679 ], [ -81.331068, 28.642889 ], [ -81.330987, 28.64307 ], [ -81.330937, 28.643274 ], [ -81.330906, 28.643483 ], [ -81.330906, 28.643503 ], [ -81.330913, 28.6438 ], [ -81.328871, 28.643811 ], [ -81.328559, 28.643813 ], [ -81.328559, 28.643755 ], [ -81.328555, 28.643544 ], [ -81.328543, 28.643189 ], [ -81.32854, 28.643088 ], [ -81.328521, 28.642453 ], [ -81.328513, 28.641999 ], [ -81.328511, 28.64191 ], [ -81.328505, 28.641624 ], [ -81.3285, 28.641358 ], [ -81.328495, 28.641124 ], [ -81.328499, 28.640927 ], [ -81.328499, 28.640876 ], [ -81.328497, 28.640631 ], [ -81.328495, 28.640532 ], [ -81.328495, 28.640369 ], [ -81.32849, 28.640071 ], [ -81.328488, 28.639934 ], [ -81.328479, 28.6397 ], [ -81.328219, 28.639701 ], [ -81.328107, 28.639701 ], [ -81.327966, 28.639701 ], [ -81.327961, 28.639627 ], [ -81.327665, 28.639628 ], [ -81.327507, 28.639611 ], [ -81.327352, 28.639594 ], [ -81.327057, 28.639452 ], [ -81.326818, 28.639214 ], [ -81.326697, 28.638995 ], [ -81.326575, 28.638697 ], [ -81.326159, 28.638641 ], [ -81.326146, 28.638611 ], [ -81.325991, 28.638256 ], [ -81.325872, 28.638069 ], [ -81.325791, 28.63797 ], [ -81.325735, 28.637893 ], [ -81.325604, 28.637711 ], [ -81.325523, 28.637629 ], [ -81.325429, 28.637546 ], [ -81.325311, 28.637458 ], [ -81.325262, 28.637431 ], [ -81.325067, 28.637326 ], [ -81.324906, 28.63727 ], [ -81.324862, 28.637255 ], [ -81.324593, 28.637178 ], [ -81.324415, 28.637138 ], [ -81.32425, 28.637101 ], [ -81.324107, 28.63742 ], [ -81.324003, 28.637624 ], [ -81.323783, 28.637921 ], [ -81.322885, 28.638949 ], [ -81.322766, 28.639087 ], [ -81.322685, 28.63917 ], [ -81.322417, 28.639252 ], [ -81.322381, 28.639259 ], [ -81.322276, 28.639282 ], [ -81.322242, 28.639291 ], [ -81.322205, 28.639159 ], [ -81.322036, 28.638658 ], [ -81.322024, 28.638632 ], [ -81.321818, 28.638163 ], [ -81.321494, 28.63747 ], [ -81.321151, 28.636742 ], [ -81.320856, 28.636115 ], [ -81.320789, 28.635973 ], [ -81.320777, 28.635948 ], [ -81.320537, 28.63545 ], [ -81.320457, 28.635284 ], [ -81.320212, 28.634775 ], [ -81.320099, 28.634541 ], [ -81.320015, 28.634366 ], [ -81.319764, 28.63384 ], [ -81.319653, 28.633607 ], [ -81.319167, 28.632567 ], [ -81.318941, 28.632089 ], [ -81.318607, 28.631385 ], [ -81.318263, 28.630656 ], [ -81.318038, 28.630179 ], [ -81.317811, 28.6297 ], [ -81.317258, 28.628535 ], [ -81.31713, 28.628263 ], [ -81.316903, 28.627785 ], [ -81.316849, 28.627672 ], [ -81.31636, 28.626659 ], [ -81.316217, 28.626363 ], [ -81.315791, 28.625478 ], [ -81.315649, 28.625183 ], [ -81.315824, 28.625165 ], [ -81.315874, 28.625161 ], [ -81.316353, 28.625168 ], [ -81.31653, 28.625171 ], [ -81.316549, 28.625171 ], [ -81.316608, 28.625171 ], [ -81.316628, 28.625172 ], [ -81.31687, 28.625175 ], [ -81.317596, 28.625184 ], [ -81.317838, 28.625188 ], [ -81.318022, 28.625185 ], [ -81.318576, 28.625178 ], [ -81.318761, 28.625177 ], [ -81.318809, 28.625177 ], [ -81.318955, 28.625177 ], [ -81.319004, 28.625177 ], [ -81.319085, 28.625176 ], [ -81.319331, 28.625172 ], [ -81.319413, 28.625172 ], [ -81.319503, 28.62517 ], [ -81.319774, 28.625166 ], [ -81.319865, 28.625166 ], [ -81.320093, 28.625161 ], [ -81.320777, 28.625148 ], [ -81.321006, 28.625144 ], [ -81.321101, 28.625142 ], [ -81.321387, 28.625135 ], [ -81.321483, 28.625134 ], [ -81.321603, 28.625131 ], [ -81.321964, 28.625123 ], [ -81.322029, 28.625122 ], [ -81.322085, 28.625122 ], [ -81.322108, 28.625121 ], [ -81.322119, 28.62512 ], [ -81.322178, 28.62512 ], [ -81.322202, 28.62512 ], [ -81.32232, 28.625117 ], [ -81.322609, 28.625112 ], [ -81.32263, 28.625112 ], [ -81.322671, 28.625111 ], [ -81.322746, 28.62511 ], [ -81.322955, 28.625107 ], [ -81.323038, 28.625106 ], [ -81.323285, 28.625103 ], [ -81.323773, 28.625097 ], [ -81.324018, 28.625094 ], [ -81.324167, 28.625091 ], [ -81.324578, 28.625084 ], [ -81.324699, 28.625081 ], [ -81.324768, 28.625081 ], [ -81.32494, 28.625078 ], [ -81.32546, 28.625069 ], [ -81.325633, 28.625067 ], [ -81.325642, 28.62519 ], [ -81.32567, 28.625562 ], [ -81.32568, 28.625686 ], [ -81.325682, 28.625712 ], [ -81.325688, 28.625793 ], [ -81.32569, 28.625821 ], [ -81.32559, 28.625824 ], [ -81.325291, 28.625836 ], [ -81.325192, 28.62584 ], [ -81.324835, 28.625854 ], [ -81.324835, 28.625945 ], [ -81.324835, 28.626052 ], [ -81.324836, 28.626098 ], [ -81.324862, 28.627292 ], [ -81.324873, 28.627741 ], [ -81.324715, 28.627744 ], [ -81.324244, 28.627754 ], [ -81.324087, 28.627758 ], [ -81.324092, 28.627913 ], [ -81.324107, 28.62838 ], [ -81.324112, 28.628536 ], [ -81.324113, 28.628574 ], [ -81.324116, 28.628688 ], [ -81.324118, 28.628726 ], [ -81.326071, 28.628698 ], [ -81.326142, 28.628697 ], [ -81.326129, 28.62832 ], [ -81.326119, 28.628034 ], [ -81.326017, 28.625062 ], [ -81.326112, 28.625062 ], [ -81.326232, 28.625061 ], [ -81.326587, 28.625053 ], [ -81.327656, 28.625036 ], [ -81.328013, 28.625033 ], [ -81.328093, 28.62557 ], [ -81.328093, 28.625594 ], [ -81.328137, 28.626036 ], [ -81.328152, 28.626468 ], [ -81.32818, 28.627349 ], [ -81.328209, 28.628237 ], [ -81.32822, 28.628576 ], [ -81.328223, 28.628676 ], [ -81.328257, 28.629727 ], [ -81.328259, 28.629793 ], [ -81.328304, 28.631099 ], [ -81.328335, 28.631111 ], [ -81.328816, 28.631301 ], [ -81.328962, 28.631354 ], [ -81.328995, 28.631367 ], [ -81.329082, 28.631331 ], [ -81.32917, 28.631295 ], [ -81.329067, 28.631375 ], [ -81.328994, 28.631453 ], [ -81.329052, 28.631471 ], [ -81.329064, 28.631664 ], [ -81.32904, 28.631757 ], [ -81.329023, 28.631789 ], [ -81.328977, 28.631878 ], [ -81.32899, 28.632088 ], [ -81.329196, 28.632165 ], [ -81.329545, 28.632269 ], [ -81.329807, 28.6323 ], [ -81.329955, 28.632324 ], [ -81.330105, 28.632322 ], [ -81.330292, 28.632321 ], [ -81.330553, 28.63232 ], [ -81.330681, 28.632318 ], [ -81.330768, 28.632318 ], [ -81.330798, 28.632318 ], [ -81.330986, 28.632316 ], [ -81.331242, 28.632315 ], [ -81.331258, 28.632315 ], [ -81.331258, 28.632284 ], [ -81.331272, 28.632284 ], [ -81.331498, 28.632282 ], [ -81.331573, 28.632281 ], [ -81.332305, 28.632277 ], [ -81.332366, 28.632276 ], [ -81.332366, 28.632306 ], [ -81.332386, 28.632306 ], [ -81.332553, 28.632305 ], [ -81.332925, 28.632303 ], [ -81.333301, 28.6323 ], [ -81.333488, 28.632298 ], [ -81.334143, 28.632294 ], [ -81.334361, 28.632292 ], [ -81.336035, 28.632281 ], [ -81.336419, 28.632278 ], [ -81.336523, 28.632275 ], [ -81.336526, 28.632342 ], [ -81.337059, 28.632336 ], [ -81.337326, 28.631236 ], [ -81.337387, 28.630987 ], [ -81.33868, 28.630258 ], [ -81.338723, 28.630152 ], [ -81.338736, 28.630145 ], [ -81.338758, 28.630134 ], [ -81.338784, 28.630119 ], [ -81.338802, 28.630109 ], [ -81.338828, 28.630094 ], [ -81.338854, 28.630078 ], [ -81.338891, 28.630053 ], [ -81.338918, 28.630034 ], [ -81.338937, 28.630021 ], [ -81.338949, 28.630012 ], [ -81.338968, 28.629997 ], [ -81.338984, 28.629984 ], [ -81.339, 28.629971 ], [ -81.339018, 28.629956 ], [ -81.33904, 28.629937 ], [ -81.339054, 28.629925 ], [ -81.339064, 28.629915 ], [ -81.339077, 28.629903 ], [ -81.339089, 28.62989 ], [ -81.3391, 28.62988 ], [ -81.33911, 28.62987 ], [ -81.339122, 28.629857 ], [ -81.339132, 28.629846 ], [ -81.33914, 28.629838 ], [ -81.339148, 28.629829 ], [ -81.339155, 28.629821 ], [ -81.339163, 28.629812 ], [ -81.33917, 28.629803 ], [ -81.339178, 28.629794 ], [ -81.339185, 28.629785 ], [ -81.339192, 28.629776 ], [ -81.339199, 28.629767 ], [ -81.339208, 28.629756 ], [ -81.339215, 28.629747 ], [ -81.339222, 28.629738 ], [ -81.33923, 28.629726 ], [ -81.33924, 28.629712 ], [ -81.339261, 28.629682 ], [ -81.339281, 28.62965 ], [ -81.339289, 28.629638 ], [ -81.339297, 28.629624 ], [ -81.339306, 28.629609 ], [ -81.339322, 28.629579 ], [ -81.339327, 28.629569 ], [ -81.339332, 28.629559 ], [ -81.339337, 28.629549 ], [ -81.339342, 28.629539 ], [ -81.339347, 28.629529 ], [ -81.339352, 28.629519 ], [ -81.339358, 28.629506 ], [ -81.339368, 28.629483 ], [ -81.339372, 28.629473 ], [ -81.339376, 28.629462 ], [ -81.33938, 28.629452 ], [ -81.339387, 28.629433 ], [ -81.339391, 28.629423 ], [ -81.339395, 28.629413 ], [ -81.339399, 28.629399 ], [ -81.339404, 28.629383 ], [ -81.339409, 28.629368 ], [ -81.339413, 28.629357 ], [ -81.339416, 28.629346 ], [ -81.339419, 28.629333 ], [ -81.339422, 28.629322 ], [ -81.339425, 28.629311 ], [ -81.339427, 28.629301 ], [ -81.33943, 28.62929 ], [ -81.339432, 28.629279 ], [ -81.339435, 28.629268 ], [ -81.339437, 28.629255 ], [ -81.33944, 28.629244 ], [ -81.339443, 28.629225 ], [ -81.339444, 28.629216 ], [ -81.339446, 28.629206 ], [ -81.339448, 28.629195 ], [ -81.339449, 28.629184 ], [ -81.339451, 28.629168 ], [ -81.340179, 28.629167 ], [ -81.341226, 28.629165 ], [ -81.341183, 28.627708 ], [ -81.341179, 28.627567 ], [ -81.340527, 28.627581 ], [ -81.340526, 28.627543 ], [ -81.340504, 28.626765 ], [ -81.340499, 28.626709 ], [ -81.342313, 28.626751 ], [ -81.342273, 28.625561 ], [ -81.342252, 28.624931 ], [ -81.342824, 28.624934 ], [ -81.342887, 28.624989 ], [ -81.34382, 28.624977 ], [ -81.344026, 28.624968 ], [ -81.344587, 28.624947 ], [ -81.34521, 28.624939 ], [ -81.345388, 28.624937 ], [ -81.345468, 28.62494 ], [ -81.345568, 28.624956 ], [ -81.345607, 28.624967 ], [ -81.345641, 28.624979 ], [ -81.345673, 28.624996 ], [ -81.34569, 28.625007 ], [ -81.345709, 28.624998 ], [ -81.345763, 28.624973 ], [ -81.345826, 28.624957 ], [ -81.345821, 28.624793 ], [ -81.345811, 28.624331 ], [ -81.345809, 28.624223 ], [ -81.345798, 28.623711 ], [ -81.345787, 28.623151 ], [ -81.345786, 28.623125 ], [ -81.345771, 28.623125 ], [ -81.345761, 28.622798 ], [ -81.345759, 28.622729 ], [ -81.345716, 28.62273 ], [ -81.345533, 28.622733 ], [ -81.345447, 28.622735 ], [ -81.345444, 28.622667 ], [ -81.345454, 28.62234 ], [ -81.345749, 28.622333 ], [ -81.345794, 28.622332 ], [ -81.345789, 28.622178 ], [ -81.345783, 28.621984 ], [ -81.34578, 28.621904 ], [ -81.345706, 28.621892 ], [ -81.345678, 28.621888 ], [ -81.345589, 28.62186 ], [ -81.345524, 28.62184 ], [ -81.345476, 28.621821 ], [ -81.345295, 28.621751 ], [ -81.34515, 28.621678 ], [ -81.345047, 28.62162 ], [ -81.345025, 28.621608 ], [ -81.345062, 28.621581 ], [ -81.345361, 28.621191 ], [ -81.345442, 28.621086 ], [ -81.34549, 28.621069 ], [ -81.345528, 28.621095 ], [ -81.345642, 28.621135 ], [ -81.345709, 28.621165 ], [ -81.345781, 28.62118 ], [ -81.345898, 28.621159 ], [ -81.345943, 28.62116 ], [ -81.346049, 28.621157 ], [ -81.346464, 28.619662 ], [ -81.346529, 28.619677 ], [ -81.346689, 28.619563 ], [ -81.35019, 28.619559 ], [ -81.350375, 28.619559 ], [ -81.35019, 28.619412 ], [ -81.350197, 28.618679 ], [ -81.350195, 28.617503 ], [ -81.352576, 28.617466 ], [ -81.352615, 28.617509 ], [ -81.352672, 28.617567 ], [ -81.352692, 28.617587 ], [ -81.353262, 28.617599 ], [ -81.353752, 28.617611 ], [ -81.354973, 28.617672 ], [ -81.355544, 28.617701 ], [ -81.355469, 28.618 ], [ -81.355248, 28.6189 ], [ -81.355174, 28.6192 ], [ -81.35566, 28.619268 ], [ -81.35655, 28.619294 ], [ -81.357554, 28.619325 ], [ -81.359416, 28.619014 ], [ -81.360622, 28.618674 ], [ -81.360895, 28.618597 ], [ -81.361021, 28.618562 ], [ -81.361311, 28.618344 ], [ -81.361471, 28.618224 ], [ -81.361408, 28.617795 ], [ -81.36141, 28.617509 ], [ -81.361408, 28.617414 ], [ -81.361406, 28.617335 ], [ -81.361404, 28.617231 ], [ -81.361369, 28.61579 ], [ -81.361357, 28.615701 ], [ -81.361359, 28.615597 ], [ -81.36135, 28.615168 ], [ -81.361349, 28.614856 ], [ -81.361317, 28.613689 ], [ -81.361306, 28.613355 ], [ -81.361306, 28.613244 ], [ -81.361306, 28.613225 ], [ -81.361306, 28.61319 ], [ -81.361274, 28.61191 ], [ -81.362286, 28.611883 ], [ -81.363302, 28.611883 ], [ -81.36466, 28.611871 ], [ -81.365086, 28.61186 ], [ -81.365249, 28.611819 ], [ -81.365463, 28.611803 ], [ -81.365509, 28.611801 ], [ -81.365581, 28.6118 ], [ -81.366234, 28.611792 ], [ -81.366278, 28.61179 ], [ -81.366511, 28.611785 ], [ -81.366619, 28.611784 ], [ -81.366945, 28.611782 ], [ -81.367054, 28.611782 ], [ -81.367054, 28.611678 ], [ -81.367054, 28.611636 ], [ -81.367054, 28.611462 ], [ -81.36807, 28.611467 ], [ -81.36807, 28.611644 ], [ -81.36807, 28.611691 ], [ -81.36807, 28.611795 ], [ -81.368237, 28.611795 ], [ -81.368772, 28.611785 ], [ -81.368948, 28.611785 ], [ -81.369026, 28.611785 ], [ -81.369093, 28.611785 ], [ -81.36926, 28.611785 ], [ -81.369339, 28.611786 ], [ -81.369365, 28.611786 ], [ -81.369444, 28.611786 ], [ -81.369471, 28.611786 ], [ -81.369818, 28.611781 ], [ -81.370859, 28.611768 ], [ -81.371207, 28.611764 ], [ -81.37131, 28.611762 ], [ -81.371621, 28.611758 ], [ -81.371725, 28.611758 ], [ -81.371765, 28.611757 ], [ -81.371887, 28.611756 ], [ -81.371928, 28.611756 ], [ -81.372047, 28.611755 ], [ -81.372407, 28.611751 ], [ -81.372527, 28.611751 ], [ -81.372705, 28.611748 ], [ -81.373239, 28.611739 ], [ -81.373418, 28.611737 ], [ -81.373565, 28.611735 ], [ -81.374005, 28.61173 ], [ -81.374153, 28.611729 ], [ -81.374181, 28.611728 ], [ -81.374267, 28.611727 ], [ -81.374296, 28.611727 ], [ -81.37437, 28.611726 ], [ -81.374444, 28.611725 ], [ -81.374501, 28.611724 ], [ -81.374664, 28.611721 ], [ -81.374792, 28.61172 ], [ -81.375118, 28.611711 ], [ -81.375324, 28.611706 ], [ -81.375359, 28.611705 ], [ -81.375472, 28.611702 ], [ -81.375492, 28.611701 ], [ -81.375559, 28.611699 ], [ -81.375692, 28.611696 ], [ -81.375749, 28.61171 ], [ -81.375806, 28.611733 ], [ -81.375827, 28.611736 ], [ -81.375992, 28.611734 ], [ -81.376086, 28.611733 ], [ -81.376122, 28.611742 ], [ -81.376155, 28.61176 ], [ -81.376342, 28.611743 ], [ -81.376906, 28.611691 ], [ -81.37697, 28.611686 ], [ -81.377098, 28.611684 ], [ -81.377649, 28.611676 ], [ -81.380024, 28.611629 ], [ -81.381162, 28.611607 ], [ -81.381206, 28.611606 ], [ -81.381734, 28.611595 ], [ -81.381806, 28.611594 ], [ -81.381834, 28.611594 ], [ -81.381978, 28.611591 ], [ -81.382096, 28.611589 ], [ -81.383392, 28.611563 ], [ -81.383787, 28.611556 ], [ -81.383957, 28.611552 ], [ -81.383972, 28.611551 ], [ -81.384118, 28.611549 ], [ -81.384663, 28.611537 ], [ -81.384768, 28.611538 ], [ -81.384743, 28.611417 ], [ -81.384725, 28.611248 ], [ -81.384724, 28.611199 ], [ -81.384722, 28.611035 ], [ -81.384724, 28.610998 ], [ -81.384753, 28.610994 ], [ -81.384807, 28.61099 ], [ -81.384869, 28.61098 ], [ -81.384882, 28.610917 ], [ -81.385084, 28.610931 ], [ -81.386117, 28.610983 ], [ -81.386489, 28.611008 ], [ -81.386489, 28.61028 ], [ -81.386665, 28.610299 ], [ -81.386712, 28.61123 ], [ -81.386712, 28.611398 ], [ -81.386712, 28.611525 ], [ -81.386705, 28.613488 ], [ -81.386691, 28.614321 ], [ -81.386717, 28.618348 ], [ -81.386736, 28.621022 ], [ -81.387161, 28.621067 ], [ -81.387248, 28.621072 ], [ -81.387638, 28.621079 ], [ -81.388222, 28.621088 ], [ -81.390142, 28.621128 ], [ -81.390142, 28.62116 ], [ -81.390137, 28.621986 ], [ -81.39051, 28.621986 ], [ -81.39069, 28.621986 ], [ -81.390675, 28.622279 ], [ -81.390758, 28.622237 ], [ -81.390848, 28.622207 ], [ -81.390942, 28.62219 ], [ -81.391429, 28.622173 ], [ -81.391982, 28.622174 ], [ -81.392675, 28.622189 ], [ -81.393091, 28.622192 ], [ -81.393846, 28.62221 ], [ -81.394062, 28.622205 ], [ -81.394278, 28.622187 ], [ -81.394386, 28.62217 ], [ -81.394542, 28.622137 ], [ -81.394926, 28.62207 ], [ -81.395096, 28.622056 ], [ -81.395833, 28.622044 ], [ -81.395965, 28.622033 ], [ -81.396095, 28.622013 ], [ -81.396226, 28.621983 ], [ -81.396292, 28.621963 ], [ -81.396276, 28.621677 ], [ -81.396235, 28.620303 ], [ -81.398071, 28.620295 ], [ -81.398204, 28.620478 ], [ -81.398208, 28.620592 ], [ -81.398245, 28.62148 ], [ -81.398257, 28.621753 ], [ -81.398263, 28.621888 ], [ -81.398305, 28.622572 ], [ -81.398322, 28.622846 ], [ -81.398328, 28.622946 ], [ -81.398329, 28.622978 ], [ -81.398334, 28.623045 ], [ -81.398345, 28.623227 ], [ -81.398352, 28.623374 ], [ -81.398359, 28.623507 ], [ -81.398379, 28.623919 ], [ -81.398399, 28.624331 ], [ -81.398402, 28.624418 ], [ -81.398405, 28.624504 ], [ -81.398424, 28.625697 ], [ -81.39845, 28.625698 ], [ -81.398706, 28.625704 ], [ -81.398962, 28.625712 ], [ -81.399245, 28.625711 ], [ -81.399525, 28.625709 ], [ -81.401509, 28.625582 ], [ -81.401473, 28.624718 ], [ -81.401471, 28.624676 ], [ -81.401556, 28.624548 ], [ -81.401586, 28.624595 ], [ -81.401699, 28.624644 ], [ -81.401792, 28.624573 ], [ -81.401904, 28.624545 ], [ -81.402004, 28.624551 ], [ -81.402075, 28.624599 ], [ -81.402173, 28.624666 ], [ -81.402175, 28.624708 ], [ -81.402179, 28.624754 ], [ -81.402148, 28.624804 ], [ -81.402173, 28.624842 ], [ -81.402216, 28.62482 ], [ -81.402279, 28.624853 ], [ -81.402397, 28.624969 ], [ -81.402522, 28.62498 ], [ -81.402734, 28.624964 ], [ -81.402771, 28.624914 ], [ -81.402765, 28.624864 ], [ -81.402834, 28.624854 ], [ -81.403376, 28.624837 ], [ -81.403505, 28.62479 ], [ -81.403819, 28.624678 ], [ -81.404083, 28.624652 ], [ -81.404661, 28.624595 ], [ -81.404673, 28.624689 ], [ -81.404966, 28.6247 ], [ -81.405004, 28.624683 ], [ -81.405135, 28.624706 ], [ -81.405206, 28.624694 ], [ -81.405372, 28.624667 ], [ -81.405559, 28.624684 ], [ -81.405671, 28.624673 ], [ -81.405715, 28.624651 ], [ -81.405827, 28.624629 ], [ -81.405883, 28.62459 ], [ -81.405945, 28.624579 ], [ -81.405983, 28.624568 ], [ -81.406027, 28.624508 ], [ -81.406014, 28.624398 ], [ -81.405952, 28.624111 ], [ -81.405908, 28.624001 ], [ -81.40564, 28.623578 ], [ -81.405578, 28.623512 ], [ -81.405441, 28.623462 ], [ -81.405378, 28.623407 ], [ -81.405285, 28.62328 ], [ -81.405241, 28.623203 ], [ -81.405216, 28.623104 ], [ -81.405154, 28.622708 ], [ -81.405142, 28.622405 ], [ -81.405142, 28.622346 ], [ -81.405142, 28.62229 ], [ -81.40516, 28.622207 ], [ -81.405235, 28.622108 ], [ -81.405341, 28.622059 ], [ -81.405354, 28.622036 ], [ -81.406531, 28.622027 ], [ -81.410788, 28.622014 ], [ -81.410791, 28.622281 ], [ -81.410793, 28.62246 ], [ -81.410804, 28.623355 ], [ -81.410815, 28.624222 ], [ -81.410819, 28.62458 ], [ -81.410821, 28.62474 ] ] ] ] } },
{ "type": "Feature", "properties": { "ZCTA5CE20": "34771", "GEOID20": "34771", "GEOIDFQ20": "860Z200US34771", "CLASSFP20": "B5", "MTFCC20": "G6350", "FUNCSTAT20": "S", "ALAND20": 403608434, "AWATER20": 25973526, "INTPTLAT20": "+28.2682979", "INTPTLON20": "-081.1284026" }, "geometry": { "type": "MultiPolygon", "coordinates": [ [ [ [ -81.264069, 28.255712 ], [ -81.264, 28.255817 ], [ -81.263932, 28.255877 ], [ -81.263801, 28.255949 ], [ -81.263677, 28.255987 ], [ -81.26354, 28.256179 ], [ -81.263522, 28.256224 ], [ -81.26351, 28.256319 ], [ -81.263503, 28.256389 ], [ -81.263522, 28.256411 ], [ -81.263515, 28.25646 ], [ -81.263521, 28.256532 ], [ -81.263503, 28.256719 ], [ -81.263521, 28.257087 ], [ -81.263515, 28.257242 ], [ -81.263558, 28.257269 ], [ -81.263639, 28.257346 ], [ -81.26354, 28.257665 ], [ -81.263502, 28.257632 ], [ -81.263471, 28.257588 ], [ -81.263446, 28.257484 ], [ -81.263397, 28.257407 ], [ -81.26331, 28.257346 ], [ -81.263272, 28.25734 ], [ -81.263217, 28.257352 ], [ -81.263074, 28.257335 ], [ -81.262956, 28.257346 ], [ -81.262819, 28.257335 ], [ -81.262682, 28.257296 ], [ -81.262589, 28.257285 ], [ -81.262527, 28.257263 ], [ -81.262415, 28.257252 ], [ -81.262353, 28.257274 ], [ -81.261439, 28.257285 ], [ -81.261327, 28.257274 ], [ -81.261116, 28.257285 ], [ -81.260905, 28.257263 ], [ -81.260818, 28.257274 ], [ -81.260687, 28.257362 ], [ -81.26065, 28.257483 ], [ -81.26065, 28.257538 ], [ -81.260662, 28.257582 ], [ -81.26073, 28.257703 ], [ -81.260743, 28.257785 ], [ -81.26078, 28.257857 ], [ -81.260786, 28.257906 ], [ -81.260842, 28.257956 ], [ -81.260985, 28.257923 ], [ -81.261022, 28.257906 ], [ -81.261063, 28.257921 ], [ -81.261165, 28.258072 ], [ -81.261265, 28.258281 ], [ -81.261277, 28.258341 ], [ -81.26137, 28.258583 ], [ -81.261427, 28.258677 ], [ -81.261445, 28.258705 ], [ -81.26147, 28.258771 ], [ -81.261488, 28.258842 ], [ -81.261501, 28.258963 ], [ -81.261519, 28.259018 ], [ -81.261563, 28.259079 ], [ -81.261724, 28.259409 ], [ -81.261736, 28.259442 ], [ -81.26173, 28.259486 ], [ -81.261861, 28.259618 ], [ -81.261917, 28.259745 ], [ -81.261916, 28.25991 ], [ -81.261898, 28.260185 ], [ -81.261873, 28.260295 ], [ -81.261842, 28.260345 ], [ -81.261829, 28.260422 ], [ -81.261798, 28.260521 ], [ -81.261798, 28.260598 ], [ -81.261748, 28.260774 ], [ -81.261742, 28.260873 ], [ -81.261757, 28.26105 ], [ -81.261767, 28.261153 ], [ -81.261779, 28.261192 ], [ -81.261792, 28.261324 ], [ -81.26181, 28.26139 ], [ -81.26186, 28.261528 ], [ -81.261891, 28.261649 ], [ -81.261941, 28.261709 ], [ -81.262014, 28.26184 ], [ -81.262027, 28.261863 ], [ -81.262037, 28.26187 ], [ -81.262045, 28.261877 ], [ -81.26208, 28.261906 ], [ -81.262036, 28.261935 ], [ -81.262102, 28.262068 ], [ -81.262245, 28.262336 ], [ -81.262302, 28.262442 ], [ -81.262342, 28.262542 ], [ -81.262269, 28.262607 ], [ -81.262288, 28.262645 ], [ -81.262332, 28.262711 ], [ -81.262406, 28.262788 ], [ -81.262487, 28.262843 ], [ -81.262624, 28.262898 ], [ -81.262642, 28.262903 ], [ -81.262723, 28.262926 ], [ -81.262798, 28.26297 ], [ -81.26286, 28.263019 ], [ -81.262965, 28.263135 ], [ -81.263003, 28.263195 ], [ -81.263059, 28.263239 ], [ -81.263214, 28.263454 ], [ -81.263283, 28.263596 ], [ -81.263313, 28.263658 ], [ -81.263537, 28.264037 ], [ -81.263593, 28.264131 ], [ -81.263729, 28.264302 ], [ -81.263773, 28.264313 ], [ -81.263866, 28.26439 ], [ -81.263829, 28.264434 ], [ -81.263648, 28.264577 ], [ -81.263493, 28.26472 ], [ -81.263468, 28.264709 ], [ -81.262878, 28.264455 ], [ -81.26238, 28.264923 ], [ -81.261149, 28.265792 ], [ -81.26082, 28.266001 ], [ -81.260683, 28.266188 ], [ -81.260428, 28.266364 ], [ -81.260142, 28.266656 ], [ -81.259924, 28.266931 ], [ -81.259756, 28.267195 ], [ -81.259638, 28.267475 ], [ -81.258991, 28.268047 ], [ -81.258705, 28.268383 ], [ -81.258512, 28.268713 ], [ -81.258152, 28.268878 ], [ -81.258052, 28.269065 ], [ -81.258021, 28.269252 ], [ -81.257592, 28.269896 ], [ -81.257275, 28.270105 ], [ -81.25702, 28.270506 ], [ -81.256385, 28.271111 ], [ -81.256249, 28.271502 ], [ -81.256174, 28.271854 ], [ -81.255962, 28.272234 ], [ -81.255483, 28.272806 ], [ -81.255197, 28.273494 ], [ -81.255142, 28.273594 ], [ -81.254643, 28.274517 ], [ -81.254463, 28.274996 ], [ -81.254251, 28.275304 ], [ -81.254114, 28.275562 ], [ -81.25404, 28.275667 ], [ -81.253866, 28.275771 ], [ -81.253542, 28.276222 ], [ -81.253318, 28.276717 ], [ -81.253169, 28.277125 ], [ -81.252907, 28.277768 ], [ -81.252515, 28.278649 ], [ -81.252403, 28.279094 ], [ -81.252446, 28.279248 ], [ -81.252322, 28.279364 ], [ -81.252216, 28.279479 ], [ -81.252042, 28.279435 ], [ -81.251992, 28.279666 ], [ -81.2518, 28.28009 ], [ -81.251656, 28.280431 ], [ -81.25137, 28.281174 ], [ -81.251202, 28.282115 ], [ -81.251034, 28.282478 ], [ -81.250766, 28.282764 ], [ -81.250604, 28.28376 ], [ -81.250361, 28.284431 ], [ -81.250299, 28.28502 ], [ -81.250105, 28.285878 ], [ -81.25, 28.286263 ], [ -81.249802, 28.28727 ], [ -81.24953, 28.290352 ], [ -81.249418, 28.291079 ], [ -81.249097, 28.293186 ], [ -81.248799, 28.294374 ], [ -81.248576, 28.295222 ], [ -81.248658, 28.29695 ], [ -81.248223, 28.298073 ], [ -81.247522, 28.300846 ], [ -81.246945, 28.302927 ], [ -81.246728, 28.304401 ], [ -81.246706, 28.30531 ], [ -81.246686, 28.306201 ], [ -81.246786, 28.30745 ], [ -81.247104, 28.308705 ], [ -81.247197, 28.309068 ], [ -81.247994, 28.311428 ], [ -81.248355, 28.312269 ], [ -81.248997, 28.313761 ], [ -81.250001, 28.315808 ], [ -81.250492, 28.316897 ], [ -81.251318, 28.318631 ], [ -81.251584, 28.319341 ], [ -81.252187, 28.320943 ], [ -81.252547, 28.321752 ], [ -81.252796, 28.32222 ], [ -81.253137, 28.322643 ], [ -81.253262, 28.322544 ], [ -81.253399, 28.3225 ], [ -81.253567, 28.322616 ], [ -81.253852, 28.323117 ], [ -81.253834, 28.323442 ], [ -81.253709, 28.323684 ], [ -81.253448, 28.32397 ], [ -81.254674, 28.323985 ], [ -81.25469, 28.323987 ], [ -81.254305, 28.324321 ], [ -81.25422, 28.324398 ], [ -81.254057, 28.324561 ], [ -81.253981, 28.324645 ], [ -81.253861, 28.324791 ], [ -81.253782, 28.324874 ], [ -81.253586, 28.325058 ], [ -81.253493, 28.325128 ], [ -81.253155, 28.32533 ], [ -81.252726, 28.325605 ], [ -81.252247, 28.325878 ], [ -81.252112, 28.32596 ], [ -81.251359, 28.326454 ], [ -81.250991, 28.32668 ], [ -81.250927, 28.326724 ], [ -81.250835, 28.326796 ], [ -81.250283, 28.327278 ], [ -81.250058, 28.327487 ], [ -81.249838, 28.3277 ], [ -81.249636, 28.3279 ], [ -81.249187, 28.328347 ], [ -81.248574, 28.328976 ], [ -81.247919, 28.329668 ], [ -81.248056, 28.330856 ], [ -81.248073, 28.330965 ], [ -81.248061, 28.330997 ], [ -81.247697, 28.331435 ], [ -81.247367, 28.33182 ], [ -81.247028, 28.332215 ], [ -81.24676, 28.332534 ], [ -81.246454, 28.332916 ], [ -81.246296, 28.333124 ], [ -81.246254, 28.333185 ], [ -81.246239, 28.333218 ], [ -81.24622, 28.333287 ], [ -81.246188, 28.333508 ], [ -81.2461, 28.333898 ], [ -81.246024, 28.334294 ], [ -81.24554, 28.334424 ], [ -81.245074, 28.334555 ], [ -81.244456, 28.334737 ], [ -81.243995, 28.334879 ], [ -81.243575, 28.335017 ], [ -81.243196, 28.335147 ], [ -81.241312, 28.335831 ], [ -81.240971, 28.335949 ], [ -81.240665, 28.336046 ], [ -81.240394, 28.336124 ], [ -81.240081, 28.336203 ], [ -81.239803, 28.336261 ], [ -81.239768, 28.336277 ], [ -81.238807, 28.336887 ], [ -81.238257, 28.337197 ], [ -81.238224, 28.337224 ], [ -81.238313, 28.33735 ], [ -81.238898, 28.337778 ], [ -81.239484, 28.338207 ], [ -81.239943, 28.338543 ], [ -81.240578, 28.339798 ], [ -81.24079, 28.340722 ], [ -81.241045, 28.34136 ], [ -81.241111, 28.341459 ], [ -81.23989, 28.340942 ], [ -81.239626, 28.340539 ], [ -81.239626, 28.347951 ], [ -81.239488, 28.347951 ], [ -81.239511, 28.348119 ], [ -81.239395, 28.34812 ], [ -81.239195, 28.348121 ], [ -81.238317, 28.348122 ], [ -81.23649, 28.348126 ], [ -81.236266, 28.348127 ], [ -81.235946, 28.348128 ], [ -81.235877, 28.348128 ], [ -81.235686, 28.348129 ], [ -81.234809, 28.348131 ], [ -81.234453, 28.348131 ], [ -81.234292, 28.348131 ], [ -81.233385, 28.348135 ], [ -81.23303, 28.348137 ], [ -81.232677, 28.348139 ], [ -81.232295, 28.348142 ], [ -81.232159, 28.348151 ], [ -81.232028, 28.34815 ], [ -81.23193, 28.34815 ], [ -81.226152, 28.348118 ], [ -81.220145, 28.348087 ], [ -81.220031, 28.348086 ], [ -81.219924, 28.348086 ], [ -81.213407, 28.348084 ], [ -81.211126, 28.348083 ], [ -81.206645, 28.348082 ], [ -81.198247, 28.348107 ], [ -81.174444, 28.348181 ], [ -81.174347, 28.348181 ], [ -81.174278, 28.348181 ], [ -81.1742, 28.348182 ], [ -81.174128, 28.348181 ], [ -81.174055, 28.348181 ], [ -81.165532, 28.348185 ], [ -81.164418, 28.348186 ], [ -81.16396, 28.348186 ], [ -81.163502, 28.348186 ], [ -81.162389, 28.348187 ], [ -81.145094, 28.348189 ], [ -81.142775, 28.348189 ], [ -81.142123, 28.348189 ], [ -81.141472, 28.348189 ], [ -81.139532, 28.348189 ], [ -81.139242, 28.348189 ], [ -81.13838, 28.348189 ], [ -81.137518, 28.348189 ], [ -81.130867, 28.34819 ], [ -81.127843, 28.348189 ], [ -81.125195, 28.348188 ], [ -81.124622, 28.348186 ], [ -81.122062, 28.348178 ], [ -81.118812, 28.348169 ], [ -81.115565, 28.348164 ], [ -81.105888, 28.348137 ], [ -81.101256, 28.348125 ], [ -81.100293, 28.348122 ], [ -81.099644, 28.34812 ], [ -81.099287, 28.348118 ], [ -81.098928, 28.348118 ], [ -81.09865, 28.348117 ], [ -81.09708, 28.348113 ], [ -81.095668, 28.348107 ], [ -81.094885, 28.348105 ], [ -81.094674, 28.348105 ], [ -81.094623, 28.348105 ], [ -81.093998, 28.348104 ], [ -81.093374, 28.348102 ], [ -81.093116, 28.348101 ], [ -81.092277, 28.348099 ], [ -81.091764, 28.348098 ], [ -81.091252, 28.348096 ], [ -81.088798, 28.34809 ], [ -81.088442, 28.348089 ], [ -81.087842, 28.348088 ], [ -81.086885, 28.348085 ], [ -81.086286, 28.348081 ], [ -81.085686, 28.348077 ], [ -81.074144, 28.348003 ], [ -81.07387, 28.348002 ], [ -81.07336, 28.347999 ], [ -81.07285, 28.347996 ], [ -81.072235, 28.347993 ], [ -81.071722, 28.347989 ], [ -81.07121, 28.347986 ], [ -81.06798, 28.347966 ], [ -81.06565, 28.347952 ], [ -81.063319, 28.347937 ], [ -81.058988, 28.34791 ], [ -81.058642, 28.347908 ], [ -81.058295, 28.347906 ], [ -81.058002, 28.347904 ], [ -81.056622, 28.347895 ], [ -81.055243, 28.347886 ], [ -81.050225, 28.347855 ], [ -81.048926, 28.347847 ], [ -81.047628, 28.347839 ], [ -81.042593, 28.347807 ], [ -81.0423, 28.347805 ], [ -81.042006, 28.347803 ], [ -81.03622, 28.347767 ], [ -81.035924, 28.347765 ], [ -81.034712, 28.347758 ], [ -81.033205, 28.347748 ], [ -81.03211, 28.347741 ], [ -81.031698, 28.347738 ], [ -81.031285, 28.347736 ], [ -81.026207, 28.347704 ], [ -81.025728, 28.347701 ], [ -81.025248, 28.347698 ], [ -81.023184, 28.347685 ], [ -81.022436, 28.347709 ], [ -81.017484, 28.347902 ], [ -81.016135, 28.347955 ], [ -81.01557, 28.347977 ], [ -81.015004, 28.347999 ], [ -81.010919, 28.348156 ], [ -81.010139, 28.348186 ], [ -81.009359, 28.348216 ], [ -81.000385, 28.34856 ], [ -80.999783, 28.348584 ], [ -80.994683, 28.348484 ], [ -80.994362, 28.348479 ], [ -80.995464, 28.347657 ], [ -80.995573, 28.347577 ], [ -80.995551, 28.346163 ], [ -80.995451, 28.344204 ], [ -80.99545, 28.343591 ], [ -80.99545, 28.343351 ], [ -80.995406, 28.34268 ], [ -80.995402, 28.342219 ], [ -80.995401, 28.342182 ], [ -80.9954, 28.342072 ], [ -80.9954, 28.342036 ], [ -80.995362, 28.341442 ], [ -80.995337, 28.340526 ], [ -80.995292, 28.338789 ], [ -80.99526, 28.336687 ], [ -80.995263, 28.335994 ], [ -80.995271, 28.334503 ], [ -80.99527, 28.334484 ], [ -80.995227, 28.333033 ], [ -80.995239, 28.332472 ], [ -80.995208, 28.332175 ], [ -80.995294, 28.331344 ], [ -80.995387, 28.330601 ], [ -80.995419, 28.330233 ], [ -80.995431, 28.330095 ], [ -80.99543, 28.32966 ], [ -80.995362, 28.329165 ], [ -80.995349, 28.32878 ], [ -80.995207, 28.319078 ], [ -80.995151, 28.318666 ], [ -80.995082, 28.318501 ], [ -80.995026, 28.318357 ], [ -80.994827, 28.31816 ], [ -80.994603, 28.317895 ], [ -80.994448, 28.317741 ], [ -80.994323, 28.317554 ], [ -80.994248, 28.317301 ], [ -80.994204, 28.316223 ], [ -80.994279, 28.315606 ], [ -80.994372, 28.315221 ], [ -80.994539, 28.314951 ], [ -80.994639, 28.314737 ], [ -80.994702, 28.314486 ], [ -80.994707, 28.314467 ], [ -80.994794, 28.31423 ], [ -80.995198, 28.313509 ], [ -80.995241, 28.313388 ], [ -80.99522, 28.308733 ], [ -80.995187, 28.304931 ], [ -80.995208, 28.301422 ], [ -80.99521, 28.301255 ], [ -80.995279, 28.297025 ], [ -80.995288, 28.296473 ], [ -80.995286, 28.29624 ], [ -80.995268, 28.293886 ], [ -80.995263, 28.293102 ], [ -80.995255, 28.292109 ], [ -80.995267, 28.289449 ], [ -80.995277, 28.287421 ], [ -80.995263, 28.284587 ], [ -80.995256, 28.282336 ], [ -80.995207, 28.279311 ], [ -80.995198, 28.278748 ], [ -80.995195, 28.278493 ], [ -80.995165, 28.274841 ], [ -80.989501, 28.274806 ], [ -80.98663, 28.274789 ], [ -80.985529, 28.274788 ], [ -80.982714, 28.274785 ], [ -80.980232, 28.274767 ], [ -80.972725, 28.274714 ], [ -80.970954, 28.274701 ], [ -80.970133, 28.274701 ], [ -80.97013, 28.272846 ], [ -80.970108, 28.270507 ], [ -80.9701, 28.268102 ], [ -80.970077, 28.265796 ], [ -80.970079, 28.263231 ], [ -80.970092, 28.260965 ], [ -80.970094, 28.259497 ], [ -80.970059, 28.259401 ], [ -80.970059, 28.25905 ], [ -80.970095, 28.258996 ], [ -80.9701, 28.256921 ], [ -80.970115, 28.255876 ], [ -80.970077, 28.255588 ], [ -80.969963, 28.255397 ], [ -80.96952, 28.254924 ], [ -80.969413, 28.254791 ], [ -80.969329, 28.254533 ], [ -80.96939, 28.254224 ], [ -80.969856, 28.253295 ], [ -80.970046, 28.252799 ], [ -80.970092, 28.252496 ], [ -80.970054, 28.251533 ], [ -80.970095, 28.250001 ], [ -80.970112, 28.246502 ], [ -80.970131, 28.246023 ], [ -80.970068, 28.24588 ], [ -80.970081, 28.245753 ], [ -80.970087, 28.244251 ], [ -80.970111, 28.243536 ], [ -80.970092, 28.241488 ], [ -80.970095, 28.241065 ], [ -80.970153, 28.241062 ], [ -80.970147, 28.239458 ], [ -80.970152, 28.238667 ], [ -80.970165, 28.237075 ], [ -80.970165, 28.235298 ], [ -80.970163, 28.235161 ], [ -80.970152, 28.234351 ], [ -80.970182, 28.232117 ], [ -80.970176, 28.231485 ], [ -80.970176, 28.231446 ], [ -80.970182, 28.229613 ], [ -80.970181, 28.229091 ], [ -80.971151, 28.229211 ], [ -80.972164, 28.229305 ], [ -80.972561, 28.229321 ], [ -80.97312, 28.229326 ], [ -80.974941, 28.22926 ], [ -80.975836, 28.229276 ], [ -80.976308, 28.22932 ], [ -80.9765, 28.229348 ], [ -80.976563, 28.229353 ], [ -80.976879, 28.22943 ], [ -80.977352, 28.229595 ], [ -80.977625, 28.229705 ], [ -80.977917, 28.229848 ], [ -80.978128, 28.229974 ], [ -80.97834, 28.230145 ], [ -80.978794, 28.230646 ], [ -80.979024, 28.230937 ], [ -80.979185, 28.231102 ], [ -80.979304, 28.231194 ], [ -80.97957, 28.231328 ], [ -80.979657, 28.231355 ], [ -80.979683, 28.231366 ], [ -80.979825, 28.231427 ], [ -80.980173, 28.231515 ], [ -80.980534, 28.231569 ], [ -80.981112, 28.231679 ], [ -80.98135, 28.231695 ], [ -80.981596, 28.231685 ], [ -80.981789, 28.231641 ], [ -80.981907, 28.231602 ], [ -80.982081, 28.231734 ], [ -80.982168, 28.231877 ], [ -80.982243, 28.232097 ], [ -80.982392, 28.232603 ], [ -80.982554, 28.23328 ], [ -80.982722, 28.233814 ], [ -80.982778, 28.233919 ], [ -80.982852, 28.234056 ], [ -80.982875, 28.234117 ], [ -80.983114, 28.23476 ], [ -80.983387, 28.235536 ], [ -80.983493, 28.235767 ], [ -80.983642, 28.236048 ], [ -80.98381, 28.2364 ], [ -80.984046, 28.236592 ], [ -80.984301, 28.236867 ], [ -80.984724, 28.237065 ], [ -80.985134, 28.237236 ], [ -80.985289, 28.237406 ], [ -80.985302, 28.237583 ], [ -80.985308, 28.238083 ], [ -80.985259, 28.238243 ], [ -80.98524, 28.238601 ], [ -80.985253, 28.238909 ], [ -80.98529, 28.23909 ], [ -80.985309, 28.239277 ], [ -80.985608, 28.240125 ], [ -80.985639, 28.240306 ], [ -80.985664, 28.240388 ], [ -80.985869, 28.241044 ], [ -80.985888, 28.241253 ], [ -80.985888, 28.241418 ], [ -80.986006, 28.241874 ], [ -80.986025, 28.242287 ], [ -80.986169, 28.242845 ], [ -80.986305, 28.243195 ], [ -80.986336, 28.243305 ], [ -80.986361, 28.243498 ], [ -80.986504, 28.243971 ], [ -80.987232, 28.245495 ], [ -80.994428, 28.245564 ], [ -80.995068, 28.245899 ], [ -80.995503, 28.246058 ], [ -80.995594, 28.246071 ], [ -80.996298, 28.245355 ], [ -80.998413, 28.243211 ], [ -80.999118, 28.242496 ], [ -80.999237, 28.242376 ], [ -80.999264, 28.24235 ], [ -80.999409, 28.242204 ], [ -80.999561, 28.242052 ], [ -80.999593, 28.242019 ], [ -80.999713, 28.2419 ], [ -81.001918, 28.239672 ], [ -81.003958, 28.237612 ], [ -81.008535, 28.232989 ], [ -81.010741, 28.230762 ], [ -81.014604, 28.226873 ], [ -81.014685, 28.226764 ], [ -81.019556, 28.221845 ], [ -81.019744, 28.221657 ], [ -81.019986, 28.221413 ], [ -81.020228, 28.221169 ], [ -81.02404, 28.21732 ], [ -81.025819, 28.215524 ], [ -81.031685, 28.209603 ], [ -81.03201, 28.209276 ], [ -81.032334, 28.208948 ], [ -81.034118, 28.207147 ], [ -81.034173, 28.207091 ], [ -81.034344, 28.206919 ], [ -81.034569, 28.206691 ], [ -81.035453, 28.205799 ], [ -81.035495, 28.205755 ], [ -81.035646, 28.205604 ], [ -81.036596, 28.204645 ], [ -81.037545, 28.203687 ], [ -81.039045, 28.202173 ], [ -81.039108, 28.202109 ], [ -81.039224, 28.201992 ], [ -81.03934, 28.201875 ], [ -81.041827, 28.199362 ], [ -81.043056, 28.198122 ], [ -81.043176, 28.198 ], [ -81.043297, 28.197878 ], [ -81.043411, 28.197762 ], [ -81.043526, 28.197647 ], [ -81.049604, 28.191508 ], [ -81.050174, 28.190931 ], [ -81.050225, 28.190881 ], [ -81.050391, 28.190713 ], [ -81.050557, 28.190545 ], [ -81.050912, 28.190186 ], [ -81.051268, 28.189827 ], [ -81.052244, 28.188841 ], [ -81.052392, 28.188692 ], [ -81.052539, 28.188543 ], [ -81.05267, 28.18841 ], [ -81.052802, 28.188278 ], [ -81.052957, 28.188121 ], [ -81.052994, 28.188121 ], [ -81.053108, 28.188122 ], [ -81.053146, 28.188123 ], [ -81.059935, 28.188175 ], [ -81.061593, 28.188197 ], [ -81.061829, 28.188224 ], [ -81.061991, 28.188257 ], [ -81.063928, 28.189028 ], [ -81.06504, 28.18949 ], [ -81.065723, 28.189716 ], [ -81.066376, 28.189881 ], [ -81.066978, 28.189969 ], [ -81.067276, 28.189991 ], [ -81.067537, 28.18998 ], [ -81.076096, 28.189225 ], [ -81.07617, 28.189166 ], [ -81.076325, 28.18917 ], [ -81.076487, 28.189132 ], [ -81.07686, 28.188978 ], [ -81.077189, 28.188746 ], [ -81.077443, 28.188581 ], [ -81.07776, 28.18846 ], [ -81.077953, 28.188422 ], [ -81.080828, 28.188405 ], [ -81.08884, 28.18842 ], [ -81.093809, 28.188446 ], [ -81.094219, 28.18843 ], [ -81.094418, 28.188424 ], [ -81.09538, 28.188435 ], [ -81.095709, 28.188462 ], [ -81.096337, 28.188693 ], [ -81.098328, 28.189619 ], [ -81.100652, 28.190699 ], [ -81.101518, 28.191102 ], [ -81.102847, 28.191696 ], [ -81.103046, 28.191762 ], [ -81.10335, 28.19179 ], [ -81.106462, 28.191816 ], [ -81.108116, 28.191842 ], [ -81.110598, 28.191881 ], [ -81.110679, 28.191895 ], [ -81.11076, 28.191908 ], [ -81.110859, 28.19198 ], [ -81.111046, 28.192266 ], [ -81.114794, 28.19732 ], [ -81.117802, 28.201376 ], [ -81.118138, 28.201926 ], [ -81.118287, 28.202317 ], [ -81.120135, 28.209228 ], [ -81.121953, 28.215819 ], [ -81.122063, 28.21622 ], [ -81.122488, 28.217762 ], [ -81.123116, 28.218488 ], [ -81.123899, 28.219043 ], [ -81.125001, 28.219786 ], [ -81.126671, 28.220871 ], [ -81.128143, 28.221856 ], [ -81.128504, 28.222154 ], [ -81.128888, 28.222649 ], [ -81.129293, 28.223263 ], [ -81.130527, 28.225131 ], [ -81.130732, 28.225401 ], [ -81.130968, 28.22566 ], [ -81.131192, 28.225847 ], [ -81.131533, 28.226089 ], [ -81.131962, 28.226293 ], [ -81.13226, 28.226398 ], [ -81.132863, 28.226563 ], [ -81.134478, 28.226822 ], [ -81.138558, 28.22738 ], [ -81.140529, 28.22765 ], [ -81.142126, 28.227882 ], [ -81.142853, 28.227987 ], [ -81.143377, 28.228063 ], [ -81.145071, 28.228312 ], [ -81.146903, 28.228604 ], [ -81.147096, 28.228626 ], [ -81.147129, 28.228626 ], [ -81.14727, 28.228626 ], [ -81.147518, 28.22861 ], [ -81.148388, 28.228511 ], [ -81.148947, 28.228449 ], [ -81.149538, 28.228385 ], [ -81.150624, 28.228258 ], [ -81.151184, 28.228193 ], [ -81.151444, 28.228164 ], [ -81.15105, 28.227091 ], [ -81.156217, 28.216171 ], [ -81.156776, 28.215925 ], [ -81.157358, 28.215657 ], [ -81.158543, 28.215187 ], [ -81.160376, 28.212918 ], [ -81.16203, 28.210392 ], [ -81.162455, 28.209698 ], [ -81.162567, 28.209184 ], [ -81.162545, 28.208536 ], [ -81.162209, 28.207887 ], [ -81.16127, 28.206725 ], [ -81.160711, 28.206211 ], [ -81.159549, 28.205205 ], [ -81.160063, 28.20488 ], [ -81.170543, 28.206429 ], [ -81.169255, 28.204373 ], [ -81.16891, 28.203816 ], [ -81.166667, 28.200196 ], [ -81.166248, 28.19953 ], [ -81.165872, 28.198982 ], [ -81.16555, 28.198564 ], [ -81.165013, 28.197973 ], [ -81.164594, 28.197554 ], [ -81.164057, 28.197103 ], [ -81.163456, 28.196631 ], [ -81.162726, 28.196126 ], [ -81.161953, 28.195696 ], [ -81.160524, 28.194977 ], [ -81.159651, 28.194537 ], [ -81.159053, 28.194236 ], [ -81.15596, 28.192679 ], [ -81.149206, 28.189264 ], [ -81.146336, 28.187805 ], [ -81.146135, 28.187703 ], [ -81.146053, 28.187661 ], [ -81.143987, 28.186611 ], [ -81.141828, 28.185537 ], [ -81.140529, 28.184871 ], [ -81.139648, 28.184399 ], [ -81.138832, 28.183905 ], [ -81.138501, 28.183691 ], [ -81.138252, 28.183529 ], [ -81.137608, 28.183035 ], [ -81.13706, 28.182552 ], [ -81.136706, 28.182251 ], [ -81.136255, 28.181822 ], [ -81.135857, 28.181414 ], [ -81.135374, 28.180898 ], [ -81.13522, 28.180715 ], [ -81.135429, 28.18062 ], [ -81.135019, 28.180127 ], [ -81.134362, 28.179224 ], [ -81.133885, 28.178485 ], [ -81.13354, 28.177885 ], [ -81.133328, 28.177516 ], [ -81.132949, 28.176875 ], [ -81.132415, 28.175914 ], [ -81.131766, 28.174805 ], [ -81.131143, 28.173689 ], [ -81.130485, 28.172604 ], [ -81.12988, 28.171719 ], [ -81.129269, 28.170978 ], [ -81.12821, 28.169804 ], [ -81.127676, 28.169302 ], [ -81.126977, 28.168687 ], [ -81.126625, 28.168411 ], [ -81.126329, 28.168197 ], [ -81.126062, 28.167988 ], [ -81.125822, 28.167807 ], [ -81.124756, 28.167002 ], [ -81.116692, 28.160913 ], [ -81.115113, 28.159684 ], [ -81.112419, 28.157647 ], [ -81.110358, 28.156103 ], [ -81.108616, 28.154789 ], [ -81.106801, 28.153425 ], [ -81.105232, 28.1523 ], [ -81.104633, 28.151897 ], [ -81.103852, 28.151421 ], [ -81.102875, 28.150854 ], [ -81.100904, 28.149828 ], [ -81.100099, 28.14945 ], [ -81.098875, 28.148932 ], [ -81.097832, 28.148481 ], [ -81.095646, 28.147561 ], [ -81.094522, 28.147084 ], [ -81.092386, 28.146197 ], [ -81.092359, 28.146186 ], [ -81.091808, 28.145951 ], [ -81.091327, 28.14577 ], [ -81.090941, 28.145639 ], [ -81.090841, 28.145607 ], [ -81.101823, 28.139272 ], [ -81.107345, 28.136025 ], [ -81.121871, 28.12774 ], [ -81.128489, 28.123714 ], [ -81.130644, 28.122568 ], [ -81.130793, 28.122568 ], [ -81.130998, 28.122518 ], [ -81.131175, 28.122454 ], [ -81.131227, 28.122436 ], [ -81.132407, 28.122337 ], [ -81.132668, 28.122266 ], [ -81.133208, 28.12209 ], [ -81.134027, 28.121799 ], [ -81.13502, 28.121469 ], [ -81.135244, 28.121441 ], [ -81.135616, 28.121458 ], [ -81.138478, 28.121377 ], [ -81.139812, 28.121509 ], [ -81.141842, 28.121675 ], [ -81.142196, 28.121659 ], [ -81.143282, 28.121417 ], [ -81.143549, 28.121323 ], [ -81.143754, 28.12123 ], [ -81.144058, 28.120911 ], [ -81.144704, 28.12008 ], [ -81.145076, 28.119634 ], [ -81.145337, 28.119255 ], [ -81.145437, 28.119095 ], [ -81.145486, 28.118996 ], [ -81.145741, 28.118528 ], [ -81.146523, 28.117224 ], [ -81.147194, 28.116856 ], [ -81.149205, 28.115817 ], [ -81.150112, 28.115388 ], [ -81.150751, 28.115135 ], [ -81.151812, 28.114794 ], [ -81.152309, 28.114651 ], [ -81.152781, 28.114557 ], [ -81.153383, 28.114486 ], [ -81.153768, 28.114469 ], [ -81.154394, 28.114371 ], [ -81.155071, 28.114277 ], [ -81.155325, 28.11425 ], [ -81.156306, 28.114376 ], [ -81.15671, 28.114481 ], [ -81.156778, 28.114531 ], [ -81.156833, 28.114679 ], [ -81.156858, 28.114872 ], [ -81.156777, 28.116292 ], [ -81.156777, 28.116704 ], [ -81.156821, 28.116958 ], [ -81.156988, 28.117189 ], [ -81.157757, 28.117745 ], [ -81.1579, 28.117932 ], [ -81.157924, 28.117988 ], [ -81.157962, 28.118075 ], [ -81.157801, 28.118867 ], [ -81.157192, 28.119423 ], [ -81.15646, 28.120314 ], [ -81.155671, 28.121338 ], [ -81.156099, 28.121767 ], [ -81.156552, 28.122086 ], [ -81.156639, 28.122229 ], [ -81.156943, 28.122449 ], [ -81.157502, 28.122708 ], [ -81.157917, 28.122961 ], [ -81.157987, 28.12296 ], [ -81.160698, 28.122929 ], [ -81.160735, 28.123061 ], [ -81.16081, 28.123463 ], [ -81.160847, 28.123765 ], [ -81.161095, 28.124079 ], [ -81.161474, 28.124475 ], [ -81.16189, 28.124991 ], [ -81.161895, 28.124999 ], [ -81.162218, 28.125566 ], [ -81.162615, 28.126193 ], [ -81.162931, 28.126623 ], [ -81.163211, 28.126881 ], [ -81.163447, 28.127008 ], [ -81.163794, 28.127217 ], [ -81.164409, 28.12763 ], [ -81.164874, 28.128059 ], [ -81.165203, 28.128423 ], [ -81.165637, 28.12894 ], [ -81.165973, 28.129369 ], [ -81.16627, 28.129655 ], [ -81.166612, 28.129936 ], [ -81.166723, 28.130123 ], [ -81.167363, 28.130195 ], [ -81.167766, 28.130101 ], [ -81.168089, 28.130162 ], [ -81.168461, 28.130333 ], [ -81.168809, 28.130454 ], [ -81.170243, 28.130525 ], [ -81.171162, 28.130559 ], [ -81.172087, 28.130553 ], [ -81.172484, 28.130559 ], [ -81.172701, 28.130542 ], [ -81.172869, 28.130498 ], [ -81.172993, 28.130427 ], [ -81.174663, 28.130889 ], [ -81.175401, 28.130994 ], [ -81.176004, 28.131093 ], [ -81.176413, 28.13119 ], [ -81.177257, 28.13139 ], [ -81.177907, 28.131563 ], [ -81.176275, 28.143706 ], [ -81.176289, 28.144306 ], [ -81.176046, 28.173401 ], [ -81.181662, 28.174759 ], [ -81.181619, 28.175463 ], [ -81.181588, 28.17713 ], [ -81.179222, 28.179337 ], [ -81.176712, 28.181747 ], [ -81.174619, 28.182033 ], [ -81.174632, 28.182462 ], [ -81.174582, 28.182589 ], [ -81.174345, 28.18283 ], [ -81.173321, 28.183871 ], [ -81.173296, 28.183964 ], [ -81.173294, 28.184332 ], [ -81.17329, 28.185577 ], [ -81.173407, 28.191184 ], [ -81.173486, 28.192815 ], [ -81.173523, 28.193553 ], [ -81.17355, 28.194095 ], [ -81.173109, 28.194013 ], [ -81.172804, 28.194013 ], [ -81.17255, 28.194073 ], [ -81.172425, 28.194156 ], [ -81.172413, 28.194392 ], [ -81.17232, 28.194475 ], [ -81.172134, 28.194689 ], [ -81.171984, 28.194733 ], [ -81.171637, 28.194733 ], [ -81.171519, 28.194783 ], [ -81.171531, 28.195674 ], [ -81.170349, 28.195687 ], [ -81.169543, 28.195696 ], [ -81.169282, 28.195699 ], [ -81.168499, 28.195708 ], [ -81.168239, 28.195712 ], [ -81.165231, 28.19578 ], [ -81.164688, 28.195853 ], [ -81.164245, 28.195964 ], [ -81.163925, 28.196124 ], [ -81.163734, 28.196278 ], [ -81.163594, 28.196448 ], [ -81.163963, 28.196719 ], [ -81.164505, 28.197195 ], [ -81.165097, 28.19777 ], [ -81.165664, 28.198419 ], [ -81.166091, 28.198953 ], [ -81.166731, 28.199914 ], [ -81.167577, 28.201269 ], [ -81.168596, 28.202941 ], [ -81.179402, 28.203181 ], [ -81.190494, 28.203181 ], [ -81.190314, 28.203313 ], [ -81.189749, 28.203533 ], [ -81.189482, 28.203797 ], [ -81.189214, 28.204095 ], [ -81.188537, 28.204738 ], [ -81.188158, 28.20486 ], [ -81.187593, 28.204948 ], [ -81.187214, 28.204948 ], [ -81.186823, 28.204766 ], [ -81.18632, 28.204584 ], [ -81.18622, 28.204557 ], [ -81.186127, 28.204507 ], [ -81.185711, 28.204386 ], [ -81.185376, 28.204265 ], [ -81.185289, 28.20426 ], [ -81.185208, 28.204276 ], [ -81.185121, 28.204315 ], [ -81.185059, 28.20437 ], [ -81.184959, 28.204529 ], [ -81.184903, 28.204667 ], [ -81.18486, 28.204892 ], [ -81.18481, 28.205003 ], [ -81.184736, 28.205096 ], [ -81.18468, 28.205146 ], [ -81.18458, 28.205195 ], [ -81.184481, 28.205223 ], [ -81.184251, 28.205261 ], [ -81.183953, 28.205234 ], [ -81.183866, 28.205206 ], [ -81.183785, 28.205168 ], [ -81.183649, 28.20514 ], [ -81.183406, 28.205129 ], [ -81.18332, 28.205102 ], [ -81.183233, 28.205094 ], [ -81.183164, 28.20508 ], [ -81.183071, 28.205052 ], [ -81.182959, 28.204992 ], [ -81.182847, 28.204865 ], [ -81.182698, 28.204716 ], [ -81.182562, 28.204639 ], [ -81.182493, 28.204634 ], [ -81.182413, 28.204612 ], [ -81.182177, 28.204634 ], [ -81.181978, 28.204689 ], [ -81.181661, 28.204832 ], [ -81.181518, 28.204876 ], [ -81.18127, 28.204975 ], [ -81.181121, 28.205024 ], [ -81.180506, 28.205173 ], [ -81.180344, 28.205201 ], [ -81.180207, 28.205234 ], [ -81.180102, 28.205272 ], [ -81.179766, 28.205349 ], [ -81.179667, 28.205382 ], [ -81.17917, 28.205613 ], [ -81.179095, 28.205635 ], [ -81.179002, 28.205679 ], [ -81.178853, 28.205811 ], [ -81.178828, 28.205888 ], [ -81.178816, 28.205993 ], [ -81.178828, 28.206081 ], [ -81.178866, 28.206191 ], [ -81.179027, 28.206312 ], [ -81.179617, 28.206549 ], [ -81.179822, 28.206615 ], [ -81.180114, 28.20667 ], [ -81.180679, 28.206758 ], [ -81.181245, 28.20689 ], [ -81.181384, 28.20689 ], [ -81.181506, 28.20689 ], [ -81.181711, 28.206901 ], [ -81.182108, 28.206956 ], [ -81.182363, 28.207077 ], [ -81.182767, 28.207099 ], [ -81.18299, 28.207077 ], [ -81.183282, 28.206989 ], [ -81.183419, 28.207011 ], [ -81.183779, 28.20711 ], [ -81.184357, 28.207308 ], [ -81.184649, 28.207435 ], [ -81.184773, 28.207501 ], [ -81.185065, 28.207616 ], [ -81.185605, 28.207798 ], [ -81.186009, 28.207886 ], [ -81.18627, 28.20787 ], [ -81.186425, 28.20782 ], [ -81.186599, 28.207743 ], [ -81.186823, 28.207677 ], [ -81.186947, 28.207671 ], [ -81.187065, 28.207694 ], [ -81.187171, 28.207738 ], [ -81.187301, 28.207864 ], [ -81.187432, 28.208211 ], [ -81.187463, 28.208403 ], [ -81.1875, 28.208557 ], [ -81.187537, 28.208662 ], [ -81.187575, 28.209036 ], [ -81.187581, 28.209432 ], [ -81.187575, 28.209592 ], [ -81.187475, 28.209933 ], [ -81.187419, 28.21006 ], [ -81.187258, 28.209823 ], [ -81.187084, 28.209537 ], [ -81.186817, 28.209251 ], [ -81.186407, 28.209091 ], [ -81.186342, 28.20914 ], [ -81.186109, 28.209317 ], [ -81.186121, 28.209641 ], [ -81.18622, 28.209878 ], [ -81.186407, 28.210236 ], [ -81.18655, 28.210483 ], [ -81.186711, 28.210693 ], [ -81.186755, 28.211006 ], [ -81.186786, 28.211331 ], [ -81.186748, 28.211606 ], [ -81.186773, 28.211892 ], [ -81.186935, 28.212118 ], [ -81.186952, 28.212133 ], [ -81.18714, 28.212299 ], [ -81.187295, 28.212366 ], [ -81.187419, 28.21242 ], [ -81.187593, 28.212547 ], [ -81.187469, 28.212574 ], [ -81.187171, 28.21258 ], [ -81.187071, 28.212729 ], [ -81.18709, 28.212949 ], [ -81.187104, 28.213033 ], [ -81.18714, 28.213235 ], [ -81.187222, 28.213435 ], [ -81.187252, 28.21351 ], [ -81.187357, 28.213697 ], [ -81.187705, 28.213956 ], [ -81.188134, 28.214165 ], [ -81.188177, 28.214269 ], [ -81.188134, 28.214401 ], [ -81.188339, 28.214594 ], [ -81.188525, 28.214974 ], [ -81.188718, 28.21521 ], [ -81.188923, 28.215276 ], [ -81.188923, 28.215326 ], [ -81.188923, 28.215552 ], [ -81.188941, 28.21581 ], [ -81.189382, 28.216575 ], [ -81.190097, 28.217703 ], [ -81.190426, 28.218253 ], [ -81.190551, 28.218672 ], [ -81.190551, 28.218787 ], [ -81.190507, 28.219024 ], [ -81.190519, 28.21926 ], [ -81.190619, 28.219431 ], [ -81.190619, 28.219585 ], [ -81.190731, 28.219745 ], [ -81.190855, 28.219992 ], [ -81.190905, 28.220201 ], [ -81.190855, 28.220333 ], [ -81.190843, 28.220532 ], [ -81.190917, 28.220972 ], [ -81.19106, 28.221368 ], [ -81.191346, 28.221748 ], [ -81.191333, 28.221962 ], [ -81.191315, 28.222056 ], [ -81.191197, 28.222315 ], [ -81.190992, 28.222722 ], [ -81.190969, 28.222772 ], [ -81.190923, 28.222881 ], [ -81.190843, 28.222997 ], [ -81.190352, 28.223509 ], [ -81.190197, 28.223696 ], [ -81.190103, 28.223877 ], [ -81.190023, 28.223982 ], [ -81.189911, 28.224097 ], [ -81.189818, 28.224268 ], [ -81.189693, 28.224609 ], [ -81.189855, 28.224857 ], [ -81.189768, 28.225005 ], [ -81.189762, 28.225027 ], [ -81.189594, 28.225264 ], [ -81.189488, 28.22544 ], [ -81.189408, 28.225633 ], [ -81.189339, 28.225814 ], [ -81.18926, 28.226086 ], [ -81.189041, 28.226854 ], [ -81.188811, 28.227399 ], [ -81.188693, 28.227718 ], [ -81.188594, 28.227938 ], [ -81.188426, 28.228247 ], [ -81.188351, 28.228428 ], [ -81.18832, 28.228566 ], [ -81.188283, 28.22905 ], [ -81.188202, 28.229276 ], [ -81.188159, 28.2295 ], [ -81.188097, 28.229826 ], [ -81.187935, 28.230453 ], [ -81.188066, 28.230613 ], [ -81.188071, 28.230631 ], [ -81.188088, 28.23069 ], [ -81.188128, 28.230822 ], [ -81.188088, 28.230849 ], [ -81.188037, 28.230884 ], [ -81.188016, 28.230899 ], [ -81.188097, 28.231136 ], [ -81.18819, 28.231262 ], [ -81.18832, 28.231658 ], [ -81.188321, 28.231689 ], [ -81.188333, 28.231983 ], [ -81.188687, 28.232638 ], [ -81.188979, 28.232919 ], [ -81.189383, 28.233331 ], [ -81.18983, 28.233595 ], [ -81.18991, 28.233663 ], [ -81.190582, 28.234234 ], [ -81.191036, 28.234377 ], [ -81.191971, 28.234836 ], [ -81.192782, 28.235235 ], [ -81.193049, 28.235428 ], [ -81.193328, 28.235488 ], [ -81.193465, 28.235483 ], [ -81.193583, 28.235505 ], [ -81.193614, 28.235565 ], [ -81.193726, 28.235642 ], [ -81.193944, 28.235703 ], [ -81.194074, 28.235708 ], [ -81.194143, 28.235758 ], [ -81.194422, 28.235901 ], [ -81.195261, 28.236126 ], [ -81.195715, 28.236281 ], [ -81.196031, 28.236346 ], [ -81.19617, 28.236405 ], [ -81.19633, 28.236473 ], [ -81.196696, 28.2366 ], [ -81.196932, 28.236715 ], [ -81.197274, 28.236847 ], [ -81.197546, 28.237031 ], [ -81.197644, 28.237097 ], [ -81.197722, 28.23715 ], [ -81.197815, 28.237287 ], [ -81.197902, 28.237332 ], [ -81.197912, 28.237338 ], [ -81.198008, 28.237388 ], [ -81.198374, 28.237579 ], [ -81.198567, 28.237783 ], [ -81.198666, 28.237843 ], [ -81.198896, 28.237953 ], [ -81.198958, 28.23803 ], [ -81.198983, 28.238151 ], [ -81.19894, 28.238217 ], [ -81.198921, 28.238415 ], [ -81.199039, 28.23852 ], [ -81.199157, 28.238542 ], [ -81.199181, 28.238589 ], [ -81.199194, 28.238613 ], [ -81.199313, 28.238762 ], [ -81.199797, 28.238894 ], [ -81.199984, 28.239037 ], [ -81.200257, 28.23907 ], [ -81.200437, 28.239175 ], [ -81.200586, 28.239235 ], [ -81.200972, 28.239296 ], [ -81.20104, 28.239345 ], [ -81.201332, 28.239367 ], [ -81.201438, 28.239417 ], [ -81.201717, 28.239587 ], [ -81.202339, 28.239708 ], [ -81.202538, 28.239813 ], [ -81.202712, 28.239851 ], [ -81.202879, 28.23967 ], [ -81.203047, 28.239593 ], [ -81.203277, 28.23946 ], [ -81.203333, 28.239328 ], [ -81.203805, 28.239064 ], [ -81.203942, 28.238932 ], [ -81.2041, 28.238711 ], [ -81.204116, 28.23869 ], [ -81.204625, 28.238349 ], [ -81.204656, 28.238305 ], [ -81.204656, 28.238189 ], [ -81.204787, 28.238118 ], [ -81.204942, 28.237952 ], [ -81.205147, 28.237793 ], [ -81.205439, 28.237606 ], [ -81.205511, 28.237529 ], [ -81.205688, 28.237342 ], [ -81.205806, 28.237237 ], [ -81.20582, 28.237235 ], [ -81.205961, 28.237226 ], [ -81.206172, 28.237209 ], [ -81.206197, 28.237138 ], [ -81.206377, 28.237094 ], [ -81.206477, 28.237099 ], [ -81.206607, 28.237039 ], [ -81.206756, 28.236912 ], [ -81.20693, 28.236841 ], [ -81.206977, 28.236826 ], [ -81.207216, 28.236753 ], [ -81.207396, 28.236758 ], [ -81.207415, 28.236708 ], [ -81.207496, 28.236582 ], [ -81.207508, 28.236521 ], [ -81.207502, 28.236411 ], [ -81.207514, 28.236202 ], [ -81.207527, 28.236136 ], [ -81.207564, 28.236037 ], [ -81.207601, 28.235971 ], [ -81.207725, 28.235795 ], [ -81.207946, 28.23563 ], [ -81.20808, 28.235531 ], [ -81.208297, 28.235388 ], [ -81.208521, 28.235168 ], [ -81.208583, 28.235123 ], [ -81.208676, 28.235107 ], [ -81.20875, 28.235107 ], [ -81.20885, 28.235156 ], [ -81.2089, 28.235167 ], [ -81.20898, 28.235173 ], [ -81.209036, 28.235167 ], [ -81.209105, 28.235145 ], [ -81.209192, 28.235057 ], [ -81.209403, 28.23492 ], [ -81.209508, 28.234777 ], [ -81.20967, 28.234523 ], [ -81.20967, 28.23438 ], [ -81.209788, 28.234111 ], [ -81.209894, 28.233924 ], [ -81.209925, 28.23345 ], [ -81.209816, 28.23282 ], [ -81.209806, 28.232757 ], [ -81.209719, 28.232421 ], [ -81.20975, 28.23224 ], [ -81.209881, 28.231827 ], [ -81.209936, 28.231596 ], [ -81.209986, 28.231563 ], [ -81.210148, 28.231458 ], [ -81.210384, 28.231271 ], [ -81.210384, 28.231156 ], [ -81.210322, 28.230952 ], [ -81.210322, 28.230655 ], [ -81.21034, 28.230396 ], [ -81.210439, 28.23011 ], [ -81.210334, 28.229984 ], [ -81.210334, 28.229774 ], [ -81.210421, 28.229626 ], [ -81.210458, 28.229444 ], [ -81.210402, 28.229202 ], [ -81.210303, 28.229015 ], [ -81.210104, 28.228933 ], [ -81.209315, 28.229169 ], [ -81.209147, 28.229131 ], [ -81.20896, 28.229103 ], [ -81.208836, 28.229098 ], [ -81.208613, 28.22907 ], [ -81.208414, 28.22907 ], [ -81.208116, 28.229087 ], [ -81.207954, 28.229114 ], [ -81.207724, 28.229192 ], [ -81.207612, 28.229214 ], [ -81.207333, 28.229197 ], [ -81.206991, 28.229274 ], [ -81.206885, 28.22928 ], [ -81.206811, 28.229269 ], [ -81.206736, 28.229225 ], [ -81.206674, 28.229203 ], [ -81.206581, 28.229192 ], [ -81.206475, 28.229197 ], [ -81.206345, 28.229296 ], [ -81.206202, 28.229329 ], [ -81.206059, 28.229296 ], [ -81.205928, 28.229307 ], [ -81.205959, 28.229159 ], [ -81.206028, 28.229065 ], [ -81.206026, 28.228792 ], [ -81.206022, 28.228014 ], [ -81.205891, 28.227987 ], [ -81.205798, 28.227987 ], [ -81.205618, 28.228014 ], [ -81.205524, 28.228058 ], [ -81.205462, 28.228108 ], [ -81.205195, 28.228372 ], [ -81.205027, 28.228515 ], [ -81.204878, 28.228548 ], [ -81.204785, 28.228526 ], [ -81.204735, 28.228499 ], [ -81.204593, 28.228372 ], [ -81.204512, 28.228273 ], [ -81.204474, 28.228168 ], [ -81.204481, 28.228042 ], [ -81.204505, 28.227992 ], [ -81.204692, 28.22775 ], [ -81.204884, 28.227602 ], [ -81.205009, 28.227547 ], [ -81.205251, 28.227464 ], [ -81.205493, 28.227387 ], [ -81.205729, 28.227376 ], [ -81.206009, 28.227304 ], [ -81.206295, 28.227255 ], [ -81.206748, 28.227161 ], [ -81.207065, 28.227117 ], [ -81.207282, 28.227023 ], [ -81.207345, 28.226979 ], [ -81.207568, 28.22693 ], [ -81.20763, 28.22693 ], [ -81.207705, 28.226946 ], [ -81.20778, 28.226996 ], [ -81.207829, 28.227056 ], [ -81.207829, 28.227145 ], [ -81.207773, 28.227288 ], [ -81.207705, 28.227546 ], [ -81.207687, 28.227931 ], [ -81.207668, 28.22808 ], [ -81.207836, 28.228218 ], [ -81.208097, 28.228339 ], [ -81.208376, 28.228333 ], [ -81.20855, 28.228151 ], [ -81.208786, 28.227865 ], [ -81.208892, 28.227546 ], [ -81.208879, 28.227397 ], [ -81.208973, 28.227326 ], [ -81.209091, 28.227282 ], [ -81.209178, 28.227518 ], [ -81.209227, 28.227573 ], [ -81.209289, 28.227573 ], [ -81.209389, 28.227436 ], [ -81.209463, 28.227298 ], [ -81.209488, 28.227078 ], [ -81.209445, 28.226897 ], [ -81.209457, 28.22683 ], [ -81.209556, 28.226786 ], [ -81.209619, 28.22682 ], [ -81.209687, 28.22693 ], [ -81.209817, 28.227095 ], [ -81.209842, 28.227188 ], [ -81.209842, 28.227249 ], [ -81.209898, 28.227315 ], [ -81.209998, 28.227353 ], [ -81.210209, 28.227353 ], [ -81.210364, 28.227326 ], [ -81.210451, 28.227161 ], [ -81.210495, 28.226995 ], [ -81.210439, 28.226913 ], [ -81.210513, 28.226764 ], [ -81.210669, 28.226654 ], [ -81.210811, 28.226627 ], [ -81.211091, 28.226627 ], [ -81.211277, 28.226671 ], [ -81.211402, 28.226792 ], [ -81.211476, 28.226792 ], [ -81.211545, 28.226742 ], [ -81.211719, 28.226588 ], [ -81.211805, 28.22645 ], [ -81.211886, 28.226274 ], [ -81.211986, 28.226164 ], [ -81.212203, 28.226093 ], [ -81.212458, 28.225933 ], [ -81.212712, 28.225707 ], [ -81.212843, 28.225465 ], [ -81.212818, 28.225229 ], [ -81.212712, 28.225047 ], [ -81.212544, 28.224827 ], [ -81.212321, 28.224805 ], [ -81.212004, 28.224926 ], [ -81.211793, 28.225102 ], [ -81.211451, 28.225185 ], [ -81.211277, 28.225185 ], [ -81.21114, 28.225058 ], [ -81.211066, 28.224882 ], [ -81.21091, 28.224745 ], [ -81.210581, 28.224624 ], [ -81.210482, 28.224613 ], [ -81.210407, 28.224585 ], [ -81.210333, 28.224585 ], [ -81.210239, 28.224552 ], [ -81.210146, 28.224503 ], [ -81.210034, 28.224415 ], [ -81.209985, 28.224398 ], [ -81.209879, 28.224382 ], [ -81.209804, 28.224382 ], [ -81.209724, 28.224365 ], [ -81.209525, 28.224288 ], [ -81.209314, 28.224244 ], [ -81.209158, 28.224288 ], [ -81.20904, 28.224239 ], [ -81.208897, 28.22409 ], [ -81.20881, 28.223859 ], [ -81.208748, 28.223523 ], [ -81.20876, 28.223369 ], [ -81.208897, 28.223177 ], [ -81.209195, 28.223083 ], [ -81.2095, 28.223435 ], [ -81.209779, 28.223611 ], [ -81.209922, 28.223628 ], [ -81.210047, 28.223617 ], [ -81.210239, 28.223562 ], [ -81.210407, 28.223402 ], [ -81.210587, 28.223086 ], [ -81.210624, 28.223022 ], [ -81.210811, 28.222956 ], [ -81.211134, 28.222819 ], [ -81.211687, 28.222565 ], [ -81.211916, 28.222494 ], [ -81.212134, 28.222499 ], [ -81.21232, 28.222466 ], [ -81.21255, 28.222367 ], [ -81.212649, 28.222252 ], [ -81.212618, 28.222153 ], [ -81.212538, 28.222087 ], [ -81.212662, 28.221987 ], [ -81.212861, 28.221855 ], [ -81.213016, 28.221839 ], [ -81.213016, 28.221998 ], [ -81.213084, 28.222097 ], [ -81.213215, 28.222163 ], [ -81.213407, 28.222103 ], [ -81.213544, 28.222004 ], [ -81.213631, 28.221861 ], [ -81.213631, 28.221707 ], [ -81.213594, 28.221575 ], [ -81.213401, 28.221558 ], [ -81.21337, 28.221503 ], [ -81.213494, 28.221305 ], [ -81.213531, 28.221156 ], [ -81.213643, 28.221129 ], [ -81.213811, 28.221145 ], [ -81.213941, 28.221112 ], [ -81.213997, 28.220947 ], [ -81.213898, 28.220832 ], [ -81.213848, 28.220711 ], [ -81.21396, 28.220479 ], [ -81.213767, 28.220116 ], [ -81.213755, 28.219693 ], [ -81.213686, 28.219428 ], [ -81.213556, 28.21928 ], [ -81.213369, 28.219197 ], [ -81.213158, 28.219142 ], [ -81.213077, 28.219038 ], [ -81.213985, 28.219051 ], [ -81.216136, 28.219081 ], [ -81.21671, 28.21909 ], [ -81.217619, 28.219103 ], [ -81.21765, 28.2194 ], [ -81.217681, 28.219576 ], [ -81.217781, 28.219928 ], [ -81.217837, 28.220303 ], [ -81.217843, 28.220446 ], [ -81.217899, 28.220578 ], [ -81.217936, 28.220732 ], [ -81.217978, 28.220804 ], [ -81.217998, 28.220836 ], [ -81.218054, 28.220913 ], [ -81.218154, 28.221023 ], [ -81.218197, 28.2211 ], [ -81.218247, 28.221227 ], [ -81.218309, 28.221508 ], [ -81.218378, 28.221656 ], [ -81.218477, 28.221805 ], [ -81.218707, 28.222228 ], [ -81.219235, 28.222586 ], [ -81.219409, 28.222685 ], [ -81.22018, 28.222877 ], [ -81.220496, 28.222916 ], [ -81.220608, 28.222943 ], [ -81.221149, 28.223026 ], [ -81.221534, 28.223064 ], [ -81.221956, 28.223191 ], [ -81.222139, 28.223258 ], [ -81.222255, 28.223301 ], [ -81.222398, 28.223339 ], [ -81.222764, 28.223174 ], [ -81.222857, 28.223174 ], [ -81.223348, 28.223113 ], [ -81.223547, 28.223047 ], [ -81.223795, 28.222915 ], [ -81.22436, 28.223387 ], [ -81.226057, 28.224803 ], [ -81.226623, 28.225275 ], [ -81.226685, 28.225203 ], [ -81.226766, 28.225154 ], [ -81.226896, 28.225055 ], [ -81.227002, 28.22495 ], [ -81.22735, 28.224713 ], [ -81.227455, 28.224668 ], [ -81.227493, 28.224653 ], [ -81.227592, 28.224631 ], [ -81.227909, 28.224642 ], [ -81.228213, 28.224691 ], [ -81.228418, 28.224713 ], [ -81.22863, 28.224724 ], [ -81.229083, 28.224784 ], [ -81.229611, 28.224894 ], [ -81.229847, 28.22496 ], [ -81.230195, 28.225037 ], [ -81.230425, 28.225098 ], [ -81.230509, 28.225129 ], [ -81.23063, 28.225175 ], [ -81.230997, 28.225274 ], [ -81.231239, 28.225312 ], [ -81.231521, 28.225345 ], [ -81.232258, 28.225433 ], [ -81.232494, 28.225504 ], [ -81.233023, 28.225752 ], [ -81.233296, 28.225895 ], [ -81.233582, 28.226076 ], [ -81.233961, 28.226268 ], [ -81.23421, 28.226445 ], [ -81.234464, 28.226566 ], [ -81.234806, 28.226841 ], [ -81.234955, 28.226984 ], [ -81.23498, 28.227022 ], [ -81.235049, 28.227094 ], [ -81.235198, 28.227215 ], [ -81.235359, 28.227292 ], [ -81.235465, 28.227319 ], [ -81.235844, 28.227363 ], [ -81.235931, 28.227385 ], [ -81.236211, 28.227484 ], [ -81.236341, 28.227561 ], [ -81.236677, 28.22766 ], [ -81.236857, 28.227682 ], [ -81.237124, 28.227737 ], [ -81.237317, 28.227847 ], [ -81.237739, 28.228133 ], [ -81.238728, 28.228974 ], [ -81.239026, 28.229249 ], [ -81.239281, 28.229469 ], [ -81.239545, 28.229724 ], [ -81.239573, 28.22893 ], [ -81.23961, 28.228083 ], [ -81.239603, 28.22767 ], [ -81.239716, 28.227669 ], [ -81.23989, 28.227668 ], [ -81.2399, 28.228134 ], [ -81.239911, 28.228207 ], [ -81.239954, 28.22835 ], [ -81.240025, 28.228484 ], [ -81.24012, 28.228605 ], [ -81.240176, 28.22866 ], [ -81.240304, 28.228756 ], [ -81.240448, 28.228831 ], [ -81.240604, 28.228883 ], [ -81.240685, 28.228899 ], [ -81.240919, 28.228929 ], [ -81.241085, 28.22897 ], [ -81.241243, 28.229032 ], [ -81.241525, 28.229178 ], [ -81.242086, 28.22947 ], [ -81.242155, 28.229518 ], [ -81.242276, 28.229631 ], [ -81.242354, 28.229735 ], [ -81.242452, 28.229906 ], [ -81.242546, 28.230011 ], [ -81.242601, 28.230057 ], [ -81.242725, 28.230134 ], [ -81.242863, 28.230189 ], [ -81.242936, 28.230207 ], [ -81.243086, 28.230224 ], [ -81.243237, 28.230216 ], [ -81.243311, 28.230202 ], [ -81.243383, 28.230182 ], [ -81.243519, 28.230124 ], [ -81.243641, 28.230044 ], [ -81.243694, 28.229997 ], [ -81.243792, 28.230486 ], [ -81.24393, 28.230822 ], [ -81.244095, 28.231275 ], [ -81.244264, 28.231624 ], [ -81.244702, 28.232163 ], [ -81.245334, 28.232923 ], [ -81.245971, 28.233859 ], [ -81.246219, 28.234275 ], [ -81.246432, 28.234702 ], [ -81.246578, 28.235376 ], [ -81.246634, 28.235915 ], [ -81.246612, 28.236488 ], [ -81.246455, 28.237106 ], [ -81.246286, 28.237533 ], [ -81.245994, 28.23814 ], [ -81.245858, 28.2385 ], [ -81.245597, 28.238792 ], [ -81.245729, 28.238854 ], [ -81.24583, 28.238928 ], [ -81.245869, 28.238956 ], [ -81.24618, 28.239189 ], [ -81.246031, 28.239411 ], [ -81.245925, 28.239567 ], [ -81.246339, 28.239569 ], [ -81.247943, 28.239576 ], [ -81.247947, 28.240472 ], [ -81.247841, 28.240473 ], [ -81.247372, 28.240471 ], [ -81.246341, 28.240468 ], [ -81.24588, 28.240466 ], [ -81.245883, 28.241875 ], [ -81.245885, 28.242494 ], [ -81.245887, 28.243164 ], [ -81.24589, 28.243902 ], [ -81.245892, 28.244032 ], [ -81.245894, 28.24408 ], [ -81.246609, 28.244074 ], [ -81.246606, 28.243268 ], [ -81.246607, 28.24316 ], [ -81.246972, 28.243159 ], [ -81.247851, 28.243156 ], [ -81.247962, 28.243156 ], [ -81.247962, 28.243102 ], [ -81.247937, 28.242511 ], [ -81.24793, 28.24232 ], [ -81.247912, 28.241891 ], [ -81.247911, 28.241843 ], [ -81.247887, 28.241236 ], [ -81.24788, 28.241072 ], [ -81.248014, 28.241068 ], [ -81.24887, 28.241072 ], [ -81.248872, 28.241375 ], [ -81.24931, 28.241378 ], [ -81.249307, 28.241722 ], [ -81.249428, 28.241723 ], [ -81.249881, 28.241716 ], [ -81.24995, 28.241716 ], [ -81.249936, 28.238687 ], [ -81.249936, 28.238652 ], [ -81.251201, 28.23866 ], [ -81.25383, 28.238675 ], [ -81.254032, 28.238676 ], [ -81.254034, 28.239005 ], [ -81.254035, 28.239207 ], [ -81.254037, 28.239583 ], [ -81.255737, 28.239593 ], [ -81.256058, 28.239597 ], [ -81.256046, 28.23996 ], [ -81.256046, 28.24008 ], [ -81.256047, 28.240441 ], [ -81.256047, 28.240512 ], [ -81.256048, 28.240562 ], [ -81.256048, 28.240626 ], [ -81.256048, 28.240644 ], [ -81.256047, 28.240821 ], [ -81.256047, 28.240886 ], [ -81.256046, 28.240981 ], [ -81.256045, 28.241147 ], [ -81.256045, 28.241209 ], [ -81.256045, 28.241266 ], [ -81.256045, 28.241362 ], [ -81.256044, 28.241668 ], [ -81.256044, 28.241714 ], [ -81.25604, 28.242773 ], [ -81.25604, 28.243126 ], [ -81.256039, 28.243692 ], [ -81.256039, 28.245393 ], [ -81.256039, 28.245919 ], [ -81.256039, 28.246136 ], [ -81.256039, 28.246182 ], [ -81.256045, 28.246549 ], [ -81.256045, 28.246847 ], [ -81.256046, 28.24707 ], [ -81.256093, 28.24749 ], [ -81.256101, 28.248136 ], [ -81.256099, 28.248762 ], [ -81.2561, 28.249411 ], [ -81.256104, 28.249558 ], [ -81.256049, 28.249558 ], [ -81.255657, 28.249583 ], [ -81.255104, 28.24957 ], [ -81.254483, 28.249556 ], [ -81.254133, 28.249548 ], [ -81.254134, 28.24962 ], [ -81.254132, 28.250248 ], [ -81.254126, 28.251531 ], [ -81.254118, 28.253519 ], [ -81.254357, 28.253402 ], [ -81.25454, 28.253297 ], [ -81.254832, 28.253175 ], [ -81.255142, 28.253008 ], [ -81.2556, 28.252716 ], [ -81.255751, 28.252654 ], [ -81.25589, 28.25265 ], [ -81.256, 28.252636 ], [ -81.256084, 28.252627 ], [ -81.256241, 28.252629 ], [ -81.256331, 28.252652 ], [ -81.25644, 28.252637 ], [ -81.256579, 28.25264 ], [ -81.256917, 28.252624 ], [ -81.257044, 28.252605 ], [ -81.257188, 28.252639 ], [ -81.257309, 28.252683 ], [ -81.257398, 28.252743 ], [ -81.257481, 28.252846 ], [ -81.257565, 28.252918 ], [ -81.257642, 28.25302 ], [ -81.257682, 28.253112 ], [ -81.257722, 28.253262 ], [ -81.257766, 28.253578 ], [ -81.257799, 28.253733 ], [ -81.257857, 28.253911 ], [ -81.257963, 28.254099 ], [ -81.258027, 28.254191 ], [ -81.25811, 28.254348 ], [ -81.258251, 28.254569 ], [ -81.258334, 28.254656 ], [ -81.258442, 28.254749 ], [ -81.258513, 28.254851 ], [ -81.258644, 28.254944 ], [ -81.258642, 28.255035 ], [ -81.25869, 28.25519 ], [ -81.2587, 28.255202 ], [ -81.260168, 28.255521 ], [ -81.260189, 28.255805 ], [ -81.260197, 28.255903 ], [ -81.260402, 28.255892 ], [ -81.260956, 28.255886 ], [ -81.261242, 28.255884 ], [ -81.261446, 28.255882 ], [ -81.261761, 28.255922 ], [ -81.262602, 28.256031 ], [ -81.262838, 28.255965 ], [ -81.26295, 28.255921 ], [ -81.263261, 28.255756 ], [ -81.263273, 28.25575 ], [ -81.26341, 28.255657 ], [ -81.263503, 28.255607 ], [ -81.263725, 28.255522 ], [ -81.263802, 28.255492 ], [ -81.26392, 28.255508 ], [ -81.264044, 28.255596 ], [ -81.264069, 28.255712 ] ] ] ] } },
{ "type": "Feature", "properties": { "ZCTA5CE20": "32819", "GEOID20": "32819", "GEOIDFQ20": "860Z200US32819", "CLASSFP20": "B5", "MTFCC20": "G6350", "FUNCSTAT20": "S", "ALAND20": 53525936, "AWATER20": 8640022, "INTPTLAT20": "+28.4537047", "INTPTLON20": "-081.4723726" }, "geometry": { "type": "MultiPolygon", "coordinates": [ [ [ [ -81.536351, 28.452848 ], [ -81.536233, 28.452831 ], [ -81.536133, 28.452793 ], [ -81.535959, 28.452787 ], [ -81.535784, 28.452809 ], [ -81.535417, 28.453145 ], [ -81.535317, 28.453194 ], [ -81.535255, 28.453326 ], [ -81.53528, 28.453475 ], [ -81.535224, 28.453634 ], [ -81.534707, 28.453711 ], [ -81.534533, 28.453706 ], [ -81.534396, 28.453557 ], [ -81.53414, 28.453541 ], [ -81.533941, 28.453546 ], [ -81.533786, 28.45359 ], [ -81.533524, 28.453865 ], [ -81.533362, 28.454096 ], [ -81.533206, 28.454256 ], [ -81.533013, 28.454338 ], [ -81.532789, 28.454333 ], [ -81.532621, 28.454316 ], [ -81.532534, 28.454256 ], [ -81.532602, 28.454096 ], [ -81.532603, 28.453997 ], [ -81.532459, 28.453898 ], [ -81.532229, 28.453815 ], [ -81.531818, 28.453771 ], [ -81.531476, 28.453755 ], [ -81.531214, 28.453771 ], [ -81.530977, 28.453799 ], [ -81.530803, 28.453837 ], [ -81.530679, 28.453909 ], [ -81.530535, 28.454041 ], [ -81.530498, 28.454063 ], [ -81.529776, 28.454084 ], [ -81.52939, 28.454139 ], [ -81.529041, 28.454216 ], [ -81.528051, 28.454568 ], [ -81.527758, 28.454695 ], [ -81.527472, 28.454761 ], [ -81.5266, 28.454882 ], [ -81.526382, 28.454997 ], [ -81.526139, 28.455063 ], [ -81.52589, 28.455112 ], [ -81.525567, 28.455145 ], [ -81.52533, 28.455151 ], [ -81.525, 28.455266 ], [ -81.524882, 28.455349 ], [ -81.524844, 28.455448 ], [ -81.524832, 28.455607 ], [ -81.524875, 28.455734 ], [ -81.524987, 28.455905 ], [ -81.525068, 28.456114 ], [ -81.525199, 28.456312 ], [ -81.52528, 28.456565 ], [ -81.525653, 28.457374 ], [ -81.525852, 28.457875 ], [ -81.525902, 28.458194 ], [ -81.526026, 28.458711 ], [ -81.526051, 28.458992 ], [ -81.526095, 28.459184 ], [ -81.526163, 28.459377 ], [ -81.5263, 28.45963 ], [ -81.526704, 28.460219 ], [ -81.526972, 28.460555 ], [ -81.527152, 28.460808 ], [ -81.527271, 28.461039 ], [ -81.527408, 28.461353 ], [ -81.52752, 28.461562 ], [ -81.5277, 28.461843 ], [ -81.527812, 28.46198 ], [ -81.527974, 28.462079 ], [ -81.528229, 28.462129 ], [ -81.528391, 28.462134 ], [ -81.528895, 28.462233 ], [ -81.529138, 28.462388 ], [ -81.529238, 28.462426 ], [ -81.529275, 28.462465 ], [ -81.529437, 28.462492 ], [ -81.529587, 28.462432 ], [ -81.52968, 28.462322 ], [ -81.529749, 28.462129 ], [ -81.529767, 28.46187 ], [ -81.529686, 28.461634 ], [ -81.529562, 28.461397 ], [ -81.529749, 28.461117 ], [ -81.529811, 28.460974 ], [ -81.529898, 28.460847 ], [ -81.52988, 28.460726 ], [ -81.52978, 28.460605 ], [ -81.529519, 28.460445 ], [ -81.529475, 28.460363 ], [ -81.529307, 28.460187 ], [ -81.529351, 28.460176 ], [ -81.529457, 28.459994 ], [ -81.529544, 28.459934 ], [ -81.529643, 28.459895 ], [ -81.529793, 28.459912 ], [ -81.52993, 28.459939 ], [ -81.530054, 28.459939 ], [ -81.53016, 28.459884 ], [ -81.530216, 28.459824 ], [ -81.530353, 28.459615 ], [ -81.530496, 28.459532 ], [ -81.530565, 28.45951 ], [ -81.530665, 28.459521 ], [ -81.530795, 28.459554 ], [ -81.531001, 28.459554 ], [ -81.531337, 28.459461 ], [ -81.531449, 28.459417 ], [ -81.531623, 28.459406 ], [ -81.531717, 28.459422 ], [ -81.531773, 28.459461 ], [ -81.531785, 28.459532 ], [ -81.531605, 28.459912 ], [ -81.531617, 28.460017 ], [ -81.531661, 28.46011 ], [ -81.531729, 28.460176 ], [ -81.531779, 28.460264 ], [ -81.531885, 28.460583 ], [ -81.531904, 28.460729 ], [ -81.531928, 28.460908 ], [ -81.531984, 28.461106 ], [ -81.53199, 28.461194 ], [ -81.531965, 28.461409 ], [ -81.531841, 28.461579 ], [ -81.53166, 28.461777 ], [ -81.531573, 28.46192 ], [ -81.531504, 28.462129 ], [ -81.531492, 28.462322 ], [ -81.531566, 28.462845 ], [ -81.531535, 28.463043 ], [ -81.531454, 28.463164 ], [ -81.531143, 28.463527 ], [ -81.531012, 28.463978 ], [ -81.531006, 28.464176 ], [ -81.531031, 28.464336 ], [ -81.531298, 28.464875 ], [ -81.531348, 28.465035 ], [ -81.531298, 28.465216 ], [ -81.531261, 28.465304 ], [ -81.531198, 28.465376 ], [ -81.531074, 28.465436 ], [ -81.530819, 28.465651 ], [ -81.530414, 28.466256 ], [ -81.530277, 28.466377 ], [ -81.529922, 28.466581 ], [ -81.529816, 28.466614 ], [ -81.52961, 28.466537 ], [ -81.529336, 28.466333 ], [ -81.529025, 28.465997 ], [ -81.528838, 28.465755 ], [ -81.528154, 28.46472 ], [ -81.528023, 28.464555 ], [ -81.527886, 28.464478 ], [ -81.527761, 28.46444 ], [ -81.527643, 28.464451 ], [ -81.527475, 28.464522 ], [ -81.527251, 28.464764 ], [ -81.527114, 28.464957 ], [ -81.527045, 28.465127 ], [ -81.526902, 28.466156 ], [ -81.52679, 28.466464 ], [ -81.52669, 28.466673 ], [ -81.526593, 28.466896 ], [ -81.526347, 28.467466 ], [ -81.526285, 28.467895 ], [ -81.526254, 28.467997 ], [ -81.526216, 28.468126 ], [ -81.526148, 28.468324 ], [ -81.526004, 28.468605 ], [ -81.525948, 28.468605 ], [ -81.525855, 28.468649 ], [ -81.525531, 28.468891 ], [ -81.524883, 28.46927 ], [ -81.524659, 28.469364 ], [ -81.524285, 28.469463 ], [ -81.523725, 28.469545 ], [ -81.523563, 28.46955 ], [ -81.52341, 28.469545 ], [ -81.523389, 28.469545 ], [ -81.52327, 28.469534 ], [ -81.523108, 28.469495 ], [ -81.52276, 28.469374 ], [ -81.522517, 28.46933 ], [ -81.522311, 28.469313 ], [ -81.52228, 28.469313 ], [ -81.522118, 28.469313 ], [ -81.521988, 28.469346 ], [ -81.521956, 28.469368 ], [ -81.521944, 28.469451 ], [ -81.52223, 28.469847 ], [ -81.52228, 28.470034 ], [ -81.522255, 28.470194 ], [ -81.52218, 28.470331 ], [ -81.522143, 28.470535 ], [ -81.522168, 28.470695 ], [ -81.522174, 28.471107 ], [ -81.522367, 28.471492 ], [ -81.523064, 28.472802 ], [ -81.523182, 28.473595 ], [ -81.523288, 28.473721 ], [ -81.523342, 28.473741 ], [ -81.523537, 28.473815 ], [ -81.524321, 28.473997 ], [ -81.524601, 28.474041 ], [ -81.524863, 28.474107 ], [ -81.525243, 28.474371 ], [ -81.525535, 28.474547 ], [ -81.525591, 28.474679 ], [ -81.525579, 28.474795 ], [ -81.525473, 28.474927 ], [ -81.525435, 28.475092 ], [ -81.525491, 28.475516 ], [ -81.525585, 28.476049 ], [ -81.525609, 28.476336 ], [ -81.525578, 28.476616 ], [ -81.525528, 28.476864 ], [ -81.525453, 28.477095 ], [ -81.525366, 28.477304 ], [ -81.525279, 28.477425 ], [ -81.525011, 28.477579 ], [ -81.524949, 28.477639 ], [ -81.524918, 28.477689 ], [ -81.524918, 28.477744 ], [ -81.524955, 28.477832 ], [ -81.525042, 28.477931 ], [ -81.52531, 28.478454 ], [ -81.525378, 28.47863 ], [ -81.525409, 28.478817 ], [ -81.525409, 28.478982 ], [ -81.52539, 28.479153 ], [ -81.525291, 28.479444 ], [ -81.525179, 28.479587 ], [ -81.525004, 28.479747 ], [ -81.524886, 28.479813 ], [ -81.52468, 28.479901 ], [ -81.524319, 28.480126 ], [ -81.524045, 28.480379 ], [ -81.523771, 28.480517 ], [ -81.523609, 28.480555 ], [ -81.523472, 28.480572 ], [ -81.523316, 28.480561 ], [ -81.52303, 28.480478 ], [ -81.522924, 28.48039 ], [ -81.522662, 28.480093 ], [ -81.522482, 28.479911 ], [ -81.522289, 28.479741 ], [ -81.52176, 28.479355 ], [ -81.521567, 28.479267 ], [ -81.521112, 28.479025 ], [ -81.520888, 28.478893 ], [ -81.520882, 28.478871 ], [ -81.520764, 28.478717 ], [ -81.520496, 28.478012 ], [ -81.520322, 28.4776 ], [ -81.520204, 28.477429 ], [ -81.520035, 28.477275 ], [ -81.519749, 28.477038 ], [ -81.519662, 28.476945 ], [ -81.5196, 28.476796 ], [ -81.519581, 28.476713 ], [ -81.5196, 28.476609 ], [ -81.519631, 28.476526 ], [ -81.519706, 28.476455 ], [ -81.520086, 28.476301 ], [ -81.520173, 28.476136 ], [ -81.520198, 28.476059 ], [ -81.520198, 28.475976 ], [ -81.520173, 28.475877 ], [ -81.520111, 28.475762 ], [ -81.519936, 28.475564 ], [ -81.519824, 28.475481 ], [ -81.519625, 28.47542 ], [ -81.518685, 28.475046 ], [ -81.518399, 28.474925 ], [ -81.518206, 28.474826 ], [ -81.518006, 28.474743 ], [ -81.517645, 28.474627 ], [ -81.517483, 28.474589 ], [ -81.517278, 28.474512 ], [ -81.517197, 28.474446 ], [ -81.517035, 28.47411 ], [ -81.517023, 28.474114 ], [ -81.516988, 28.47413 ], [ -81.516977, 28.474136 ], [ -81.516966, 28.47414 ], [ -81.516934, 28.474154 ], [ -81.516924, 28.474159 ], [ -81.516861, 28.474187 ], [ -81.516749, 28.474253 ], [ -81.516446, 28.474376 ], [ -81.5164, 28.474396 ], [ -81.516182, 28.47466 ], [ -81.516038, 28.475271 ], [ -81.516065, 28.475825 ], [ -81.516075, 28.476008 ], [ -81.516144, 28.476344 ], [ -81.516019, 28.476443 ], [ -81.515827, 28.476668 ], [ -81.51567, 28.476855 ], [ -81.515365, 28.47713 ], [ -81.515153, 28.477273 ], [ -81.51496, 28.477383 ], [ -81.514886, 28.477413 ], [ -81.514748, 28.477471 ], [ -81.514574, 28.477559 ], [ -81.513932, 28.477691 ], [ -81.513896, 28.477703 ], [ -81.513702, 28.477774 ], [ -81.513484, 28.477867 ], [ -81.513297, 28.477999 ], [ -81.513179, 28.47812 ], [ -81.513079, 28.478302 ], [ -81.513029, 28.478471 ], [ -81.513017, 28.478511 ], [ -81.513023, 28.479039 ], [ -81.512979, 28.479199 ], [ -81.512979, 28.479309 ], [ -81.512873, 28.479705 ], [ -81.512798, 28.479897 ], [ -81.512636, 28.480189 ], [ -81.512542, 28.480519 ], [ -81.512499, 28.480783 ], [ -81.512363, 28.481088 ], [ -81.512299, 28.481234 ], [ -81.512168, 28.481454 ], [ -81.5121, 28.481641 ], [ -81.511981, 28.481905 ], [ -81.51195, 28.482032 ], [ -81.511881, 28.482566 ], [ -81.511854, 28.482657 ], [ -81.511702, 28.482676 ], [ -81.51154, 28.482697 ], [ -81.510601, 28.482821 ], [ -81.510358, 28.482854 ], [ -81.510288, 28.482863 ], [ -81.510192, 28.482873 ], [ -81.510097, 28.482884 ], [ -81.50994, 28.482901 ], [ -81.509508, 28.48295 ], [ -81.508919, 28.483015 ], [ -81.508899, 28.483017 ], [ -81.508736, 28.483036 ], [ -81.508553, 28.483056 ], [ -81.508552, 28.483204 ], [ -81.508552, 28.48365 ], [ -81.508552, 28.483799 ], [ -81.508553, 28.484146 ], [ -81.508556, 28.484866 ], [ -81.508561, 28.485189 ], [ -81.508567, 28.485492 ], [ -81.508567, 28.485537 ], [ -81.508565, 28.48589 ], [ -81.508559, 28.486952 ], [ -81.508558, 28.487306 ], [ -81.508556, 28.487386 ], [ -81.50855, 28.487627 ], [ -81.508549, 28.487708 ], [ -81.508539, 28.488015 ], [ -81.508528, 28.488371 ], [ -81.50852, 28.48888 ], [ -81.508517, 28.488939 ], [ -81.508506, 28.489247 ], [ -81.508507, 28.48962 ], [ -81.508508, 28.489993 ], [ -81.510827, 28.489994 ], [ -81.510886, 28.489996 ], [ -81.510944, 28.490004 ], [ -81.511001, 28.490019 ], [ -81.511055, 28.490039 ], [ -81.511106, 28.490066 ], [ -81.511153, 28.490097 ], [ -81.511195, 28.490134 ], [ -81.511231, 28.490175 ], [ -81.511262, 28.490219 ], [ -81.511286, 28.490267 ], [ -81.511303, 28.490317 ], [ -81.511314, 28.490368 ], [ -81.511317, 28.49042 ], [ -81.511318, 28.490506 ], [ -81.511326, 28.490592 ], [ -81.511343, 28.490677 ], [ -81.511366, 28.490761 ], [ -81.511396, 28.490843 ], [ -81.511434, 28.490922 ], [ -81.511478, 28.490999 ], [ -81.511529, 28.491073 ], [ -81.511586, 28.491143 ], [ -81.511649, 28.491209 ], [ -81.511717, 28.49127 ], [ -81.51179, 28.491327 ], [ -81.511869, 28.491379 ], [ -81.511951, 28.491425 ], [ -81.512037, 28.491465 ], [ -81.512108, 28.491514 ], [ -81.512173, 28.491567 ], [ -81.512234, 28.491625 ], [ -81.512288, 28.491687 ], [ -81.512337, 28.491753 ], [ -81.512379, 28.491822 ], [ -81.512414, 28.491895 ], [ -81.512442, 28.491969 ], [ -81.512463, 28.492046 ], [ -81.512477, 28.492124 ], [ -81.512483, 28.492203 ], [ -81.512483, 28.492251 ], [ -81.512484, 28.492358 ], [ -81.512487, 28.493561 ], [ -81.512476, 28.493561 ], [ -81.512435, 28.493562 ], [ -81.512368, 28.493563 ], [ -81.51217, 28.493569 ], [ -81.512104, 28.493571 ], [ -81.512089, 28.493571 ], [ -81.511671, 28.493576 ], [ -81.511392, 28.493579 ], [ -81.510894, 28.493585 ], [ -81.51018, 28.493594 ], [ -81.509283, 28.493599 ], [ -81.509258, 28.493598 ], [ -81.509023, 28.493597 ], [ -81.508769, 28.493604 ], [ -81.508547, 28.493605 ], [ -81.508065, 28.493609 ], [ -81.507549, 28.493606 ], [ -81.507229, 28.4936 ], [ -81.507116, 28.493598 ], [ -81.506787, 28.493582 ], [ -81.50588, 28.493566 ], [ -81.504941, 28.493554 ], [ -81.50416, 28.493554 ], [ -81.503807, 28.493547 ], [ -81.503276, 28.493545 ], [ -81.501959, 28.493541 ], [ -81.501621, 28.493541 ], [ -81.501152, 28.493542 ], [ -81.500741, 28.493532 ], [ -81.50061, 28.493533 ], [ -81.500398, 28.493535 ], [ -81.500274, 28.493532 ], [ -81.500157, 28.493529 ], [ -81.499613, 28.493536 ], [ -81.499446, 28.493539 ], [ -81.498635, 28.493557 ], [ -81.497568, 28.493575 ], [ -81.497104, 28.493577 ], [ -81.496962, 28.493579 ], [ -81.496135, 28.493593 ], [ -81.495966, 28.493596 ], [ -81.495751, 28.4936 ], [ -81.49546, 28.493598 ], [ -81.495292, 28.493598 ], [ -81.49503, 28.493604 ], [ -81.494245, 28.493625 ], [ -81.493984, 28.493633 ], [ -81.493779, 28.493636 ], [ -81.493299, 28.493646 ], [ -81.493165, 28.493646 ], [ -81.492961, 28.493647 ], [ -81.492543, 28.493655 ], [ -81.492532, 28.493656 ], [ -81.491852, 28.49366 ], [ -81.491352, 28.493671 ], [ -81.491289, 28.493671 ], [ -81.490871, 28.493674 ], [ -81.490858, 28.493674 ], [ -81.490822, 28.493674 ], [ -81.49081, 28.493674 ], [ -81.490544, 28.493675 ], [ -81.490338, 28.493677 ], [ -81.489781, 28.493688 ], [ -81.489746, 28.493688 ], [ -81.489481, 28.493688 ], [ -81.489339, 28.493686 ], [ -81.488913, 28.493683 ], [ -81.488772, 28.493682 ], [ -81.488692, 28.493682 ], [ -81.488452, 28.493682 ], [ -81.488373, 28.493682 ], [ -81.487928, 28.493686 ], [ -81.487561, 28.493691 ], [ -81.486594, 28.493692 ], [ -81.48615, 28.493693 ], [ -81.485612, 28.493694 ], [ -81.485242, 28.493695 ], [ -81.484419, 28.493703 ], [ -81.484, 28.493702 ], [ -81.483463, 28.493701 ], [ -81.48333, 28.493701 ], [ -81.483066, 28.493702 ], [ -81.482931, 28.4937 ], [ -81.482799, 28.4937 ], [ -81.482524, 28.493697 ], [ -81.482223, 28.493689 ], [ -81.481948, 28.493682 ], [ -81.480763, 28.493659 ], [ -81.480495, 28.493657 ], [ -81.480226, 28.493655 ], [ -81.479919, 28.493662 ], [ -81.479695, 28.493662 ], [ -81.479023, 28.493665 ], [ -81.4788, 28.493666 ], [ -81.478704, 28.493666 ], [ -81.478093, 28.493647 ], [ -81.478071, 28.493647 ], [ -81.477272, 28.493647 ], [ -81.476491, 28.493639 ], [ -81.475971, 28.49365 ], [ -81.475901, 28.493652 ], [ -81.475316, 28.493653 ], [ -81.475265, 28.493659 ], [ -81.475248, 28.493123 ], [ -81.475235, 28.492666 ], [ -81.475223, 28.492123 ], [ -81.475233, 28.491517 ], [ -81.475236, 28.491367 ], [ -81.475228, 28.49111 ], [ -81.475217, 28.490983 ], [ -81.475205, 28.490982 ], [ -81.475172, 28.490982 ], [ -81.475161, 28.490982 ], [ -81.475047, 28.490978 ], [ -81.474705, 28.490969 ], [ -81.474592, 28.490967 ], [ -81.474578, 28.491085 ], [ -81.474538, 28.491439 ], [ -81.474526, 28.491558 ], [ -81.474506, 28.49173 ], [ -81.474464, 28.492098 ], [ -81.474446, 28.492187 ], [ -81.47442, 28.492235 ], [ -81.474382, 28.492276 ], [ -81.474332, 28.492306 ], [ -81.474268, 28.492324 ], [ -81.474245, 28.492327 ], [ -81.473941, 28.492334 ], [ -81.473741, 28.492335 ], [ -81.472609, 28.492344 ], [ -81.472163, 28.492351 ], [ -81.471637, 28.492361 ], [ -81.471534, 28.492362 ], [ -81.471227, 28.492367 ], [ -81.471125, 28.492369 ], [ -81.471133, 28.492634 ], [ -81.471158, 28.493432 ], [ -81.47116, 28.493476 ], [ -81.471162, 28.493699 ], [ -81.471036, 28.493697 ], [ -81.470661, 28.493693 ], [ -81.470536, 28.493692 ], [ -81.470513, 28.493692 ], [ -81.469929, 28.493677 ], [ -81.469604, 28.493669 ], [ -81.468725, 28.493655 ], [ -81.46811, 28.493651 ], [ -81.467845, 28.49365 ], [ -81.467656, 28.493651 ], [ -81.467504, 28.493652 ], [ -81.46699, 28.493653 ], [ -81.466966, 28.493654 ], [ -81.466086, 28.493666 ], [ -81.46545, 28.49368 ], [ -81.465102, 28.493697 ], [ -81.465065, 28.493699 ], [ -81.464749, 28.493716 ], [ -81.464301, 28.49338 ], [ -81.463517, 28.492877 ], [ -81.462707, 28.492321 ], [ -81.459048, 28.489853 ], [ -81.458816, 28.489695 ], [ -81.457666, 28.488924 ], [ -81.456703, 28.488182 ], [ -81.456402, 28.487917 ], [ -81.455948, 28.487486 ], [ -81.454891, 28.486382 ], [ -81.454715, 28.486166 ], [ -81.454331, 28.485696 ], [ -81.453091, 28.484026 ], [ -81.452243, 28.482904 ], [ -81.451779, 28.482309 ], [ -81.451619, 28.482076 ], [ -81.451125, 28.48136 ], [ -81.450181, 28.480107 ], [ -81.45005, 28.479927 ], [ -81.449351, 28.479061 ], [ -81.449115, 28.478723 ], [ -81.448718, 28.478124 ], [ -81.447824, 28.476925 ], [ -81.446453, 28.475087 ], [ -81.446169, 28.474662 ], [ -81.446152, 28.474642 ], [ -81.446126, 28.474613 ], [ -81.446008, 28.474482 ], [ -81.445892, 28.474328 ], [ -81.445672, 28.474035 ], [ -81.444415, 28.472423 ], [ -81.444185, 28.472067 ], [ -81.442888, 28.470543 ], [ -81.44094, 28.468769 ], [ -81.44002, 28.467975 ], [ -81.43709, 28.465424 ], [ -81.436834, 28.465209 ], [ -81.436147, 28.46462 ], [ -81.433361, 28.46223 ], [ -81.432712, 28.461672 ], [ -81.431456, 28.460514 ], [ -81.428301, 28.457799 ], [ -81.427278, 28.456965 ], [ -81.426744, 28.456462 ], [ -81.426547, 28.456276 ], [ -81.426426, 28.455855 ], [ -81.425983, 28.455519 ], [ -81.425562, 28.455114 ], [ -81.425333, 28.455183 ], [ -81.42485, 28.454814 ], [ -81.423666, 28.453721 ], [ -81.423201, 28.453261 ], [ -81.4229, 28.452922 ], [ -81.422318, 28.452245 ], [ -81.42204, 28.451922 ], [ -81.421349, 28.451057 ], [ -81.420971, 28.45049 ], [ -81.420916, 28.450408 ], [ -81.420812, 28.45027 ], [ -81.420689, 28.450108 ], [ -81.419762, 28.448741 ], [ -81.419546, 28.448423 ], [ -81.418834, 28.447403 ], [ -81.416727, 28.444275 ], [ -81.415964, 28.443106 ], [ -81.415217, 28.442049 ], [ -81.415145, 28.441945 ], [ -81.415037, 28.441781 ], [ -81.414854, 28.441505 ], [ -81.412358, 28.437862 ], [ -81.411699, 28.436861 ], [ -81.411062, 28.435944 ], [ -81.410686, 28.435529 ], [ -81.410008, 28.434674 ], [ -81.408773, 28.433452 ], [ -81.409017, 28.433384 ], [ -81.409291, 28.433265 ], [ -81.410543, 28.432784 ], [ -81.411671, 28.432247 ], [ -81.412393, 28.431855 ], [ -81.413072, 28.43146 ], [ -81.413586, 28.431118 ], [ -81.4138, 28.430986 ], [ -81.414567, 28.430409 ], [ -81.415484, 28.429605 ], [ -81.416305, 28.428793 ], [ -81.416754, 28.428291 ], [ -81.41729, 28.42766 ], [ -81.417593, 28.427211 ], [ -81.418162, 28.426368 ], [ -81.418487, 28.425865 ], [ -81.418813, 28.425338 ], [ -81.419378, 28.424541 ], [ -81.419897, 28.423976 ], [ -81.420392, 28.423519 ], [ -81.420694, 28.423279 ], [ -81.421166, 28.422938 ], [ -81.421639, 28.422644 ], [ -81.421979, 28.422481 ], [ -81.422498, 28.422226 ], [ -81.422653, 28.422164 ], [ -81.422705, 28.422141 ], [ -81.422939, 28.422041 ], [ -81.423358, 28.421862 ], [ -81.424395, 28.421568 ], [ -81.42503, 28.421444 ], [ -81.425479, 28.421366 ], [ -81.426439, 28.421297 ], [ -81.427136, 28.421289 ], [ -81.427623, 28.421295 ], [ -81.428274, 28.421304 ], [ -81.428572, 28.4213 ], [ -81.429295, 28.421315 ], [ -81.431534, 28.421297 ], [ -81.433623, 28.421269 ], [ -81.435523, 28.421261 ], [ -81.436534, 28.421239 ], [ -81.436884, 28.421231 ], [ -81.437121, 28.421232 ], [ -81.437628, 28.421235 ], [ -81.437753, 28.421236 ], [ -81.439398, 28.421227 ], [ -81.44063, 28.421215 ], [ -81.441867, 28.421214 ], [ -81.442571, 28.421209 ], [ -81.442602, 28.421209 ], [ -81.442642, 28.421209 ], [ -81.442783, 28.421208 ], [ -81.443429, 28.421205 ], [ -81.44521, 28.421216 ], [ -81.447562, 28.421158 ], [ -81.448112, 28.421185 ], [ -81.449013, 28.421169 ], [ -81.450621, 28.421142 ], [ -81.452617, 28.421127 ], [ -81.45334, 28.421148 ], [ -81.454073, 28.421116 ], [ -81.454289, 28.421116 ], [ -81.454589, 28.421117 ], [ -81.455613, 28.421121 ], [ -81.456593, 28.421116 ], [ -81.45857, 28.421107 ], [ -81.459623, 28.421106 ], [ -81.459879, 28.421101 ], [ -81.463074, 28.421052 ], [ -81.464985, 28.42104 ], [ -81.466678, 28.42104 ], [ -81.46709, 28.42104 ], [ -81.467629, 28.421057 ], [ -81.467872, 28.421064 ], [ -81.469214, 28.421186 ], [ -81.470287, 28.421347 ], [ -81.470592, 28.421408 ], [ -81.470897, 28.421468 ], [ -81.47125, 28.421544 ], [ -81.471916, 28.421697 ], [ -81.472731, 28.421892 ], [ -81.473268, 28.422021 ], [ -81.473404, 28.422043 ], [ -81.473512, 28.422053 ], [ -81.473664, 28.422057 ], [ -81.473816, 28.422048 ], [ -81.474087, 28.421999 ], [ -81.474078, 28.421806 ], [ -81.4741, 28.420105 ], [ -81.474041, 28.416078 ], [ -81.474037, 28.414965 ], [ -81.474009, 28.41469 ], [ -81.474009, 28.413809 ], [ -81.474133, 28.412749 ], [ -81.474381, 28.411882 ], [ -81.474601, 28.411332 ], [ -81.475217, 28.410148 ], [ -81.47527, 28.410176 ], [ -81.47539, 28.410238 ], [ -81.475516, 28.410302 ], [ -81.476, 28.41055 ], [ -81.476375, 28.410747 ], [ -81.476554, 28.410853 ], [ -81.476725, 28.410974 ], [ -81.476883, 28.411107 ], [ -81.477129, 28.411345 ], [ -81.478738, 28.412323 ], [ -81.480721, 28.413534 ], [ -81.48172, 28.415173 ], [ -81.482744, 28.418142 ], [ -81.483512, 28.419038 ], [ -81.484685, 28.419524 ], [ -81.484573, 28.419832 ], [ -81.484449, 28.42003 ], [ -81.484281, 28.420228 ], [ -81.484038, 28.420492 ], [ -81.483565, 28.420894 ], [ -81.483323, 28.421087 ], [ -81.483099, 28.421313 ], [ -81.482918, 28.421709 ], [ -81.482931, 28.421929 ], [ -81.482956, 28.422111 ], [ -81.483105, 28.422496 ], [ -81.483137, 28.422617 ], [ -81.483211, 28.422804 ], [ -81.483255, 28.423079 ], [ -81.483324, 28.423376 ], [ -81.483367, 28.423767 ], [ -81.483374, 28.42413 ], [ -81.483343, 28.424383 ], [ -81.483343, 28.42473 ], [ -81.483343, 28.424779 ], [ -81.483293, 28.42512 ], [ -81.483212, 28.425428 ], [ -81.483213, 28.425638 ], [ -81.483237, 28.425737 ], [ -81.48325, 28.425863 ], [ -81.48315, 28.426182 ], [ -81.483163, 28.426254 ], [ -81.483269, 28.426446 ], [ -81.483356, 28.42654 ], [ -81.483518, 28.426666 ], [ -81.48368, 28.426771 ], [ -81.48386, 28.426963 ], [ -81.483916, 28.427106 ], [ -81.483948, 28.427222 ], [ -81.483929, 28.427343 ], [ -81.483861, 28.427464 ], [ -81.483742, 28.427585 ], [ -81.483556, 28.427778 ], [ -81.483543, 28.427838 ], [ -81.483536, 28.427942 ], [ -81.483526, 28.428087 ], [ -81.483519, 28.428196 ], [ -81.483456, 28.428383 ], [ -81.48345, 28.428504 ], [ -81.483457, 28.428587 ], [ -81.483513, 28.428632 ], [ -81.483456, 28.428682 ], [ -81.483447, 28.428689 ], [ -81.483399, 28.428731 ], [ -81.483567, 28.429011 ], [ -81.485001, 28.437682 ], [ -81.485573, 28.441137 ], [ -81.485689, 28.44196 ], [ -81.486026, 28.442008 ], [ -81.48663, 28.442041 ], [ -81.48723, 28.441978 ], [ -81.487943, 28.441997 ], [ -81.488168, 28.442022 ], [ -81.488493, 28.442128 ], [ -81.489055, 28.442341 ], [ -81.489437, 28.442485 ], [ -81.489887, 28.442753 ], [ -81.490155, 28.442966 ], [ -81.490399, 28.443191 ], [ -81.490568, 28.443397 ], [ -81.490912, 28.443935 ], [ -81.49118, 28.444428 ], [ -81.491355, 28.444816 ], [ -81.491518, 28.44571 ], [ -81.491655, 28.446066 ], [ -81.491743, 28.446272 ], [ -81.491855, 28.446485 ], [ -81.49188, 28.446597 ], [ -81.491849, 28.446822 ], [ -81.491605, 28.447178 ], [ -81.491468, 28.447303 ], [ -81.491299, 28.447403 ], [ -81.491162, 28.447453 ], [ -81.490943, 28.447484 ], [ -81.490662, 28.447522 ], [ -81.49048, 28.44756 ], [ -81.49204, 28.449008 ], [ -81.491839, 28.449125 ], [ -81.491667, 28.449243 ], [ -81.491623, 28.449278 ], [ -81.491557, 28.449349 ], [ -81.49151, 28.449416 ], [ -81.491474, 28.449488 ], [ -81.491442, 28.449593 ], [ -81.491439, 28.449611 ], [ -81.491428, 28.449701 ], [ -81.491431, 28.449809 ], [ -81.491436, 28.449845 ], [ -81.491438, 28.449923 ], [ -81.491893, 28.449919 ], [ -81.492236, 28.449922 ], [ -81.492347, 28.449927 ], [ -81.492688, 28.449946 ], [ -81.492881, 28.449948 ], [ -81.492936, 28.449948 ], [ -81.493448, 28.449942 ], [ -81.494901, 28.449948 ], [ -81.494962, 28.449949 ], [ -81.495076, 28.449953 ], [ -81.495495, 28.449965 ], [ -81.495986, 28.449967 ], [ -81.496334, 28.449964 ], [ -81.496814, 28.449962 ], [ -81.497353, 28.449974 ], [ -81.49738, 28.449973 ], [ -81.497729, 28.449969 ], [ -81.497919, 28.449966 ], [ -81.499601, 28.449971 ], [ -81.499754, 28.449968 ], [ -81.500073, 28.449976 ], [ -81.500229, 28.449993 ], [ -81.50044, 28.450037 ], [ -81.500677, 28.450102 ], [ -81.500827, 28.450122 ], [ -81.500949, 28.450126 ], [ -81.501029, 28.450125 ], [ -81.50117, 28.450123 ], [ -81.501272, 28.450123 ], [ -81.501431, 28.450108 ], [ -81.501548, 28.450087 ], [ -81.501589, 28.450072 ], [ -81.501663, 28.450048 ], [ -81.501721, 28.450022 ], [ -81.502033, 28.449858 ], [ -81.502135, 28.449805 ], [ -81.50226, 28.449759 ], [ -81.50239, 28.449727 ], [ -81.502524, 28.449711 ], [ -81.503065, 28.449704 ], [ -81.503238, 28.449703 ], [ -81.503362, 28.449688 ], [ -81.503416, 28.449676 ], [ -81.503479, 28.449662 ], [ -81.503662, 28.449596 ], [ -81.503723, 28.449574 ], [ -81.503946, 28.449489 ], [ -81.504506, 28.449276 ], [ -81.504617, 28.449238 ], [ -81.504844, 28.449162 ], [ -81.50502, 28.449101 ], [ -81.505349, 28.44899 ], [ -81.505543, 28.448905 ], [ -81.505714, 28.448831 ], [ -81.505881, 28.448756 ], [ -81.506382, 28.448533 ], [ -81.506459, 28.448499 ], [ -81.506553, 28.448468 ], [ -81.506671, 28.448444 ], [ -81.506733, 28.448438 ], [ -81.506781, 28.448434 ], [ -81.507282, 28.44843 ], [ -81.507465, 28.448429 ], [ -81.507657, 28.448424 ], [ -81.508123, 28.448412 ], [ -81.508233, 28.448406 ], [ -81.508324, 28.448402 ], [ -81.508425, 28.448393 ], [ -81.508667, 28.448373 ], [ -81.509393, 28.448315 ], [ -81.509636, 28.448297 ], [ -81.509821, 28.448281 ], [ -81.510375, 28.448235 ], [ -81.510561, 28.44822 ], [ -81.510731, 28.44819 ], [ -81.510839, 28.448157 ], [ -81.510958, 28.448105 ], [ -81.511062, 28.448047 ], [ -81.511157, 28.447978 ], [ -81.511244, 28.4479 ], [ -81.511301, 28.447834 ], [ -81.511348, 28.447763 ], [ -81.511357, 28.447743 ], [ -81.511385, 28.447687 ], [ -81.5117, 28.447813 ], [ -81.512327, 28.447279 ], [ -81.512992, 28.446335 ], [ -81.513092, 28.446339 ], [ -81.513142, 28.446259 ], [ -81.513238, 28.446085 ], [ -81.513286, 28.445987 ], [ -81.513332, 28.445851 ], [ -81.513337, 28.44582 ], [ -81.51336, 28.445703 ], [ -81.513374, 28.445662 ], [ -81.513394, 28.445622 ], [ -81.51342, 28.445585 ], [ -81.513451, 28.445552 ], [ -81.513487, 28.445523 ], [ -81.513528, 28.445499 ], [ -81.513572, 28.44548 ], [ -81.513618, 28.445466 ], [ -81.513667, 28.445458 ], [ -81.513708, 28.445455 ], [ -81.513719, 28.445455 ], [ -81.513694, 28.445012 ], [ -81.513531, 28.444873 ], [ -81.513662, 28.444565 ], [ -81.513894, 28.444735 ], [ -81.514197, 28.444956 ], [ -81.515513, 28.444978 ], [ -81.516618, 28.444996 ], [ -81.516618, 28.444798 ], [ -81.516608, 28.444708 ], [ -81.516599, 28.444627 ], [ -81.516537, 28.444396 ], [ -81.516238, 28.443829 ], [ -81.516189, 28.443609 ], [ -81.516226, 28.443477 ], [ -81.516438, 28.443147 ], [ -81.516513, 28.442955 ], [ -81.516581, 28.442845 ], [ -81.516687, 28.442724 ], [ -81.517322, 28.442218 ], [ -81.518001, 28.441717 ], [ -81.518387, 28.441398 ], [ -81.518524, 28.441233 ], [ -81.518755, 28.440864 ], [ -81.518826, 28.440711 ], [ -81.518892, 28.440573 ], [ -81.51901, 28.440364 ], [ -81.519141, 28.440232 ], [ -81.519321, 28.440105 ], [ -81.52005, 28.439786 ], [ -81.520517, 28.439621 ], [ -81.521021, 28.439501 ], [ -81.521631, 28.439336 ], [ -81.521762, 28.439281 ], [ -81.521943, 28.439231 ], [ -81.522821, 28.438918 ], [ -81.523119, 28.438874 ], [ -81.523306, 28.438857 ], [ -81.523368, 28.438854 ], [ -81.523431, 28.438852 ], [ -81.523518, 28.438907 ], [ -81.523611, 28.438934 ], [ -81.523792, 28.43894 ], [ -81.524022, 28.438891 ], [ -81.524514, 28.438819 ], [ -81.52475, 28.438825 ], [ -81.525255, 28.438858 ], [ -81.52617, 28.439001 ], [ -81.526948, 28.439166 ], [ -81.527141, 28.439221 ], [ -81.527421, 28.439321 ], [ -81.52846, 28.43964 ], [ -81.528965, 28.439772 ], [ -81.529438, 28.43991 ], [ -81.529599, 28.440009 ], [ -81.529861, 28.440213 ], [ -81.52996, 28.440317 ], [ -81.530016, 28.440438 ], [ -81.530166, 28.440862 ], [ -81.530259, 28.441011 ], [ -81.530359, 28.441115 ], [ -81.530688, 28.441291 ], [ -81.530825, 28.441341 ], [ -81.530937, 28.441407 ], [ -81.531025, 28.441517 ], [ -81.531087, 28.441622 ], [ -81.531006, 28.441666 ], [ -81.530944, 28.441765 ], [ -81.530856, 28.441825 ], [ -81.530763, 28.441858 ], [ -81.530694, 28.441919 ], [ -81.530657, 28.442056 ], [ -81.53052, 28.442942 ], [ -81.530345, 28.443564 ], [ -81.530333, 28.443784 ], [ -81.530383, 28.444059 ], [ -81.530592, 28.444579 ], [ -81.530781, 28.44505 ], [ -81.53094, 28.445549 ], [ -81.531005, 28.445754 ], [ -81.531434, 28.44648 ], [ -81.531633, 28.446794 ], [ -81.532274, 28.447537 ], [ -81.533164, 28.448517 ], [ -81.533519, 28.448781 ], [ -81.534005, 28.449095 ], [ -81.53431, 28.449342 ], [ -81.534639, 28.449507 ], [ -81.534907, 28.449794 ], [ -81.535081, 28.450047 ], [ -81.535175, 28.450256 ], [ -81.535228, 28.450422 ], [ -81.535312, 28.451175 ], [ -81.535386, 28.451422 ], [ -81.535511, 28.45167 ], [ -81.535623, 28.451786 ], [ -81.535803, 28.451874 ], [ -81.536015, 28.452 ], [ -81.536158, 28.452017 ], [ -81.536202, 28.452099 ], [ -81.53627, 28.452364 ], [ -81.536388, 28.452699 ], [ -81.536351, 28.452848 ] ] ] ] } },
{ "type": "Feature", "properties": { "ZCTA5CE20": "32837", "GEOID20": "32837", "GEOIDFQ20": "860Z200US32837", "CLASSFP20": "B5", "MTFCC20": "G6350", "FUNCSTAT20": "S", "ALAND20": 47208410, "AWATER20": 381723, "INTPTLAT20": "+28.3822400", "INTPTLON20": "-081.4144596" }, "geometry": { "type": "MultiPolygon", "coordinates": [ [ [ [ -81.468782, 28.371315 ], [ -81.463018, 28.37136 ], [ -81.452974, 28.371394 ], [ -81.452982, 28.373511 ], [ -81.437548, 28.373574 ], [ -81.437851, 28.373844 ], [ -81.437958, 28.373981 ], [ -81.43811, 28.374132 ], [ -81.438222, 28.374218 ], [ -81.438415, 28.374424 ], [ -81.438533, 28.374572 ], [ -81.438661, 28.374877 ], [ -81.438671, 28.374946 ], [ -81.438736, 28.37514 ], [ -81.438865, 28.37589 ], [ -81.439057, 28.37683 ], [ -81.439382, 28.378399 ], [ -81.439524, 28.379038 ], [ -81.439211, 28.386518 ], [ -81.4391, 28.389192 ], [ -81.437466, 28.389833 ], [ -81.436441, 28.390535 ], [ -81.434676, 28.391347 ], [ -81.434526, 28.391589 ], [ -81.433894, 28.393178 ], [ -81.434245, 28.393829 ], [ -81.434258, 28.393857 ], [ -81.434298, 28.394135 ], [ -81.434339, 28.394413 ], [ -81.434494, 28.39477 ], [ -81.434563, 28.394919 ], [ -81.435047, 28.395599 ], [ -81.43567, 28.396454 ], [ -81.43586, 28.396718 ], [ -81.43605, 28.396982 ], [ -81.436193, 28.397186 ], [ -81.436496, 28.39761 ], [ -81.436641, 28.397813 ], [ -81.436591, 28.397929 ], [ -81.43656, 28.398033 ], [ -81.436535, 28.398232 ], [ -81.43656, 28.398353 ], [ -81.436604, 28.398452 ], [ -81.436604, 28.398479 ], [ -81.436641, 28.39854 ], [ -81.436704, 28.398609 ], [ -81.436722, 28.398628 ], [ -81.43684, 28.398694 ], [ -81.43689, 28.398738 ], [ -81.43694, 28.398782 ], [ -81.436977, 28.398839 ], [ -81.437022, 28.398898 ], [ -81.437077, 28.398992 ], [ -81.437095, 28.399028 ], [ -81.437109, 28.399057 ], [ -81.437143, 28.399198 ], [ -81.437162, 28.399341 ], [ -81.437194, 28.399519 ], [ -81.437224, 28.399624 ], [ -81.437323, 28.399861 ], [ -81.437484, 28.400346 ], [ -81.437525, 28.400448 ], [ -81.437744, 28.400609 ], [ -81.437774, 28.400631 ], [ -81.437801, 28.40066 ], [ -81.437836, 28.400725 ], [ -81.43789, 28.400862 ], [ -81.437932, 28.401001 ], [ -81.437959, 28.401067 ], [ -81.437979, 28.401137 ], [ -81.437966, 28.401241 ], [ -81.437935, 28.401302 ], [ -81.437842, 28.401407 ], [ -81.43773, 28.401605 ], [ -81.437531, 28.401896 ], [ -81.437481, 28.401957 ], [ -81.437301, 28.402309 ], [ -81.437114, 28.402529 ], [ -81.436877, 28.402881 ], [ -81.436709, 28.403195 ], [ -81.436597, 28.403459 ], [ -81.436392, 28.403734 ], [ -81.436168, 28.403982 ], [ -81.436025, 28.404103 ], [ -81.435795, 28.404268 ], [ -81.435552, 28.40451 ], [ -81.435421, 28.40462 ], [ -81.435315, 28.404741 ], [ -81.435247, 28.404851 ], [ -81.435054, 28.405033 ], [ -81.434842, 28.405203 ], [ -81.434332, 28.405655 ], [ -81.434201, 28.405743 ], [ -81.43404, 28.405924 ], [ -81.433996, 28.406023 ], [ -81.433971, 28.406122 ], [ -81.43394, 28.406452 ], [ -81.433865, 28.406959 ], [ -81.433784, 28.407927 ], [ -81.433753, 28.408268 ], [ -81.433535, 28.409908 ], [ -81.433497, 28.410297 ], [ -81.433479, 28.41048 ], [ -81.433417, 28.410684 ], [ -81.433349, 28.410816 ], [ -81.433224, 28.410976 ], [ -81.433075, 28.411108 ], [ -81.432732, 28.411355 ], [ -81.432602, 28.411427 ], [ -81.432452, 28.412269 ], [ -81.43234, 28.412879 ], [ -81.432055, 28.414543 ], [ -81.431976, 28.415002 ], [ -81.431961, 28.415087 ], [ -81.431898, 28.41546 ], [ -81.431826, 28.415774 ], [ -81.431755, 28.416087 ], [ -81.431647, 28.416714 ], [ -81.431587, 28.417067 ], [ -81.43155, 28.417155 ], [ -81.431494, 28.417237 ], [ -81.431431, 28.41732 ], [ -81.431332, 28.417397 ], [ -81.431027, 28.417672 ], [ -81.430868, 28.417828 ], [ -81.430641, 28.418052 ], [ -81.430317, 28.418354 ], [ -81.43005, 28.418701 ], [ -81.429913, 28.418938 ], [ -81.429844, 28.419158 ], [ -81.429832, 28.419328 ], [ -81.429676, 28.420005 ], [ -81.429676, 28.420025 ], [ -81.429676, 28.420165 ], [ -81.429645, 28.420247 ], [ -81.429576, 28.420324 ], [ -81.429489, 28.420484 ], [ -81.429296, 28.420776 ], [ -81.428775, 28.421102 ], [ -81.428592, 28.421218 ], [ -81.428572, 28.4213 ], [ -81.428274, 28.421304 ], [ -81.427623, 28.421295 ], [ -81.427136, 28.421289 ], [ -81.426439, 28.421297 ], [ -81.425479, 28.421366 ], [ -81.42503, 28.421444 ], [ -81.424395, 28.421568 ], [ -81.423358, 28.421862 ], [ -81.422939, 28.422041 ], [ -81.422705, 28.422141 ], [ -81.422653, 28.422164 ], [ -81.422498, 28.422226 ], [ -81.421979, 28.422481 ], [ -81.421639, 28.422644 ], [ -81.421166, 28.422938 ], [ -81.420694, 28.423279 ], [ -81.420392, 28.423519 ], [ -81.419897, 28.423976 ], [ -81.419378, 28.424541 ], [ -81.418813, 28.425338 ], [ -81.418487, 28.425865 ], [ -81.418162, 28.426368 ], [ -81.417593, 28.427211 ], [ -81.41729, 28.42766 ], [ -81.416754, 28.428291 ], [ -81.416305, 28.428793 ], [ -81.415484, 28.429605 ], [ -81.414567, 28.430409 ], [ -81.4138, 28.430986 ], [ -81.413586, 28.431118 ], [ -81.413072, 28.43146 ], [ -81.412393, 28.431855 ], [ -81.411671, 28.432247 ], [ -81.410543, 28.432784 ], [ -81.409291, 28.433265 ], [ -81.409017, 28.433384 ], [ -81.408773, 28.433452 ], [ -81.408557, 28.433257 ], [ -81.407801, 28.432514 ], [ -81.406694, 28.431645 ], [ -81.404813, 28.430359 ], [ -81.404639, 28.430249 ], [ -81.404512, 28.430177 ], [ -81.404026, 28.429879 ], [ -81.40298, 28.429159 ], [ -81.402764, 28.42903 ], [ -81.40221, 28.428695 ], [ -81.401527, 28.42816 ], [ -81.400798, 28.427683 ], [ -81.400547, 28.427522 ], [ -81.400154, 28.427253 ], [ -81.400134, 28.427239 ], [ -81.400109, 28.427223 ], [ -81.399464, 28.4268 ], [ -81.398839, 28.426388 ], [ -81.397613, 28.425538 ], [ -81.396985, 28.425029 ], [ -81.395821, 28.42394 ], [ -81.395376, 28.423447 ], [ -81.39469, 28.42263 ], [ -81.394187, 28.421949 ], [ -81.393823, 28.421449 ], [ -81.393559, 28.420985 ], [ -81.393265, 28.420498 ], [ -81.392853, 28.419744 ], [ -81.392765, 28.419479 ], [ -81.392414, 28.418646 ], [ -81.392274, 28.418271 ], [ -81.392168, 28.417958 ], [ -81.39192, 28.417114 ], [ -81.391746, 28.416383 ], [ -81.3916, 28.415545 ], [ -81.391521, 28.414915 ], [ -81.391487, 28.414127 ], [ -81.391437, 28.411968 ], [ -81.391442, 28.411624 ], [ -81.391408, 28.410876 ], [ -81.391417, 28.409986 ], [ -81.391392, 28.406679 ], [ -81.391392, 28.406616 ], [ -81.391358, 28.406005 ], [ -81.391357, 28.405908 ], [ -81.391352, 28.405448 ], [ -81.391315, 28.402025 ], [ -81.391303, 28.400842 ], [ -81.391285, 28.399492 ], [ -81.391261, 28.398668 ], [ -81.391255, 28.397813 ], [ -81.391237, 28.396583 ], [ -81.391243, 28.396494 ], [ -81.391242, 28.396402 ], [ -81.391221, 28.394506 ], [ -81.391203, 28.393448 ], [ -81.39119, 28.3919 ], [ -81.391167, 28.391037 ], [ -81.391121, 28.387216 ], [ -81.391109, 28.387094 ], [ -81.391109, 28.386958 ], [ -81.391109, 28.386577 ], [ -81.391086, 28.384709 ], [ -81.391047, 28.383398 ], [ -81.390963, 28.381981 ], [ -81.390888, 28.380802 ], [ -81.390795, 28.379958 ], [ -81.390694, 28.379082 ], [ -81.390654, 28.378757 ], [ -81.390473, 28.377097 ], [ -81.390331, 28.375909 ], [ -81.39015, 28.374377 ], [ -81.390093, 28.373984 ], [ -81.389832, 28.371538 ], [ -81.389762, 28.370986 ], [ -81.389739, 28.370798 ], [ -81.389705, 28.370419 ], [ -81.389577, 28.369323 ], [ -81.389457, 28.368273 ], [ -81.38943, 28.368018 ], [ -81.389299, 28.366868 ], [ -81.389239, 28.366329 ], [ -81.389162, 28.365823 ], [ -81.389101, 28.365213 ], [ -81.388876, 28.36357 ], [ -81.388703, 28.362691 ], [ -81.388545, 28.362144 ], [ -81.388418, 28.361626 ], [ -81.388215, 28.360965 ], [ -81.388035, 28.36035 ], [ -81.387511, 28.359138 ], [ -81.387427, 28.358876 ], [ -81.387375, 28.35877 ], [ -81.387189, 28.358309 ], [ -81.387013, 28.357872 ], [ -81.386207, 28.35587 ], [ -81.385782, 28.35484 ], [ -81.385454, 28.354017 ], [ -81.38535, 28.353759 ], [ -81.384495, 28.351459 ], [ -81.384137, 28.350598 ], [ -81.383277, 28.348594 ], [ -81.382969, 28.347886 ], [ -81.383207, 28.347886 ], [ -81.383267, 28.347887 ], [ -81.383383, 28.347886 ], [ -81.383717, 28.347886 ], [ -81.383752, 28.347886 ], [ -81.38378, 28.347886 ], [ -81.383867, 28.347886 ], [ -81.384781, 28.347886 ], [ -81.38558, 28.347886 ], [ -81.387225, 28.347886 ], [ -81.387294, 28.347886 ], [ -81.387525, 28.347886 ], [ -81.38844, 28.347886 ], [ -81.388525, 28.347883 ], [ -81.388648, 28.347881 ], [ -81.388784, 28.347879 ], [ -81.388843, 28.347879 ], [ -81.38887, 28.347878 ], [ -81.389529, 28.347858 ], [ -81.391508, 28.347797 ], [ -81.391893, 28.347786 ], [ -81.392168, 28.347784 ], [ -81.393391, 28.347786 ], [ -81.397044, 28.34782 ], [ -81.39794, 28.347829 ], [ -81.398264, 28.347832 ], [ -81.399423, 28.347843 ], [ -81.401621, 28.347865 ], [ -81.402768, 28.347876 ], [ -81.402903, 28.347876 ], [ -81.403045, 28.347877 ], [ -81.403365, 28.347882 ], [ -81.403968, 28.347885 ], [ -81.404063, 28.347886 ], [ -81.404158, 28.347886 ], [ -81.404182, 28.347886 ], [ -81.405714, 28.34789 ], [ -81.406347, 28.347891 ], [ -81.408825, 28.347897 ], [ -81.412154, 28.347905 ], [ -81.413199, 28.347907 ], [ -81.415484, 28.347913 ], [ -81.416242, 28.347914 ], [ -81.417797, 28.347918 ], [ -81.418519, 28.34792 ], [ -81.419278, 28.347922 ], [ -81.41935, 28.347922 ], [ -81.419528, 28.347922 ], [ -81.419542, 28.347922 ], [ -81.419641, 28.347923 ], [ -81.419739, 28.347923 ], [ -81.419781, 28.347923 ], [ -81.419884, 28.347923 ], [ -81.420549, 28.347925 ], [ -81.42107, 28.347927 ], [ -81.42217, 28.347929 ], [ -81.422498, 28.347929 ], [ -81.422904, 28.347931 ], [ -81.423278, 28.347932 ], [ -81.423731, 28.347932 ], [ -81.424184, 28.347933 ], [ -81.424441, 28.347933 ], [ -81.424621, 28.347934 ], [ -81.425933, 28.347937 ], [ -81.426371, 28.347938 ], [ -81.428451, 28.347942 ], [ -81.434693, 28.347957 ], [ -81.436774, 28.347962 ], [ -81.437152, 28.347962 ], [ -81.438288, 28.347965 ], [ -81.439349, 28.347967 ], [ -81.439531, 28.347967 ], [ -81.440508, 28.347969 ], [ -81.443878, 28.347977 ], [ -81.444054, 28.347974 ], [ -81.445019, 28.347957 ], [ -81.44609, 28.347938 ], [ -81.447245, 28.347918 ], [ -81.447928, 28.347905 ], [ -81.452347, 28.347875 ], [ -81.452539, 28.347877 ], [ -81.455838, 28.347861 ], [ -81.457666, 28.347852 ], [ -81.457753, 28.347852 ], [ -81.457751, 28.347463 ], [ -81.45775, 28.347378 ], [ -81.45775, 28.347284 ], [ -81.468592, 28.347213 ], [ -81.468664, 28.353866 ], [ -81.468663, 28.354127 ], [ -81.468782, 28.371315 ] ] ] ] } },
{ "type": "Feature", "properties": { "ZCTA5CE20": "32805", "GEOID20": "32805", "GEOIDFQ20": "860Z200US32805", "CLASSFP20": "B5", "MTFCC20": "G6350", "FUNCSTAT20": "S", "ALAND20": 17630807, "AWATER20": 2847669, "INTPTLAT20": "+28.5299736", "INTPTLON20": "-081.4064015" }, "geometry": { "type": "MultiPolygon", "coordinates": [ [ [ [ -81.433753, 28.547697 ], [ -81.433587, 28.547742 ], [ -81.433558, 28.547747 ], [ -81.433512, 28.547756 ], [ -81.433478, 28.547763 ], [ -81.433368, 28.547778 ], [ -81.433257, 28.547787 ], [ -81.433145, 28.547791 ], [ -81.433033, 28.547788 ], [ -81.432922, 28.54778 ], [ -81.432774, 28.547757 ], [ -81.43253, 28.54772 ], [ -81.432475, 28.547712 ], [ -81.432314, 28.547679 ], [ -81.431671, 28.547548 ], [ -81.431457, 28.547505 ], [ -81.43144, 28.547674 ], [ -81.43144, 28.547813 ], [ -81.431444, 28.54874 ], [ -81.431446, 28.548994 ], [ -81.431385, 28.548991 ], [ -81.431288, 28.548988 ], [ -81.43072, 28.548994 ], [ -81.430612, 28.548995 ], [ -81.43053, 28.548995 ], [ -81.430483, 28.548996 ], [ -81.430361, 28.548996 ], [ -81.430362, 28.549035 ], [ -81.430363, 28.549082 ], [ -81.430363, 28.549113 ], [ -81.430363, 28.549206 ], [ -81.430364, 28.549237 ], [ -81.430372, 28.549917 ], [ -81.430387, 28.551133 ], [ -81.430404, 28.551385 ], [ -81.430405, 28.551556 ], [ -81.430295, 28.55156 ], [ -81.429357, 28.551569 ], [ -81.429374, 28.550825 ], [ -81.421934, 28.550897 ], [ -81.421943, 28.551676 ], [ -81.420072, 28.551693 ], [ -81.420074, 28.551878 ], [ -81.420075, 28.552027 ], [ -81.420079, 28.552477 ], [ -81.42008, 28.55252 ], [ -81.420077, 28.552627 ], [ -81.420076, 28.552649 ], [ -81.418897, 28.552637 ], [ -81.418124, 28.552651 ], [ -81.418004, 28.552651 ], [ -81.418004, 28.552575 ], [ -81.418007, 28.552038 ], [ -81.418008, 28.55186 ], [ -81.418008, 28.5518 ], [ -81.418008, 28.551624 ], [ -81.418009, 28.551565 ], [ -81.418009, 28.551357 ], [ -81.418012, 28.550808 ], [ -81.41801, 28.550736 ], [ -81.418007, 28.550529 ], [ -81.417515, 28.550532 ], [ -81.417231, 28.550535 ], [ -81.415594, 28.550555 ], [ -81.414904, 28.550558 ], [ -81.414855, 28.550559 ], [ -81.414129, 28.550567 ], [ -81.41405, 28.550567 ], [ -81.413869, 28.550569 ], [ -81.413887, 28.551176 ], [ -81.413947, 28.552195 ], [ -81.413961, 28.552691 ], [ -81.413968, 28.552933 ], [ -81.413905, 28.552928 ], [ -81.413705, 28.552925 ], [ -81.412165, 28.55292 ], [ -81.410772, 28.552933 ], [ -81.40981, 28.552949 ], [ -81.407229, 28.552961 ], [ -81.406388, 28.552953 ], [ -81.405708, 28.552921 ], [ -81.405707, 28.552882 ], [ -81.405696, 28.552868 ], [ -81.405694, 28.552791 ], [ -81.405693, 28.552657 ], [ -81.405684, 28.552027 ], [ -81.405682, 28.551817 ], [ -81.405475, 28.551817 ], [ -81.404854, 28.551821 ], [ -81.404648, 28.551822 ], [ -81.404442, 28.551822 ], [ -81.404424, 28.551823 ], [ -81.403827, 28.551833 ], [ -81.403622, 28.551837 ], [ -81.403642, 28.552897 ], [ -81.402884, 28.552899 ], [ -81.402608, 28.552903 ], [ -81.402557, 28.552903 ], [ -81.401592, 28.552915 ], [ -81.400603, 28.552924 ], [ -81.400195, 28.552927 ], [ -81.40019, 28.552395 ], [ -81.39851, 28.552406 ], [ -81.398504, 28.551878 ], [ -81.397438, 28.551888 ], [ -81.397406, 28.55098 ], [ -81.397406, 28.550952 ], [ -81.397386, 28.550946 ], [ -81.397346, 28.550938 ], [ -81.397306, 28.550927 ], [ -81.39723, 28.550897 ], [ -81.396957, 28.550739 ], [ -81.396853, 28.550869 ], [ -81.39674, 28.550994 ], [ -81.396558, 28.55117 ], [ -81.396453, 28.551264 ], [ -81.396359, 28.551359 ], [ -81.396234, 28.551507 ], [ -81.396189, 28.551569 ], [ -81.39614, 28.551638 ], [ -81.396098, 28.551699 ], [ -81.396027, 28.551808 ], [ -81.395975, 28.551896 ], [ -81.395884, 28.552076 ], [ -81.395867, 28.552115 ], [ -81.395807, 28.552262 ], [ -81.395775, 28.552357 ], [ -81.395763, 28.552396 ], [ -81.395746, 28.552453 ], [ -81.395711, 28.552588 ], [ -81.3957, 28.552628 ], [ -81.395691, 28.552667 ], [ -81.395675, 28.552747 ], [ -81.395665, 28.552807 ], [ -81.395663, 28.552827 ], [ -81.395658, 28.552868 ], [ -81.395652, 28.552948 ], [ -81.395628, 28.552949 ], [ -81.395556, 28.552951 ], [ -81.395532, 28.552952 ], [ -81.395514, 28.552952 ], [ -81.395464, 28.552953 ], [ -81.395447, 28.552954 ], [ -81.395292, 28.552958 ], [ -81.395136, 28.552964 ], [ -81.394829, 28.552965 ], [ -81.394675, 28.552966 ], [ -81.394402, 28.552967 ], [ -81.393586, 28.552973 ], [ -81.393314, 28.552975 ], [ -81.393309, 28.552518 ], [ -81.389119, 28.552547 ], [ -81.389115, 28.552275 ], [ -81.389112, 28.552096 ], [ -81.389108, 28.551901 ], [ -81.389098, 28.551319 ], [ -81.389095, 28.551125 ], [ -81.389093, 28.551067 ], [ -81.389089, 28.550893 ], [ -81.389088, 28.550836 ], [ -81.389085, 28.55073 ], [ -81.38908, 28.550522 ], [ -81.389078, 28.550414 ], [ -81.389078, 28.550309 ], [ -81.389075, 28.550108 ], [ -81.389071, 28.549627 ], [ -81.389072, 28.549507 ], [ -81.389076, 28.549307 ], [ -81.389091, 28.548663 ], [ -81.389104, 28.548488 ], [ -81.389116, 28.548334 ], [ -81.389117, 28.548046 ], [ -81.389115, 28.547531 ], [ -81.389104, 28.546772 ], [ -81.389104, 28.546758 ], [ -81.389101, 28.546235 ], [ -81.389099, 28.546101 ], [ -81.389097, 28.546022 ], [ -81.389094, 28.545785 ], [ -81.389093, 28.545707 ], [ -81.389089, 28.545521 ], [ -81.389079, 28.544963 ], [ -81.389076, 28.544778 ], [ -81.389073, 28.544594 ], [ -81.389067, 28.544042 ], [ -81.389065, 28.543858 ], [ -81.389064, 28.543768 ], [ -81.389061, 28.543501 ], [ -81.389061, 28.543412 ], [ -81.389043, 28.541998 ], [ -81.387593, 28.541997 ], [ -81.386996, 28.542001 ], [ -81.386584, 28.542002 ], [ -81.385351, 28.542009 ], [ -81.38494, 28.542011 ], [ -81.384944, 28.541825 ], [ -81.384956, 28.541269 ], [ -81.384958, 28.541223 ], [ -81.384957, 28.541084 ], [ -81.384956, 28.541023 ], [ -81.384954, 28.540842 ], [ -81.384954, 28.540782 ], [ -81.384948, 28.540181 ], [ -81.383873, 28.540181 ], [ -81.383234, 28.540182 ], [ -81.382851, 28.540197 ], [ -81.382787, 28.540205 ], [ -81.382703, 28.540212 ], [ -81.382644, 28.540218 ], [ -81.382593, 28.540219 ], [ -81.382417, 28.540223 ], [ -81.382445, 28.539816 ], [ -81.382487, 28.538974 ], [ -81.382537, 28.53838 ], [ -81.382538, 28.538361 ], [ -81.38254, 28.538316 ], [ -81.382542, 28.538294 ], [ -81.382543, 28.538276 ], [ -81.382549, 28.538195 ], [ -81.38255, 28.538174 ], [ -81.382547, 28.538156 ], [ -81.382556, 28.538054 ], [ -81.382577, 28.537882 ], [ -81.382603, 28.537667 ], [ -81.38267, 28.537283 ], [ -81.382725, 28.537034 ], [ -81.382746, 28.536953 ], [ -81.382863, 28.536575 ], [ -81.382942, 28.536329 ], [ -81.382992, 28.536176 ], [ -81.383012, 28.536113 ], [ -81.383055, 28.535955 ], [ -81.383161, 28.535697 ], [ -81.383244, 28.535496 ], [ -81.383299, 28.535386 ], [ -81.383322, 28.53534 ], [ -81.383347, 28.535293 ], [ -81.383453, 28.535097 ], [ -81.383469, 28.535069 ], [ -81.38374, 28.534581 ], [ -81.383788, 28.534488 ], [ -81.383815, 28.534434 ], [ -81.383958, 28.534161 ], [ -81.384005, 28.534071 ], [ -81.384381, 28.533465 ], [ -81.384744, 28.532899 ], [ -81.384817, 28.532771 ], [ -81.38492, 28.532632 ], [ -81.384967, 28.532534 ], [ -81.385129, 28.532329 ], [ -81.385712, 28.531504 ], [ -81.385825, 28.531324 ], [ -81.385942, 28.531062 ], [ -81.385868, 28.531061 ], [ -81.385821, 28.531061 ], [ -81.385689, 28.53106 ], [ -81.385626, 28.53106 ], [ -81.385271, 28.531058 ], [ -81.385044, 28.531057 ], [ -81.384929, 28.531057 ], [ -81.38485, 28.531057 ], [ -81.384833, 28.530862 ], [ -81.384794, 28.530411 ], [ -81.38479, 28.530279 ], [ -81.384785, 28.530085 ], [ -81.384761, 28.529244 ], [ -81.384762, 28.5291 ], [ -81.384765, 28.528698 ], [ -81.38475, 28.527875 ], [ -81.384101, 28.527887 ], [ -81.383523, 28.527892 ], [ -81.383145, 28.527897 ], [ -81.38314, 28.527169 ], [ -81.383541, 28.527164 ], [ -81.383541, 28.52703 ], [ -81.383231, 28.527031 ], [ -81.383238, 28.526248 ], [ -81.384095, 28.526234 ], [ -81.384092, 28.525581 ], [ -81.384079, 28.525135 ], [ -81.383909, 28.525141 ], [ -81.383906, 28.524031 ], [ -81.383605, 28.524036 ], [ -81.383612, 28.523796 ], [ -81.383894, 28.523828 ], [ -81.383975, 28.523806 ], [ -81.383971, 28.523344 ], [ -81.38365, 28.523347 ], [ -81.383622, 28.522621 ], [ -81.383675, 28.52243 ], [ -81.383919, 28.522039 ], [ -81.383968, 28.521778 ], [ -81.383954, 28.52086 ], [ -81.384683, 28.520832 ], [ -81.384678, 28.52053 ], [ -81.384671, 28.520168 ], [ -81.384668, 28.519986 ], [ -81.384668, 28.519958 ], [ -81.384671, 28.519329 ], [ -81.384673, 28.51912 ], [ -81.384673, 28.519092 ], [ -81.384668, 28.5186 ], [ -81.384679, 28.517202 ], [ -81.384676, 28.517041 ], [ -81.384671, 28.516692 ], [ -81.38467, 28.516607 ], [ -81.384668, 28.516522 ], [ -81.38466, 28.516502 ], [ -81.384665, 28.516294 ], [ -81.384664, 28.516225 ], [ -81.384659, 28.51587 ], [ -81.38466, 28.515612 ], [ -81.384653, 28.515331 ], [ -81.384647, 28.515033 ], [ -81.384646, 28.514993 ], [ -81.384645, 28.514876 ], [ -81.384645, 28.514837 ], [ -81.384644, 28.514669 ], [ -81.38466, 28.51454 ], [ -81.384693, 28.514408 ], [ -81.384742, 28.514281 ], [ -81.384807, 28.514161 ], [ -81.38489, 28.514043 ], [ -81.38481, 28.513938 ], [ -81.384666, 28.513732 ], [ -81.384633, 28.513673 ], [ -81.384593, 28.513577 ], [ -81.384577, 28.513511 ], [ -81.384541, 28.513427 ], [ -81.384455, 28.513294 ], [ -81.384391, 28.513216 ], [ -81.384536, 28.513107 ], [ -81.384538, 28.513021 ], [ -81.384537, 28.512979 ], [ -81.384537, 28.512857 ], [ -81.38463, 28.512857 ], [ -81.384632, 28.512555 ], [ -81.384627, 28.512131 ], [ -81.384627, 28.512035 ], [ -81.384622, 28.510892 ], [ -81.384614, 28.509213 ], [ -81.38455, 28.509214 ], [ -81.384544, 28.508389 ], [ -81.384537, 28.507481 ], [ -81.384536, 28.507294 ], [ -81.384647, 28.507209 ], [ -81.384758, 28.507126 ], [ -81.385274, 28.506733 ], [ -81.38543, 28.506655 ], [ -81.386672, 28.506038 ], [ -81.387553, 28.505546 ], [ -81.387623, 28.505525 ], [ -81.388413, 28.505292 ], [ -81.388395, 28.505247 ], [ -81.388327, 28.504944 ], [ -81.388364, 28.504785 ], [ -81.388358, 28.504663 ], [ -81.388377, 28.504537 ], [ -81.38847, 28.504344 ], [ -81.388526, 28.504328 ], [ -81.388645, 28.504317 ], [ -81.388701, 28.504333 ], [ -81.388819, 28.50435 ], [ -81.389056, 28.504482 ], [ -81.389436, 28.504658 ], [ -81.389797, 28.504752 ], [ -81.390551, 28.504741 ], [ -81.391149, 28.504664 ], [ -81.391269, 28.504677 ], [ -81.391441, 28.504698 ], [ -81.391514, 28.504686 ], [ -81.391697, 28.504659 ], [ -81.391772, 28.504632 ], [ -81.391865, 28.504527 ], [ -81.391965, 28.504384 ], [ -81.392083, 28.504115 ], [ -81.392139, 28.503933 ], [ -81.392146, 28.503817 ], [ -81.392246, 28.503273 ], [ -81.392264, 28.503064 ], [ -81.392296, 28.502921 ], [ -81.392358, 28.502761 ], [ -81.392433, 28.502667 ], [ -81.392576, 28.502574 ], [ -81.3927, 28.502535 ], [ -81.39313, 28.502514 ], [ -81.39356, 28.502514 ], [ -81.393753, 28.502525 ], [ -81.393878, 28.502558 ], [ -81.393914, 28.503633 ], [ -81.393972, 28.50363 ], [ -81.394053, 28.503629 ], [ -81.394722, 28.503627 ], [ -81.394945, 28.503627 ], [ -81.395332, 28.503621 ], [ -81.396177, 28.503611 ], [ -81.396374, 28.503603 ], [ -81.396493, 28.503602 ], [ -81.396692, 28.503602 ], [ -81.396881, 28.503597 ], [ -81.396882, 28.50378 ], [ -81.396885, 28.504328 ], [ -81.396887, 28.504512 ], [ -81.396891, 28.504694 ], [ -81.396896, 28.504855 ], [ -81.396896, 28.505242 ], [ -81.396897, 28.505425 ], [ -81.396911, 28.506338 ], [ -81.396934, 28.507251 ], [ -81.396936, 28.507336 ], [ -81.396936, 28.507384 ], [ -81.396939, 28.50753 ], [ -81.39694, 28.507579 ], [ -81.396941, 28.507685 ], [ -81.396945, 28.507846 ], [ -81.396945, 28.508004 ], [ -81.396946, 28.508111 ], [ -81.396946, 28.508149 ], [ -81.396946, 28.508216 ], [ -81.396946, 28.508319 ], [ -81.396951, 28.508808 ], [ -81.396953, 28.50898 ], [ -81.397003, 28.509137 ], [ -81.397036, 28.510066 ], [ -81.397351, 28.509952 ], [ -81.397572, 28.509873 ], [ -81.397988, 28.50974 ], [ -81.398317, 28.509648 ], [ -81.39865, 28.509567 ], [ -81.398986, 28.509497 ], [ -81.399136, 28.509458 ], [ -81.399501, 28.509407 ], [ -81.400099, 28.50935 ], [ -81.400293, 28.509345 ], [ -81.401135, 28.509322 ], [ -81.401309, 28.509318 ], [ -81.401436, 28.509329 ], [ -81.402329, 28.509309 ], [ -81.402672, 28.509325 ], [ -81.404083, 28.509291 ], [ -81.404889, 28.509251 ], [ -81.406991, 28.509185 ], [ -81.407842, 28.509174 ], [ -81.408036, 28.509171 ], [ -81.408078, 28.509171 ], [ -81.410875, 28.509136 ], [ -81.412936, 28.50914 ], [ -81.413458, 28.509148 ], [ -81.413967, 28.509148 ], [ -81.414606, 28.509138 ], [ -81.41478, 28.509136 ], [ -81.415269, 28.509115 ], [ -81.415646, 28.509099 ], [ -81.416307, 28.509016 ], [ -81.417105, 28.50886 ], [ -81.418143, 28.508575 ], [ -81.418331, 28.508497 ], [ -81.418648, 28.508366 ], [ -81.418799, 28.508574 ], [ -81.418978, 28.508782 ], [ -81.419365, 28.508611 ], [ -81.419612, 28.508494 ], [ -81.420014, 28.508274 ], [ -81.42076, 28.507793 ], [ -81.421364, 28.507359 ], [ -81.422078, 28.506651 ], [ -81.422241, 28.506479 ], [ -81.422828, 28.505795 ], [ -81.423202, 28.505436 ], [ -81.423376, 28.505226 ], [ -81.423606, 28.505216 ], [ -81.423749, 28.505214 ], [ -81.423855, 28.505216 ], [ -81.423842, 28.505229 ], [ -81.423834, 28.505238 ], [ -81.423815, 28.505279 ], [ -81.423814, 28.505293 ], [ -81.423812, 28.505322 ], [ -81.423813, 28.505408 ], [ -81.423814, 28.505438 ], [ -81.423814, 28.505476 ], [ -81.423817, 28.50559 ], [ -81.423818, 28.505628 ], [ -81.423819, 28.505693 ], [ -81.423823, 28.505888 ], [ -81.423824, 28.505928 ], [ -81.423825, 28.505954 ], [ -81.423826, 28.505982 ], [ -81.424536, 28.505976 ], [ -81.425889, 28.505962 ], [ -81.425898, 28.506779 ], [ -81.425899, 28.506869 ], [ -81.425906, 28.506936 ], [ -81.426024, 28.506935 ], [ -81.426092, 28.506934 ], [ -81.426106, 28.506934 ], [ -81.426125, 28.506934 ], [ -81.42615, 28.506936 ], [ -81.426165, 28.506938 ], [ -81.426181, 28.506939 ], [ -81.426206, 28.506945 ], [ -81.426263, 28.506961 ], [ -81.426323, 28.50699 ], [ -81.426337, 28.506997 ], [ -81.42636, 28.507012 ], [ -81.426314, 28.507073 ], [ -81.426256, 28.507167 ], [ -81.426212, 28.50724 ], [ -81.426125, 28.507412 ], [ -81.426054, 28.50759 ], [ -81.426026, 28.507677 ], [ -81.425971, 28.507856 ], [ -81.425934, 28.508036 ], [ -81.425919, 28.508179 ], [ -81.425916, 28.50859 ], [ -81.425916, 28.508609 ], [ -81.425925, 28.508775 ], [ -81.425931, 28.508905 ], [ -81.425935, 28.509479 ], [ -81.425939, 28.509859 ], [ -81.42594, 28.511139 ], [ -81.425941, 28.511593 ], [ -81.425942, 28.511617 ], [ -81.425957, 28.512298 ], [ -81.425965, 28.51281 ], [ -81.425968, 28.513013 ], [ -81.425973, 28.513323 ], [ -81.425993, 28.515161 ], [ -81.425998, 28.5156 ], [ -81.425999, 28.515877 ], [ -81.425999, 28.51592 ], [ -81.425999, 28.51605 ], [ -81.425999, 28.516094 ], [ -81.426, 28.516166 ], [ -81.426006, 28.516382 ], [ -81.426009, 28.516455 ], [ -81.426007, 28.516569 ], [ -81.426002, 28.516915 ], [ -81.426001, 28.51703 ], [ -81.426018, 28.517495 ], [ -81.426025, 28.517655 ], [ -81.426027, 28.518622 ], [ -81.426035, 28.518891 ], [ -81.426043, 28.51912 ], [ -81.426042, 28.519357 ], [ -81.426042, 28.519794 ], [ -81.426044, 28.520447 ], [ -81.426031, 28.521106 ], [ -81.42603, 28.521159 ], [ -81.426034, 28.521544 ], [ -81.426035, 28.521625 ], [ -81.426038, 28.521872 ], [ -81.426039, 28.521954 ], [ -81.42604, 28.522054 ], [ -81.426043, 28.522245 ], [ -81.426047, 28.522357 ], [ -81.426051, 28.522458 ], [ -81.426054, 28.522518 ], [ -81.426053, 28.522551 ], [ -81.426053, 28.52283 ], [ -81.426053, 28.522924 ], [ -81.426053, 28.523016 ], [ -81.426053, 28.523292 ], [ -81.426053, 28.523385 ], [ -81.426054, 28.523674 ], [ -81.426059, 28.524541 ], [ -81.426061, 28.52483 ], [ -81.426061, 28.524903 ], [ -81.426061, 28.525122 ], [ -81.426062, 28.525196 ], [ -81.426062, 28.525376 ], [ -81.426064, 28.525588 ], [ -81.426078, 28.525879 ], [ -81.426078, 28.525918 ], [ -81.426082, 28.526099 ], [ -81.426084, 28.526273 ], [ -81.426091, 28.526795 ], [ -81.426094, 28.52697 ], [ -81.426095, 28.52716 ], [ -81.426098, 28.527733 ], [ -81.4261, 28.527924 ], [ -81.426103, 28.528107 ], [ -81.426137, 28.52832 ], [ -81.426137, 28.528653 ], [ -81.426138, 28.528747 ], [ -81.426154, 28.528778 ], [ -81.426194, 28.528815 ], [ -81.42619, 28.529221 ], [ -81.426193, 28.5302 ], [ -81.426196, 28.530641 ], [ -81.426209, 28.530695 ], [ -81.428186, 28.530693 ], [ -81.42832, 28.530693 ], [ -81.428293, 28.530801 ], [ -81.428196, 28.531196 ], [ -81.428173, 28.531291 ], [ -81.427964, 28.532109 ], [ -81.427856, 28.532365 ], [ -81.427599, 28.532978 ], [ -81.427406, 28.533569 ], [ -81.426992, 28.534352 ], [ -81.426675, 28.535264 ], [ -81.42612, 28.536181 ], [ -81.425781, 28.536759 ], [ -81.425628, 28.537022 ], [ -81.424933, 28.537953 ], [ -81.425564, 28.537939 ], [ -81.426077, 28.537928 ], [ -81.426078, 28.538082 ], [ -81.42801, 28.538082 ], [ -81.428721, 28.538081 ], [ -81.429693, 28.53808 ], [ -81.429711, 28.538265 ], [ -81.429487, 28.538617 ], [ -81.429455, 28.539288 ], [ -81.429595, 28.539575 ], [ -81.429708, 28.539805 ], [ -81.430825, 28.540085 ], [ -81.430827, 28.540239 ], [ -81.431228, 28.54026 ], [ -81.431248, 28.541694 ], [ -81.43119, 28.541694 ], [ -81.43075, 28.541695 ], [ -81.430436, 28.541695 ], [ -81.430394, 28.541695 ], [ -81.430295, 28.541696 ], [ -81.430297, 28.54188 ], [ -81.430297, 28.5419 ], [ -81.430297, 28.541962 ], [ -81.430298, 28.541983 ], [ -81.430298, 28.542005 ], [ -81.430298, 28.542072 ], [ -81.430299, 28.542095 ], [ -81.430301, 28.542291 ], [ -81.430309, 28.542827 ], [ -81.430309, 28.542882 ], [ -81.430309, 28.543079 ], [ -81.430308, 28.54319 ], [ -81.430306, 28.543493 ], [ -81.430306, 28.543526 ], [ -81.430306, 28.543639 ], [ -81.430303, 28.543817 ], [ -81.430295, 28.544352 ], [ -81.430293, 28.544531 ], [ -81.430292, 28.544592 ], [ -81.430291, 28.544776 ], [ -81.430291, 28.544838 ], [ -81.43029, 28.544904 ], [ -81.43029, 28.544938 ], [ -81.43029, 28.54502 ], [ -81.430296, 28.545241 ], [ -81.4303, 28.545342 ], [ -81.4303, 28.545371 ], [ -81.430301, 28.545385 ], [ -81.430303, 28.545434 ], [ -81.430309, 28.545581 ], [ -81.430312, 28.545631 ], [ -81.430316, 28.545724 ], [ -81.430318, 28.545766 ], [ -81.430317, 28.546006 ], [ -81.430601, 28.546102 ], [ -81.430751, 28.546152 ], [ -81.431017, 28.54625 ], [ -81.431183, 28.546324 ], [ -81.431433, 28.546449 ], [ -81.431703, 28.546584 ], [ -81.431775, 28.546621 ], [ -81.432404, 28.546949 ], [ -81.432718, 28.547113 ], [ -81.433835, 28.547668 ], [ -81.433753, 28.547697 ] ] ] ] } },
{ "type": "Feature", "properties": { "ZCTA5CE20": "32792", "GEOID20": "32792", "GEOIDFQ20": "860Z200US32792", "CLASSFP20": "B5", "MTFCC20": "G6350", "FUNCSTAT20": "S", "ALAND20": 31376887, "AWATER20": 1960222, "INTPTLAT20": "+28.6083524", "INTPTLON20": "-081.3005655" }, "geometry": { "type": "MultiPolygon", "coordinates": [ [ [ [ -81.313633, 28.626655 ], [ -81.313605, 28.626705 ], [ -81.313542, 28.626728 ], [ -81.313487, 28.626732 ], [ -81.31343, 28.626733 ], [ -81.31336, 28.62673 ], [ -81.313303, 28.626728 ], [ -81.313228, 28.626724 ], [ -81.31315, 28.626725 ], [ -81.313089, 28.626729 ], [ -81.313015, 28.626734 ], [ -81.312955, 28.626737 ], [ -81.312937, 28.626737 ], [ -81.312896, 28.626737 ], [ -81.312838, 28.626737 ], [ -81.312779, 28.626736 ], [ -81.312721, 28.626734 ], [ -81.312665, 28.626731 ], [ -81.312607, 28.626728 ], [ -81.312546, 28.626725 ], [ -81.312487, 28.626725 ], [ -81.312429, 28.626726 ], [ -81.312357, 28.626728 ], [ -81.312284, 28.62673 ], [ -81.312231, 28.626734 ], [ -81.312148, 28.626741 ], [ -81.312181, 28.626665 ], [ -81.31218, 28.626602 ], [ -81.312178, 28.626547 ], [ -81.312183, 28.626491 ], [ -81.312185, 28.626433 ], [ -81.312183, 28.62636 ], [ -81.312183, 28.626303 ], [ -81.312183, 28.626245 ], [ -81.312183, 28.626171 ], [ -81.312189, 28.626122 ], [ -81.312187, 28.626076 ], [ -81.312186, 28.626049 ], [ -81.312187, 28.626017 ], [ -81.312184, 28.625951 ], [ -81.312185, 28.625891 ], [ -81.312185, 28.625845 ], [ -81.312186, 28.625799 ], [ -81.312188, 28.625753 ], [ -81.31219, 28.625694 ], [ -81.312195, 28.625649 ], [ -81.312221, 28.625597 ], [ -81.312262, 28.62557 ], [ -81.312326, 28.625558 ], [ -81.312388, 28.625555 ], [ -81.31241, 28.625555 ], [ -81.312479, 28.625558 ], [ -81.31254, 28.62556 ], [ -81.312607, 28.625559 ], [ -81.312673, 28.625557 ], [ -81.31274, 28.625558 ], [ -81.312774, 28.625558 ], [ -81.312842, 28.62556 ], [ -81.312899, 28.625557 ], [ -81.312976, 28.625559 ], [ -81.313081, 28.625556 ], [ -81.31315, 28.625555 ], [ -81.313218, 28.625552 ], [ -81.313284, 28.625552 ], [ -81.313353, 28.625553 ], [ -81.313405, 28.625553 ], [ -81.313472, 28.625554 ], [ -81.313535, 28.625562 ], [ -81.31359, 28.625589 ], [ -81.313606, 28.625615 ], [ -81.313613, 28.625665 ], [ -81.313611, 28.625711 ], [ -81.313614, 28.625757 ], [ -81.313617, 28.625813 ], [ -81.313615, 28.625861 ], [ -81.313613, 28.62591 ], [ -81.313612, 28.625958 ], [ -81.313612, 28.62601 ], [ -81.313612, 28.626064 ], [ -81.313615, 28.62613 ], [ -81.313615, 28.626182 ], [ -81.313616, 28.626236 ], [ -81.313615, 28.626302 ], [ -81.313615, 28.626354 ], [ -81.313624, 28.626402 ], [ -81.313626, 28.626453 ], [ -81.313629, 28.626503 ], [ -81.313632, 28.626554 ], [ -81.313634, 28.626605 ], [ -81.313633, 28.626655 ] ] ], [ [ [ -81.330523, 28.583632 ], [ -81.330447, 28.583654 ], [ -81.330327, 28.583683 ], [ -81.32993, 28.583781 ], [ -81.329793, 28.583891 ], [ -81.329718, 28.584017 ], [ -81.329681, 28.584216 ], [ -81.329681, 28.584425 ], [ -81.329706, 28.584606 ], [ -81.329831, 28.585002 ], [ -81.329849, 28.585107 ], [ -81.32993, 28.585299 ], [ -81.329974, 28.585442 ], [ -81.329988, 28.585508 ], [ -81.329994, 28.585536 ], [ -81.330011, 28.585619 ], [ -81.330043, 28.5858 ], [ -81.330049, 28.586001 ], [ -81.330052, 28.58613 ], [ -81.330055, 28.586213 ], [ -81.329305, 28.586216 ], [ -81.327802, 28.586169 ], [ -81.327803, 28.586465 ], [ -81.327804, 28.586641 ], [ -81.32781, 28.586964 ], [ -81.328251, 28.586988 ], [ -81.328329, 28.589846 ], [ -81.32831, 28.58988 ], [ -81.328326, 28.592641 ], [ -81.327848, 28.59266 ], [ -81.327854, 28.593 ], [ -81.327853, 28.593026 ], [ -81.327853, 28.593107 ], [ -81.327853, 28.593134 ], [ -81.327851, 28.593279 ], [ -81.32785, 28.593452 ], [ -81.32785, 28.59351 ], [ -81.327852, 28.593714 ], [ -81.327853, 28.593781 ], [ -81.327856, 28.59386 ], [ -81.327856, 28.593876 ], [ -81.327862, 28.593968 ], [ -81.327863, 28.59406 ], [ -81.327872, 28.594458 ], [ -81.327873, 28.594663 ], [ -81.327874, 28.594864 ], [ -81.327876, 28.59513 ], [ -81.327884, 28.595929 ], [ -81.327887, 28.596196 ], [ -81.327888, 28.596383 ], [ -81.327889, 28.596549 ], [ -81.3279, 28.596945 ], [ -81.327902, 28.597004 ], [ -81.32791, 28.597133 ], [ -81.327912, 28.597297 ], [ -81.32792, 28.59779 ], [ -81.327923, 28.597955 ], [ -81.328237, 28.59795 ], [ -81.329179, 28.597938 ], [ -81.329494, 28.597935 ], [ -81.329497, 28.598119 ], [ -81.329507, 28.598674 ], [ -81.329511, 28.598859 ], [ -81.329197, 28.59886 ], [ -81.328399, 28.598866 ], [ -81.328325, 28.598874 ], [ -81.328257, 28.598877 ], [ -81.327944, 28.598891 ], [ -81.327956, 28.599087 ], [ -81.327963, 28.599669 ], [ -81.327964, 28.600339 ], [ -81.327967, 28.600399 ], [ -81.328004, 28.600526 ], [ -81.328014, 28.601263 ], [ -81.32799, 28.601436 ], [ -81.32799, 28.601562 ], [ -81.327997, 28.601764 ], [ -81.327998, 28.601888 ], [ -81.328, 28.602043 ], [ -81.328009, 28.602508 ], [ -81.328012, 28.602663 ], [ -81.328016, 28.602828 ], [ -81.328027, 28.603323 ], [ -81.328032, 28.603488 ], [ -81.328034, 28.60359 ], [ -81.328042, 28.603896 ], [ -81.328045, 28.603999 ], [ -81.328052, 28.604063 ], [ -81.328058, 28.604106 ], [ -81.328086, 28.604257 ], [ -81.328094, 28.604322 ], [ -81.328095, 28.604406 ], [ -81.328099, 28.604583 ], [ -81.3281, 28.604661 ], [ -81.328102, 28.604746 ], [ -81.328104, 28.604857 ], [ -81.32811, 28.60519 ], [ -81.328112, 28.605301 ], [ -81.328113, 28.605358 ], [ -81.328116, 28.605529 ], [ -81.328118, 28.605586 ], [ -81.32812, 28.605724 ], [ -81.328129, 28.606138 ], [ -81.328132, 28.606276 ], [ -81.328133, 28.606354 ], [ -81.328138, 28.606588 ], [ -81.32814, 28.606667 ], [ -81.328143, 28.60685 ], [ -81.328147, 28.607016 ], [ -81.328154, 28.607366 ], [ -81.328154, 28.607399 ], [ -81.328156, 28.607475 ], [ -81.328157, 28.607583 ], [ -81.328163, 28.607938 ], [ -81.328185, 28.608952 ], [ -81.328185, 28.608969 ], [ -81.32821, 28.610284 ], [ -81.328214, 28.610521 ], [ -81.328233, 28.610685 ], [ -81.328294, 28.611005 ], [ -81.328119, 28.610999 ], [ -81.327911, 28.611268 ], [ -81.327923, 28.61137 ], [ -81.327909, 28.612522 ], [ -81.327977, 28.615516 ], [ -81.328011, 28.617668 ], [ -81.328022, 28.618531 ], [ -81.328051, 28.620791 ], [ -81.327977, 28.621067 ], [ -81.327979, 28.621193 ], [ -81.327986, 28.621574 ], [ -81.327989, 28.621701 ], [ -81.327983, 28.621745 ], [ -81.327969, 28.621884 ], [ -81.327965, 28.621932 ], [ -81.327965, 28.622135 ], [ -81.327972, 28.622751 ], [ -81.327977, 28.622959 ], [ -81.327978, 28.623162 ], [ -81.327987, 28.623778 ], [ -81.327993, 28.623985 ], [ -81.327993, 28.624077 ], [ -81.327999, 28.624358 ], [ -81.328003, 28.624452 ], [ -81.328004, 28.624567 ], [ -81.328011, 28.624911 ], [ -81.328013, 28.624999 ], [ -81.328013, 28.625033 ], [ -81.327656, 28.625036 ], [ -81.326587, 28.625053 ], [ -81.326232, 28.625061 ], [ -81.326112, 28.625062 ], [ -81.326017, 28.625062 ], [ -81.326119, 28.628034 ], [ -81.326129, 28.62832 ], [ -81.326142, 28.628697 ], [ -81.326071, 28.628698 ], [ -81.324118, 28.628726 ], [ -81.324116, 28.628688 ], [ -81.324113, 28.628574 ], [ -81.324112, 28.628536 ], [ -81.324107, 28.62838 ], [ -81.324092, 28.627913 ], [ -81.324087, 28.627758 ], [ -81.324244, 28.627754 ], [ -81.324715, 28.627744 ], [ -81.324873, 28.627741 ], [ -81.324862, 28.627292 ], [ -81.324836, 28.626098 ], [ -81.324835, 28.626052 ], [ -81.324835, 28.625945 ], [ -81.324835, 28.625854 ], [ -81.325192, 28.62584 ], [ -81.325291, 28.625836 ], [ -81.32559, 28.625824 ], [ -81.32569, 28.625821 ], [ -81.325688, 28.625793 ], [ -81.325682, 28.625712 ], [ -81.32568, 28.625686 ], [ -81.32567, 28.625562 ], [ -81.325642, 28.62519 ], [ -81.325633, 28.625067 ], [ -81.32546, 28.625069 ], [ -81.32494, 28.625078 ], [ -81.324768, 28.625081 ], [ -81.324699, 28.625081 ], [ -81.324578, 28.625084 ], [ -81.324167, 28.625091 ], [ -81.324018, 28.625094 ], [ -81.323773, 28.625097 ], [ -81.323285, 28.625103 ], [ -81.323038, 28.625106 ], [ -81.322955, 28.625107 ], [ -81.322746, 28.62511 ], [ -81.322671, 28.625111 ], [ -81.32263, 28.625112 ], [ -81.322609, 28.625112 ], [ -81.32232, 28.625117 ], [ -81.322202, 28.62512 ], [ -81.322178, 28.62512 ], [ -81.322119, 28.62512 ], [ -81.322108, 28.625121 ], [ -81.322085, 28.625122 ], [ -81.322029, 28.625122 ], [ -81.321964, 28.625123 ], [ -81.321603, 28.625131 ], [ -81.321483, 28.625134 ], [ -81.321387, 28.625135 ], [ -81.321101, 28.625142 ], [ -81.321006, 28.625144 ], [ -81.320777, 28.625148 ], [ -81.320093, 28.625161 ], [ -81.319865, 28.625166 ], [ -81.319774, 28.625166 ], [ -81.319503, 28.62517 ], [ -81.319413, 28.625172 ], [ -81.319331, 28.625172 ], [ -81.319085, 28.625176 ], [ -81.319004, 28.625177 ], [ -81.318955, 28.625177 ], [ -81.318809, 28.625177 ], [ -81.318761, 28.625177 ], [ -81.318576, 28.625178 ], [ -81.318022, 28.625185 ], [ -81.317838, 28.625188 ], [ -81.317596, 28.625184 ], [ -81.31687, 28.625175 ], [ -81.316628, 28.625172 ], [ -81.316608, 28.625171 ], [ -81.316549, 28.625171 ], [ -81.31653, 28.625171 ], [ -81.316353, 28.625168 ], [ -81.315874, 28.625161 ], [ -81.315824, 28.625165 ], [ -81.315649, 28.625183 ], [ -81.315519, 28.625183 ], [ -81.31513, 28.625185 ], [ -81.315001, 28.625186 ], [ -81.314784, 28.625187 ], [ -81.314137, 28.62519 ], [ -81.313921, 28.625192 ], [ -81.313659, 28.625193 ], [ -81.312873, 28.625197 ], [ -81.312612, 28.625199 ], [ -81.312427, 28.625209 ], [ -81.311873, 28.625242 ], [ -81.311689, 28.625254 ], [ -81.311632, 28.625254 ], [ -81.311464, 28.625258 ], [ -81.311408, 28.62526 ], [ -81.311067, 28.625266 ], [ -81.310046, 28.625286 ], [ -81.309706, 28.625293 ], [ -81.30965, 28.625295 ], [ -81.309561, 28.625297 ], [ -81.309538, 28.625298 ], [ -81.309385, 28.625302 ], [ -81.309232, 28.625306 ], [ -81.308889, 28.625315 ], [ -81.308681, 28.625316 ], [ -81.308686, 28.625452 ], [ -81.30869, 28.625947 ], [ -81.308802, 28.625986 ], [ -81.309039, 28.626118 ], [ -81.309076, 28.626152 ], [ -81.309288, 28.626344 ], [ -81.309388, 28.626387 ], [ -81.309441, 28.62641 ], [ -81.309579, 28.626469 ], [ -81.309606, 28.626481 ], [ -81.309701, 28.626502 ], [ -81.30998, 28.626563 ], [ -81.310211, 28.626614 ], [ -81.310398, 28.626724 ], [ -81.310567, 28.627032 ], [ -81.310603, 28.627197 ], [ -81.310838, 28.627191 ], [ -81.311321, 28.627201 ], [ -81.311507, 28.627198 ], [ -81.311719, 28.627196 ], [ -81.311733, 28.628085 ], [ -81.311739, 28.628402 ], [ -81.311743, 28.628594 ], [ -81.311745, 28.628715 ], [ -81.311746, 28.62877 ], [ -81.31175, 28.628907 ], [ -81.311762, 28.629238 ], [ -81.311764, 28.629298 ], [ -81.31177, 28.629475 ], [ -81.31177, 28.629579 ], [ -81.311863, 28.632473 ], [ -81.311861, 28.63252 ], [ -81.311845, 28.632573 ], [ -81.311957, 28.632617 ], [ -81.312207, 28.632743 ], [ -81.312603, 28.632918 ], [ -81.313409, 28.633276 ], [ -81.313535, 28.633332 ], [ -81.31366, 28.633371 ], [ -81.313841, 28.633398 ], [ -81.314059, 28.633376 ], [ -81.314489, 28.633255 ], [ -81.31496, 28.633083 ], [ -81.315213, 28.632991 ], [ -81.315356, 28.632919 ], [ -81.315593, 28.632809 ], [ -81.315637, 28.632793 ], [ -81.315712, 28.632762 ], [ -81.315726, 28.632756 ], [ -81.315917, 28.632677 ], [ -81.316104, 28.632645 ], [ -81.316335, 28.632606 ], [ -81.316471, 28.632604 ], [ -81.316474, 28.6327 ], [ -81.316494, 28.633548 ], [ -81.316506, 28.63411 ], [ -81.316524, 28.634732 ], [ -81.316567, 28.634755 ], [ -81.316637, 28.634791 ], [ -81.316772, 28.634865 ], [ -81.316858, 28.63493 ], [ -81.316878, 28.634961 ], [ -81.317034, 28.635038 ], [ -81.317061, 28.635088 ], [ -81.317215, 28.635379 ], [ -81.317328, 28.635622 ], [ -81.317658, 28.636331 ], [ -81.317733, 28.636925 ], [ -81.317464, 28.637068 ], [ -81.317196, 28.637156 ], [ -81.316916, 28.637321 ], [ -81.316959, 28.63747 ], [ -81.317178, 28.637607 ], [ -81.317277, 28.637622 ], [ -81.317595, 28.637673 ], [ -81.318045, 28.637811 ], [ -81.318188, 28.637811 ], [ -81.317457, 28.637971 ], [ -81.3168, 28.638175 ], [ -81.314032, 28.638435 ], [ -81.313881, 28.63845 ], [ -81.313311, 28.638593 ], [ -81.312794, 28.638724 ], [ -81.312289, 28.638852 ], [ -81.31141, 28.639075 ], [ -81.310755, 28.639184 ], [ -81.310378, 28.639246 ], [ -81.31, 28.639309 ], [ -81.309674, 28.639362 ], [ -81.308993, 28.639476 ], [ -81.30847, 28.639563 ], [ -81.307837, 28.639511 ], [ -81.306874, 28.639432 ], [ -81.306532, 28.639403 ], [ -81.305887, 28.639351 ], [ -81.305062, 28.639298 ], [ -81.303102, 28.639508 ], [ -81.302845, 28.639528 ], [ -81.30272, 28.639537 ], [ -81.30153, 28.639627 ], [ -81.301422, 28.639636 ], [ -81.29983, 28.639629 ], [ -81.297325, 28.639406 ], [ -81.297281, 28.639411 ], [ -81.29672, 28.639059 ], [ -81.296587, 28.63902 ], [ -81.295947, 28.638834 ], [ -81.295385, 28.639004 ], [ -81.294952, 28.639121 ], [ -81.294736, 28.63918 ], [ -81.294387, 28.639263 ], [ -81.294152, 28.63934 ], [ -81.294138, 28.639345 ], [ -81.293832, 28.639477 ], [ -81.293576, 28.639626 ], [ -81.293418, 28.639747 ], [ -81.292734, 28.640275 ], [ -81.292631, 28.640339 ], [ -81.292042, 28.640709 ], [ -81.29188, 28.640825 ], [ -81.291312, 28.641414 ], [ -81.2907, 28.642068 ], [ -81.290482, 28.642277 ], [ -81.290444, 28.642298 ], [ -81.290357, 28.642349 ], [ -81.290239, 28.642393 ], [ -81.29007, 28.642409 ], [ -81.289921, 28.642393 ], [ -81.289746, 28.642338 ], [ -81.289609, 28.64225 ], [ -81.289527, 28.642208 ], [ -81.289091, 28.641985 ], [ -81.288991, 28.641969 ], [ -81.288892, 28.641974 ], [ -81.28858, 28.641952 ], [ -81.288443, 28.641914 ], [ -81.288377, 28.641899 ], [ -81.287977, 28.641808 ], [ -81.287912, 28.641793 ], [ -81.287366, 28.641707 ], [ -81.286927, 28.641638 ], [ -81.286621, 28.641567 ], [ -81.286397, 28.64155 ], [ -81.286147, 28.641556 ], [ -81.285729, 28.64166 ], [ -81.28543, 28.641666 ], [ -81.285118, 28.641644 ], [ -81.284968, 28.641605 ], [ -81.284802, 28.641545 ], [ -81.284769, 28.641533 ], [ -81.284463, 28.64144 ], [ -81.28442, 28.641412 ], [ -81.283921, 28.641159 ], [ -81.283783, 28.641121 ], [ -81.283693, 28.641072 ], [ -81.283603, 28.641022 ], [ -81.283497, 28.640994 ], [ -81.283253, 28.640955 ], [ -81.282662, 28.640933 ], [ -81.282337, 28.64095 ], [ -81.282112, 28.640983 ], [ -81.281987, 28.641016 ], [ -81.2819, 28.641016 ], [ -81.281819, 28.641021 ], [ -81.281426, 28.640933 ], [ -81.281089, 28.6409 ], [ -81.280846, 28.640916 ], [ -81.28021, 28.641015 ], [ -81.279829, 28.641125 ], [ -81.279566, 28.641216 ], [ -81.279467, 28.641252 ], [ -81.279237, 28.641329 ], [ -81.278742, 28.641429 ], [ -81.278619, 28.641455 ], [ -81.27855, 28.641475 ], [ -81.278407, 28.641516 ], [ -81.278313, 28.64156 ], [ -81.278082, 28.641741 ], [ -81.277764, 28.641945 ], [ -81.277671, 28.641972 ], [ -81.277527, 28.641989 ], [ -81.277396, 28.641988 ], [ -81.27719, 28.641928 ], [ -81.276966, 28.641829 ], [ -81.276567, 28.641708 ], [ -81.276224, 28.641565 ], [ -81.276134, 28.641557 ], [ -81.27603, 28.641548 ], [ -81.275756, 28.64157 ], [ -81.275706, 28.64157 ], [ -81.274964, 28.641685 ], [ -81.274689, 28.641713 ], [ -81.274428, 28.641703 ], [ -81.274203, 28.641696 ], [ -81.273985, 28.641641 ], [ -81.273903, 28.641619 ], [ -81.272974, 28.641255 ], [ -81.27275, 28.641156 ], [ -81.272575, 28.641145 ], [ -81.272394, 28.641145 ], [ -81.272344, 28.641156 ], [ -81.272213, 28.641184 ], [ -81.271892, 28.64122 ], [ -81.271863, 28.640274 ], [ -81.270034, 28.640282 ], [ -81.269998, 28.638569 ], [ -81.266721, 28.638553 ], [ -81.266508, 28.638602 ], [ -81.266504, 28.638214 ], [ -81.266489, 28.636851 ], [ -81.266484, 28.636557 ], [ -81.266469, 28.635675 ], [ -81.266465, 28.635382 ], [ -81.266461, 28.63519 ], [ -81.266452, 28.634616 ], [ -81.266449, 28.634425 ], [ -81.266443, 28.634096 ], [ -81.266429, 28.633181 ], [ -81.266427, 28.633113 ], [ -81.266423, 28.632785 ], [ -81.26642, 28.632673 ], [ -81.266412, 28.63234 ], [ -81.26641, 28.632229 ], [ -81.266401, 28.631689 ], [ -81.266398, 28.631464 ], [ -81.266358, 28.630072 ], [ -81.266343, 28.629533 ], [ -81.266337, 28.629467 ], [ -81.266319, 28.628998 ], [ -81.266258, 28.627393 ], [ -81.266238, 28.626859 ], [ -81.266233, 28.626746 ], [ -81.26622, 28.626407 ], [ -81.266216, 28.626295 ], [ -81.266213, 28.626217 ], [ -81.266204, 28.625984 ], [ -81.266201, 28.625847 ], [ -81.266195, 28.625044 ], [ -81.266196, 28.624999 ], [ -81.266167, 28.623771 ], [ -81.266165, 28.623674 ], [ -81.266155, 28.623257 ], [ -81.266152, 28.623149 ], [ -81.266148, 28.622983 ], [ -81.266145, 28.622827 ], [ -81.266143, 28.62272 ], [ -81.26614, 28.622639 ], [ -81.266134, 28.622397 ], [ -81.266133, 28.622317 ], [ -81.26613, 28.622221 ], [ -81.266124, 28.621936 ], [ -81.266122, 28.621841 ], [ -81.266114, 28.621497 ], [ -81.266098, 28.620757 ], [ -81.266092, 28.620465 ], [ -81.266085, 28.620121 ], [ -81.266079, 28.619819 ], [ -81.266076, 28.619696 ], [ -81.266061, 28.618917 ], [ -81.266055, 28.618616 ], [ -81.266053, 28.618491 ], [ -81.266698, 28.618494 ], [ -81.266908, 28.618476 ], [ -81.26712, 28.618443 ], [ -81.267072, 28.618314 ], [ -81.267063, 28.615919 ], [ -81.26706, 28.615198 ], [ -81.26706, 28.615102 ], [ -81.268062, 28.615067 ], [ -81.268047, 28.613852 ], [ -81.268018, 28.611389 ], [ -81.269729, 28.611358 ], [ -81.269846, 28.611356 ], [ -81.269949, 28.611354 ], [ -81.270044, 28.611352 ], [ -81.270262, 28.611348 ], [ -81.270304, 28.611348 ], [ -81.270786, 28.611339 ], [ -81.272527, 28.611307 ], [ -81.272552, 28.611306 ], [ -81.272669, 28.611304 ], [ -81.273742, 28.611284 ], [ -81.273846, 28.611283 ], [ -81.274594, 28.611269 ], [ -81.276814, 28.611228 ], [ -81.277834, 28.611209 ], [ -81.27843, 28.611198 ], [ -81.278511, 28.611199 ], [ -81.278564, 28.611196 ], [ -81.279212, 28.611183 ], [ -81.279442, 28.611176 ], [ -81.27967, 28.611174 ], [ -81.279975, 28.611168 ], [ -81.28017, 28.611168 ], [ -81.280485, 28.611158 ], [ -81.280872, 28.611152 ], [ -81.281474, 28.611139 ], [ -81.281745, 28.611133 ], [ -81.281866, 28.611132 ], [ -81.282305, 28.611123 ], [ -81.282382, 28.611014 ], [ -81.28253, 28.610946 ], [ -81.282682, 28.610837 ], [ -81.28267, 28.608409 ], [ -81.28239, 28.608409 ], [ -81.281904, 28.608409 ], [ -81.28187, 28.608229 ], [ -81.281667, 28.608463 ], [ -81.281497, 28.608625 ], [ -81.281305, 28.60881 ], [ -81.281193, 28.608887 ], [ -81.281043, 28.608969 ], [ -81.280607, 28.609156 ], [ -81.28022, 28.609277 ], [ -81.279752, 28.609381 ], [ -81.27954, 28.609409 ], [ -81.279478, 28.609398 ], [ -81.27944, 28.60937 ], [ -81.279372, 28.609249 ], [ -81.279322, 28.609035 ], [ -81.279266, 28.608859 ], [ -81.279191, 28.608694 ], [ -81.279116, 28.608457 ], [ -81.27906, 28.608352 ], [ -81.279017, 28.608275 ], [ -81.278961, 28.608105 ], [ -81.278911, 28.607995 ], [ -81.27888, 28.607697 ], [ -81.278874, 28.607521 ], [ -81.27888, 28.607384 ], [ -81.278904, 28.607311 ], [ -81.278819, 28.607184 ], [ -81.27848, 28.60696 ], [ -81.278454, 28.606297 ], [ -81.278415, 28.606168 ], [ -81.278408, 28.605751 ], [ -81.278415, 28.604788 ], [ -81.278472, 28.604592 ], [ -81.278444, 28.6046 ], [ -81.278376, 28.604599 ], [ -81.277908, 28.604748 ], [ -81.277609, 28.604825 ], [ -81.277178, 28.604929 ], [ -81.276941, 28.604962 ], [ -81.276761, 28.604874 ], [ -81.276574, 28.60483 ], [ -81.276299, 28.604698 ], [ -81.276106, 28.604703 ], [ -81.275975, 28.604665 ], [ -81.275832, 28.604599 ], [ -81.275663, 28.604467 ], [ -81.275696, 28.604403 ], [ -81.275565, 28.604221 ], [ -81.27529, 28.603795 ], [ -81.275233, 28.603691 ], [ -81.275209, 28.603603 ], [ -81.275146, 28.603515 ], [ -81.275115, 28.603449 ], [ -81.275096, 28.603256 ], [ -81.275022, 28.602937 ], [ -81.275009, 28.602821 ], [ -81.275066, 28.602519 ], [ -81.275059, 28.602288 ], [ -81.275028, 28.602155 ], [ -81.275035, 28.60204 ], [ -81.275066, 28.601908 ], [ -81.275259, 28.60149 ], [ -81.275378, 28.601275 ], [ -81.275546, 28.601039 ], [ -81.275585, 28.600998 ], [ -81.275683, 28.600896 ], [ -81.275827, 28.600813 ], [ -81.276051, 28.600742 ], [ -81.276282, 28.60072 ], [ -81.276249, 28.599976 ], [ -81.276193, 28.598738 ], [ -81.27641, 28.598613 ], [ -81.276902, 28.598329 ], [ -81.276964, 28.598293 ], [ -81.277227, 28.598155 ], [ -81.277308, 28.598114 ], [ -81.277768, 28.597916 ], [ -81.278009, 28.597822 ], [ -81.278255, 28.59775 ], [ -81.278441, 28.597697 ], [ -81.278612, 28.597657 ], [ -81.279046, 28.597535 ], [ -81.279536, 28.597487 ], [ -81.280265, 28.597463 ], [ -81.28121, 28.597463 ], [ -81.282647, 28.597447 ], [ -81.282651, 28.595732 ], [ -81.282657, 28.595643 ], [ -81.283304, 28.595644 ], [ -81.283454, 28.595641 ], [ -81.283432, 28.593822 ], [ -81.283405, 28.593771 ], [ -81.280285, 28.593824 ], [ -81.280252, 28.593863 ], [ -81.278095, 28.593891 ], [ -81.276651, 28.593867 ], [ -81.275325, 28.59386 ], [ -81.274656, 28.593842 ], [ -81.274657, 28.593756 ], [ -81.274662, 28.593502 ], [ -81.274664, 28.593417 ], [ -81.27569, 28.593429 ], [ -81.27818, 28.593459 ], [ -81.278771, 28.59345 ], [ -81.279607, 28.593438 ], [ -81.279704, 28.593425 ], [ -81.279758, 28.593394 ], [ -81.279779, 28.593371 ], [ -81.279794, 28.593354 ], [ -81.279813, 28.593254 ], [ -81.279813, 28.593201 ], [ -81.279814, 28.593031 ], [ -81.279807, 28.592672 ], [ -81.279805, 28.592496 ], [ -81.279803, 28.59241 ], [ -81.279799, 28.592152 ], [ -81.279798, 28.592067 ], [ -81.279732, 28.591803 ], [ -81.279671, 28.591737 ], [ -81.279508, 28.591557 ], [ -81.279395, 28.591446 ], [ -81.279574, 28.591138 ], [ -81.279603, 28.59108 ], [ -81.279624, 28.591019 ], [ -81.279637, 28.590957 ], [ -81.279642, 28.590894 ], [ -81.279639, 28.590831 ], [ -81.279628, 28.590768 ], [ -81.279609, 28.590707 ], [ -81.279582, 28.590649 ], [ -81.279548, 28.590593 ], [ -81.279507, 28.590541 ], [ -81.27946, 28.590494 ], [ -81.279407, 28.590451 ], [ -81.279328, 28.590392 ], [ -81.279253, 28.590328 ], [ -81.279184, 28.59026 ], [ -81.27912, 28.590188 ], [ -81.280219, 28.59019 ], [ -81.282275, 28.590196 ], [ -81.282235, 28.589587 ], [ -81.282208, 28.585084 ], [ -81.28199, 28.584034 ], [ -81.28176, 28.582926 ], [ -81.282514, 28.582924 ], [ -81.283197, 28.582924 ], [ -81.28342, 28.582918 ], [ -81.283488, 28.582919 ], [ -81.283591, 28.582922 ], [ -81.284362, 28.582922 ], [ -81.284654, 28.582922 ], [ -81.284983, 28.582924 ], [ -81.285525, 28.582934 ], [ -81.28597, 28.582935 ], [ -81.286018, 28.582936 ], [ -81.286213, 28.582938 ], [ -81.286382, 28.582941 ], [ -81.288169, 28.58288 ], [ -81.288174, 28.583026 ], [ -81.28835, 28.583029 ], [ -81.28914, 28.583024 ], [ -81.290442, 28.582997 ], [ -81.290456, 28.583758 ], [ -81.29459, 28.583698 ], [ -81.294588, 28.583483 ], [ -81.294584, 28.583222 ], [ -81.294572, 28.582439 ], [ -81.294569, 28.582179 ], [ -81.29456, 28.581572 ], [ -81.294535, 28.579753 ], [ -81.294526, 28.57908 ], [ -81.294713, 28.579074 ], [ -81.294994, 28.579067 ], [ -81.295274, 28.579068 ], [ -81.295462, 28.579069 ], [ -81.295752, 28.579061 ], [ -81.296251, 28.579052 ], [ -81.29862, 28.579014 ], [ -81.29873, 28.579012 ], [ -81.29941, 28.579002 ], [ -81.300479, 28.578986 ], [ -81.300964, 28.578975 ], [ -81.301214, 28.578971 ], [ -81.30131, 28.578969 ], [ -81.302587, 28.578949 ], [ -81.30273, 28.578947 ], [ -81.303196, 28.578943 ], [ -81.303336, 28.578942 ], [ -81.304252, 28.57893 ], [ -81.304715, 28.578926 ], [ -81.307025, 28.578894 ], [ -81.307323, 28.57889 ], [ -81.307695, 28.578889 ], [ -81.308264, 28.578898 ], [ -81.308659, 28.578908 ], [ -81.308848, 28.578956 ], [ -81.309335, 28.578083 ], [ -81.309747, 28.577381 ], [ -81.310144, 28.576568 ], [ -81.310404, 28.57602 ], [ -81.31056, 28.575496 ], [ -81.310764, 28.575484 ], [ -81.311, 28.57547 ], [ -81.313, 28.5756 ], [ -81.313222, 28.57556 ], [ -81.314009, 28.575455 ], [ -81.314779, 28.575352 ], [ -81.314826, 28.575346 ], [ -81.31497, 28.575326 ], [ -81.315028, 28.575319 ], [ -81.315119, 28.575308 ], [ -81.315138, 28.576505 ], [ -81.315146, 28.576973 ], [ -81.315149, 28.577165 ], [ -81.315153, 28.577413 ], [ -81.31516, 28.577825 ], [ -81.315163, 28.57799 ], [ -81.31517, 28.578438 ], [ -81.315175, 28.578694 ], [ -81.315182, 28.579112 ], [ -81.315187, 28.579423 ], [ -81.315192, 28.579712 ], [ -81.315196, 28.579978 ], [ -81.315201, 28.580231 ], [ -81.315204, 28.580465 ], [ -81.315208, 28.580699 ], [ -81.315212, 28.580924 ], [ -81.315216, 28.581144 ], [ -81.31522, 28.581364 ], [ -81.315223, 28.581584 ], [ -81.315228, 28.58183 ], [ -81.315263, 28.581831 ], [ -81.315617, 28.581843 ], [ -81.315944, 28.581854 ], [ -81.316535, 28.581874 ], [ -81.317894, 28.581919 ], [ -81.318837, 28.58195 ], [ -81.31948, 28.581972 ], [ -81.319555, 28.581969 ], [ -81.319725, 28.581963 ], [ -81.319968, 28.581954 ], [ -81.320697, 28.581928 ], [ -81.321183, 28.581911 ], [ -81.321668, 28.581894 ], [ -81.322099, 28.581878 ], [ -81.322397, 28.581868 ], [ -81.323611, 28.581824 ], [ -81.324646, 28.581783 ], [ -81.324646, 28.581768 ], [ -81.324641, 28.581497 ], [ -81.324638, 28.581291 ], [ -81.324632, 28.580921 ], [ -81.324664, 28.580731 ], [ -81.324655, 28.580313 ], [ -81.324641, 28.579134 ], [ -81.324647, 28.579106 ], [ -81.324668, 28.579084 ], [ -81.324662, 28.579053 ], [ -81.324648, 28.578963 ], [ -81.324644, 28.578933 ], [ -81.324646, 28.578808 ], [ -81.324646, 28.578785 ], [ -81.32463, 28.577513 ], [ -81.324621, 28.576849 ], [ -81.324619, 28.576679 ], [ -81.324617, 28.576499 ], [ -81.324602, 28.575318 ], [ -81.326136, 28.575304 ], [ -81.32641, 28.575301 ], [ -81.326552, 28.5753 ], [ -81.327516, 28.575291 ], [ -81.327681, 28.575289 ], [ -81.32768, 28.575313 ], [ -81.32768, 28.575388 ], [ -81.32768, 28.575414 ], [ -81.327679, 28.575475 ], [ -81.327678, 28.575658 ], [ -81.327674, 28.57572 ], [ -81.32765, 28.575867 ], [ -81.327602, 28.576022 ], [ -81.327577, 28.576075 ], [ -81.327671, 28.576189 ], [ -81.327704, 28.578041 ], [ -81.327721, 28.57896 ], [ -81.327523, 28.578939 ], [ -81.327468, 28.578924 ], [ -81.327306, 28.578879 ], [ -81.327252, 28.578864 ], [ -81.327326, 28.579011 ], [ -81.32734, 28.579038 ], [ -81.327516, 28.579339 ], [ -81.327566, 28.579446 ], [ -81.327638, 28.579596 ], [ -81.327674, 28.579699 ], [ -81.327679, 28.579722 ], [ -81.327712, 28.579856 ], [ -81.327731, 28.580017 ], [ -81.327732, 28.580117 ], [ -81.327735, 28.580251 ], [ -81.327735, 28.580275 ], [ -81.327736, 28.580347 ], [ -81.327737, 28.580372 ], [ -81.327739, 28.580541 ], [ -81.327747, 28.581048 ], [ -81.32775, 28.581217 ], [ -81.327751, 28.581309 ], [ -81.327754, 28.581586 ], [ -81.327756, 28.581679 ], [ -81.327761, 28.58213 ], [ -81.32776, 28.582275 ], [ -81.330506, 28.582222 ], [ -81.330523, 28.583632 ] ] ] ] } },
{ "type": "Feature", "properties": { "ZCTA5CE20": "32703", "GEOID20": "32703", "GEOIDFQ20": "860Z200US32703", "CLASSFP20": "B5", "MTFCC20": "G6350", "FUNCSTAT20": "S", "ALAND20": 83148352, "AWATER20": 15531728, "INTPTLAT20": "+28.6536355", "INTPTLON20": "-081.5207443" }, "geometry": { "type": "MultiPolygon", "coordinates": [ [ [ [ -81.542686, 28.601743 ], [ -81.542052, 28.601993 ], [ -81.541224, 28.602307 ], [ -81.540354, 28.602664 ], [ -81.539825, 28.60295 ], [ -81.53914, 28.603435 ], [ -81.539034, 28.603527 ], [ -81.538748, 28.603776 ], [ -81.538495, 28.603843 ], [ -81.535228, 28.604561 ], [ -81.534157, 28.604802 ], [ -81.534157, 28.604824 ], [ -81.534157, 28.604891 ], [ -81.534157, 28.604914 ], [ -81.534156, 28.605097 ], [ -81.534153, 28.605648 ], [ -81.534153, 28.605832 ], [ -81.534153, 28.605858 ], [ -81.534153, 28.605936 ], [ -81.534153, 28.605962 ], [ -81.534153, 28.60611 ], [ -81.534153, 28.606555 ], [ -81.534153, 28.606704 ], [ -81.533752, 28.606705 ], [ -81.532548, 28.606709 ], [ -81.532148, 28.606711 ], [ -81.532067, 28.606711 ], [ -81.531826, 28.606712 ], [ -81.531746, 28.606713 ], [ -81.531603, 28.606707 ], [ -81.531175, 28.60669 ], [ -81.531033, 28.606685 ], [ -81.527971, 28.606578 ], [ -81.527265, 28.606553 ], [ -81.526927, 28.606541 ], [ -81.526638, 28.606618 ], [ -81.526232, 28.606726 ], [ -81.526164, 28.60677 ], [ -81.525955, 28.606888 ], [ -81.52595, 28.606736 ], [ -81.525956, 28.606628 ], [ -81.525956, 28.606605 ], [ -81.525962, 28.606548 ], [ -81.525968, 28.606378 ], [ -81.525971, 28.606322 ], [ -81.525975, 28.606196 ], [ -81.525982, 28.606014 ], [ -81.525985, 28.605938 ], [ -81.525992, 28.605735 ], [ -81.525994, 28.605657 ], [ -81.526014, 28.605126 ], [ -81.52602, 28.604986 ], [ -81.526022, 28.604924 ], [ -81.526049, 28.604253 ], [ -81.526055, 28.604079 ], [ -81.526067, 28.603702 ], [ -81.526072, 28.603539 ], [ -81.526072, 28.603512 ], [ -81.526075, 28.603432 ], [ -81.526076, 28.603406 ], [ -81.526095, 28.602838 ], [ -81.524506, 28.60286 ], [ -81.523579, 28.602873 ], [ -81.522763, 28.602887 ], [ -81.522778, 28.602869 ], [ -81.522831, 28.602609 ], [ -81.52286, 28.602473 ], [ -81.522878, 28.602242 ], [ -81.522997, 28.601659 ], [ -81.523147, 28.601543 ], [ -81.523315, 28.601439 ], [ -81.523296, 28.601268 ], [ -81.523346, 28.600889 ], [ -81.523247, 28.60074 ], [ -81.523128, 28.600724 ], [ -81.522935, 28.600437 ], [ -81.522893, 28.600298 ], [ -81.522873, 28.600228 ], [ -81.522879, 28.599997 ], [ -81.522717, 28.599474 ], [ -81.522683, 28.599442 ], [ -81.523389, 28.599431 ], [ -81.525508, 28.599401 ], [ -81.526215, 28.599391 ], [ -81.526253, 28.599355 ], [ -81.526292, 28.599325 ], [ -81.526426, 28.599261 ], [ -81.526509, 28.599234 ], [ -81.526607, 28.599217 ], [ -81.526734, 28.599206 ], [ -81.527018, 28.599203 ], [ -81.527342, 28.5992 ], [ -81.527732, 28.599202 ], [ -81.528133, 28.599195 ], [ -81.529565, 28.599187 ], [ -81.530252, 28.599184 ], [ -81.530415, 28.599183 ], [ -81.530531, 28.599182 ], [ -81.530882, 28.59918 ], [ -81.530999, 28.59918 ], [ -81.531279, 28.599178 ], [ -81.53177, 28.599176 ], [ -81.531961, 28.599173 ], [ -81.532122, 28.599172 ], [ -81.532198, 28.599171 ], [ -81.532403, 28.599169 ], [ -81.532475, 28.599168 ], [ -81.532695, 28.599166 ], [ -81.532768, 28.599166 ], [ -81.532788, 28.599166 ], [ -81.533453, 28.599162 ], [ -81.534182, 28.599162 ], [ -81.534414, 28.599163 ], [ -81.534458, 28.599163 ], [ -81.536478, 28.599174 ], [ -81.536964, 28.599178 ], [ -81.536964, 28.598683 ], [ -81.537117, 28.598685 ], [ -81.537202, 28.598686 ], [ -81.537288, 28.598686 ], [ -81.537459, 28.598687 ], [ -81.537463, 28.599114 ], [ -81.537465, 28.599182 ], [ -81.537829, 28.599185 ], [ -81.538379, 28.59919 ], [ -81.538544, 28.599191 ], [ -81.538636, 28.599192 ], [ -81.538789, 28.599193 ], [ -81.539382, 28.599257 ], [ -81.539734, 28.59931 ], [ -81.540173, 28.599407 ], [ -81.540589, 28.599553 ], [ -81.540682, 28.599367 ], [ -81.540783, 28.599279 ], [ -81.54091, 28.59924 ], [ -81.541051, 28.599209 ], [ -81.542551, 28.599209 ], [ -81.542543, 28.599976 ], [ -81.5425, 28.600096 ], [ -81.542624, 28.600319 ], [ -81.542649, 28.600608 ], [ -81.542666, 28.60076 ], [ -81.542668, 28.600873 ], [ -81.54267, 28.600988 ], [ -81.542674, 28.60119 ], [ -81.542675, 28.601245 ], [ -81.542686, 28.601743 ] ] ], [ [ [ -81.658518, 28.682844 ], [ -81.658499, 28.682863 ], [ -81.658411, 28.682967 ], [ -81.658368, 28.682984 ], [ -81.658305, 28.68273 ], [ -81.658212, 28.68267 ], [ -81.658114, 28.68271 ], [ -81.657944, 28.68278 ], [ -81.657557, 28.682807 ], [ -81.656964, 28.682747 ], [ -81.656739, 28.682785 ], [ -81.656633, 28.682791 ], [ -81.656552, 28.682785 ], [ -81.656477, 28.682758 ], [ -81.65634, 28.682785 ], [ -81.656091, 28.682763 ], [ -81.655828, 28.682752 ], [ -81.65536, 28.682702 ], [ -81.65508, 28.682614 ], [ -81.654668, 28.682449 ], [ -81.654356, 28.682251 ], [ -81.654238, 28.682146 ], [ -81.654144, 28.68213 ], [ -81.654038, 28.682196 ], [ -81.653926, 28.682223 ], [ -81.653539, 28.68235 ], [ -81.653451, 28.6823 ], [ -81.653408, 28.682146 ], [ -81.653258, 28.682069 ], [ -81.653133, 28.681987 ], [ -81.652659, 28.681986 ], [ -81.652516, 28.681684 ], [ -81.652422, 28.681651 ], [ -81.652235, 28.6817 ], [ -81.652123, 28.681596 ], [ -81.652266, 28.681469 ], [ -81.651848, 28.681458 ], [ -81.651854, 28.681034 ], [ -81.651667, 28.681012 ], [ -81.65153, 28.680869 ], [ -81.651374, 28.680732 ], [ -81.651112, 28.680632 ], [ -81.651056, 28.680632 ], [ -81.650931, 28.680577 ], [ -81.650756, 28.680621 ], [ -81.650619, 28.680742 ], [ -81.650482, 28.681078 ], [ -81.650288, 28.680885 ], [ -81.650239, 28.680566 ], [ -81.650027, 28.680528 ], [ -81.649907, 28.680519 ], [ -81.649621, 28.6805 ], [ -81.649234, 28.680527 ], [ -81.649172, 28.680417 ], [ -81.649078, 28.680401 ], [ -81.648941, 28.68045 ], [ -81.648972, 28.680533 ], [ -81.648947, 28.680659 ], [ -81.648841, 28.680648 ], [ -81.648691, 28.680494 ], [ -81.648598, 28.680494 ], [ -81.648398, 28.680577 ], [ -81.648317, 28.680571 ], [ -81.648186, 28.680742 ], [ -81.648005, 28.680808 ], [ -81.647949, 28.680874 ], [ -81.647743, 28.680973 ], [ -81.647824, 28.681286 ], [ -81.647705, 28.681308 ], [ -81.647524, 28.681083 ], [ -81.647587, 28.680725 ], [ -81.647581, 28.680637 ], [ -81.647437, 28.680543 ], [ -81.647256, 28.680582 ], [ -81.647219, 28.680455 ], [ -81.646807, 28.680252 ], [ -81.646701, 28.68034 ], [ -81.646576, 28.680351 ], [ -81.646476, 28.68056 ], [ -81.646227, 28.680736 ], [ -81.645983, 28.680884 ], [ -81.64584, 28.680868 ], [ -81.645827, 28.680736 ], [ -81.645809, 28.680702 ], [ -81.645653, 28.680537 ], [ -81.645653, 28.68024 ], [ -81.645715, 28.680169 ], [ -81.645796, 28.679927 ], [ -81.645678, 28.679866 ], [ -81.645391, 28.6798 ], [ -81.645229, 28.679668 ], [ -81.645166, 28.679475 ], [ -81.645092, 28.679327 ], [ -81.644973, 28.679343 ], [ -81.644811, 28.679382 ], [ -81.644848, 28.679789 ], [ -81.644754, 28.68002 ], [ -81.644592, 28.680135 ], [ -81.64443, 28.680339 ], [ -81.644261, 28.680366 ], [ -81.644268, 28.68024 ], [ -81.644199, 28.680091 ], [ -81.644262, 28.679756 ], [ -81.644025, 28.679701 ], [ -81.644037, 28.679954 ], [ -81.643943, 28.680058 ], [ -81.643681, 28.680212 ], [ -81.643145, 28.680289 ], [ -81.643001, 28.68019 ], [ -81.642758, 28.680074 ], [ -81.642739, 28.680003 ], [ -81.642995, 28.67992 ], [ -81.643326, 28.679953 ], [ -81.643513, 28.679882 ], [ -81.643606, 28.679744 ], [ -81.643607, 28.679282 ], [ -81.643488, 28.679172 ], [ -81.643239, 28.679145 ], [ -81.642964, 28.679045 ], [ -81.642733, 28.679034 ], [ -81.642147, 28.679111 ], [ -81.642022, 28.678979 ], [ -81.64201, 28.678864 ], [ -81.641922, 28.678759 ], [ -81.641579, 28.678632 ], [ -81.641292, 28.678577 ], [ -81.641224, 28.678726 ], [ -81.641155, 28.678731 ], [ -81.640887, 28.678544 ], [ -81.64055, 28.678456 ], [ -81.6402, 28.678428 ], [ -81.639951, 28.678379 ], [ -81.63967, 28.67839 ], [ -81.639595, 28.678423 ], [ -81.639608, 28.678692 ], [ -81.640082, 28.678852 ], [ -81.640206, 28.6791 ], [ -81.640169, 28.679182 ], [ -81.639944, 28.679033 ], [ -81.639757, 28.678995 ], [ -81.63942, 28.67889 ], [ -81.63919, 28.678626 ], [ -81.639002, 28.678753 ], [ -81.638928, 28.678642 ], [ -81.638971, 28.678373 ], [ -81.638872, 28.678246 ], [ -81.638703, 28.678191 ], [ -81.638447, 28.67807 ], [ -81.638067, 28.67785 ], [ -81.638023, 28.677817 ], [ -81.637636, 28.677806 ], [ -81.637487, 28.677861 ], [ -81.637399, 28.677833 ], [ -81.637237, 28.677734 ], [ -81.637062, 28.677651 ], [ -81.636713, 28.677811 ], [ -81.636601, 28.677783 ], [ -81.63642, 28.677596 ], [ -81.636251, 28.67748 ], [ -81.635964, 28.677486 ], [ -81.635765, 28.67753 ], [ -81.635665, 28.677508 ], [ -81.635584, 28.677348 ], [ -81.635478, 28.677282 ], [ -81.635116, 28.677188 ], [ -81.634979, 28.677304 ], [ -81.634841, 28.677397 ], [ -81.634685, 28.677337 ], [ -81.634554, 28.677271 ], [ -81.634467, 28.677199 ], [ -81.634399, 28.677172 ], [ -81.634268, 28.677095 ], [ -81.634118, 28.677106 ], [ -81.633943, 28.677138 ], [ -81.633824, 28.677507 ], [ -81.633675, 28.677287 ], [ -81.633563, 28.677188 ], [ -81.63335, 28.677199 ], [ -81.633194, 28.677276 ], [ -81.633038, 28.677314 ], [ -81.632932, 28.677199 ], [ -81.632789, 28.677336 ], [ -81.632701, 28.677479 ], [ -81.632776, 28.677611 ], [ -81.632707, 28.677831 ], [ -81.632626, 28.677881 ], [ -81.632495, 28.677732 ], [ -81.632352, 28.677523 ], [ -81.632159, 28.677539 ], [ -81.632071, 28.677484 ], [ -81.631897, 28.677451 ], [ -81.631765, 28.67749 ], [ -81.631659, 28.677561 ], [ -81.631416, 28.677446 ], [ -81.631185, 28.677451 ], [ -81.631042, 28.677533 ], [ -81.631002, 28.677598 ], [ -81.630936, 28.67771 ], [ -81.630804, 28.677698 ], [ -81.630511, 28.677445 ], [ -81.630312, 28.677379 ], [ -81.630156, 28.677297 ], [ -81.629501, 28.677461 ], [ -81.629376, 28.677401 ], [ -81.629257, 28.677252 ], [ -81.629108, 28.677197 ], [ -81.629045, 28.677302 ], [ -81.629039, 28.677456 ], [ -81.629176, 28.67761 ], [ -81.629126, 28.677681 ], [ -81.628945, 28.677835 ], [ -81.628933, 28.67783 ], [ -81.628914, 28.67783 ], [ -81.628833, 28.677769 ], [ -81.628721, 28.677731 ], [ -81.628446, 28.677714 ], [ -81.628247, 28.677626 ], [ -81.627985, 28.677554 ], [ -81.627585, 28.677488 ], [ -81.627105, 28.677317 ], [ -81.626625, 28.677251 ], [ -81.626487, 28.677009 ], [ -81.626325, 28.676954 ], [ -81.626144, 28.676976 ], [ -81.626069, 28.677108 ], [ -81.625976, 28.677135 ], [ -81.625857, 28.677102 ], [ -81.625558, 28.676926 ], [ -81.625408, 28.676953 ], [ -81.625321, 28.676953 ], [ -81.625208, 28.677025 ], [ -81.62514, 28.677283 ], [ -81.625004, 28.67737 ], [ -81.624798, 28.677541 ], [ -81.624381, 28.677838 ], [ -81.623913, 28.678108 ], [ -81.623539, 28.678202 ], [ -81.623164, 28.678174 ], [ -81.622952, 28.678119 ], [ -81.622759, 28.67812 ], [ -81.622584, 28.678235 ], [ -81.622603, 28.678268 ], [ -81.622542, 28.6783 ], [ -81.622478, 28.678334 ], [ -81.622337, 28.678301 ], [ -81.622216, 28.678307 ], [ -81.62216, 28.678362 ], [ -81.621979, 28.678582 ], [ -81.621786, 28.678681 ], [ -81.62158, 28.678753 ], [ -81.621087, 28.678874 ], [ -81.62022, 28.679122 ], [ -81.619521, 28.679304 ], [ -81.618779, 28.679359 ], [ -81.618205, 28.679349 ], [ -81.617618, 28.679294 ], [ -81.616526, 28.679228 ], [ -81.616233, 28.679224 ], [ -81.615628, 28.679218 ], [ -81.614087, 28.679108 ], [ -81.612358, 28.678867 ], [ -81.611728, 28.678757 ], [ -81.611073, 28.678619 ], [ -81.60877, 28.678263 ], [ -81.608128, 28.678186 ], [ -81.607822, 28.678092 ], [ -81.607323, 28.677999 ], [ -81.606424, 28.67773 ], [ -81.603972, 28.676922 ], [ -81.602811, 28.676559 ], [ -81.602243, 28.67635 ], [ -81.601494, 28.675861 ], [ -81.600752, 28.675349 ], [ -81.600153, 28.67492 ], [ -81.598156, 28.673606 ], [ -81.597832, 28.673345 ], [ -81.597588, 28.673149 ], [ -81.596645, 28.67217 ], [ -81.596234, 28.671719 ], [ -81.595722, 28.671218 ], [ -81.595322, 28.670619 ], [ -81.595066, 28.670173 ], [ -81.594848, 28.669749 ], [ -81.594561, 28.669232 ], [ -81.594217, 28.668528 ], [ -81.59408, 28.668198 ], [ -81.594005, 28.668104 ], [ -81.59392, 28.66815 ], [ -81.593905, 28.668159 ], [ -81.593879, 28.668167 ], [ -81.593855, 28.668176 ], [ -81.593733, 28.668238 ], [ -81.593571, 28.668334 ], [ -81.593548, 28.668402 ], [ -81.593505, 28.668537 ], [ -81.593452, 28.668655 ], [ -81.593307, 28.668851 ], [ -81.593286, 28.668858 ], [ -81.592698, 28.669086 ], [ -81.592277, 28.669135 ], [ -81.592163, 28.669073 ], [ -81.592089, 28.669033 ], [ -81.591909, 28.668925 ], [ -81.591809, 28.668935 ], [ -81.591799, 28.6689 ], [ -81.591789, 28.668851 ], [ -81.591798, 28.668824 ], [ -81.591741, 28.668804 ], [ -81.59168, 28.668795 ], [ -81.591618, 28.668799 ], [ -81.591332, 28.66885 ], [ -81.59111, 28.668875 ], [ -81.590931, 28.668881 ], [ -81.589804, 28.668894 ], [ -81.588882, 28.6689 ], [ -81.588629, 28.668904 ], [ -81.588229, 28.668912 ], [ -81.587228, 28.668913 ], [ -81.586494, 28.66892 ], [ -81.585509, 28.66892 ], [ -81.58504, 28.668912 ], [ -81.584116, 28.668916 ], [ -81.583236, 28.668929 ], [ -81.582678, 28.668936 ], [ -81.58212, 28.668937 ], [ -81.581036, 28.668946 ], [ -81.579373, 28.668952 ], [ -81.578833, 28.668949 ], [ -81.578748, 28.668949 ], [ -81.576629, 28.668963 ], [ -81.576136, 28.66898 ], [ -81.575638, 28.668984 ], [ -81.575548, 28.668979 ], [ -81.575493, 28.668958 ], [ -81.575465, 28.668938 ], [ -81.575464, 28.668968 ], [ -81.575464, 28.669062 ], [ -81.575464, 28.669093 ], [ -81.575441, 28.672525 ], [ -81.57544, 28.67277 ], [ -81.575415, 28.676408 ], [ -81.575372, 28.682823 ], [ -81.575367, 28.683673 ], [ -81.575358, 28.684964 ], [ -81.57535, 28.686256 ], [ -81.575339, 28.686448 ], [ -81.575335, 28.686538 ], [ -81.575311, 28.686775 ], [ -81.575263, 28.686952 ], [ -81.575237, 28.687013 ], [ -81.575221, 28.687055 ], [ -81.575153, 28.687186 ], [ -81.575137, 28.687218 ], [ -81.575115, 28.687291 ], [ -81.57511, 28.687335 ], [ -81.575107, 28.687375 ], [ -81.575127, 28.687948 ], [ -81.575127, 28.687986 ], [ -81.575141, 28.688514 ], [ -81.575175, 28.689528 ], [ -81.575169, 28.689715 ], [ -81.575158, 28.68982 ], [ -81.575141, 28.69 ], [ -81.57514, 28.690432 ], [ -81.575137, 28.691249 ], [ -81.575135, 28.692323 ], [ -81.575146, 28.693008 ], [ -81.575149, 28.693504 ], [ -81.575145, 28.6937 ], [ -81.575135, 28.694377 ], [ -81.575129, 28.694518 ], [ -81.574326, 28.694524 ], [ -81.573392, 28.694531 ], [ -81.57192, 28.694538 ], [ -81.571118, 28.694543 ], [ -81.57106, 28.694543 ], [ -81.571063, 28.694637 ], [ -81.571065, 28.695443 ], [ -81.570932, 28.695445 ], [ -81.568889, 28.69547 ], [ -81.568829, 28.69547 ], [ -81.568831, 28.695669 ], [ -81.568836, 28.696333 ], [ -81.568847, 28.697511 ], [ -81.568848, 28.697741 ], [ -81.569113, 28.697862 ], [ -81.569122, 28.69803 ], [ -81.56889, 28.697957 ], [ -81.568575, 28.697837 ], [ -81.568157, 28.697659 ], [ -81.567939, 28.697582 ], [ -81.567283, 28.697378 ], [ -81.567163, 28.697329 ], [ -81.56705, 28.697268 ], [ -81.566966, 28.697212 ], [ -81.566967, 28.697359 ], [ -81.566871, 28.697329 ], [ -81.563249, 28.696202 ], [ -81.563032, 28.69613 ], [ -81.562923, 28.696094 ], [ -81.562731, 28.696031 ], [ -81.562362, 28.69589 ], [ -81.562352, 28.695885 ], [ -81.561973, 28.695721 ], [ -81.561633, 28.695556 ], [ -81.561449, 28.695459 ], [ -81.561053, 28.695235 ], [ -81.560878, 28.695125 ], [ -81.560846, 28.695105 ], [ -81.560675, 28.694981 ], [ -81.560624, 28.694938 ], [ -81.560575, 28.694894 ], [ -81.560526, 28.694849 ], [ -81.560483, 28.694809 ], [ -81.560454, 28.694781 ], [ -81.560407, 28.694736 ], [ -81.560383, 28.694714 ], [ -81.560334, 28.694673 ], [ -81.560228, 28.694598 ], [ -81.560093, 28.694517 ], [ -81.559926, 28.694443 ], [ -81.559881, 28.694421 ], [ -81.559879, 28.694475 ], [ -81.559879, 28.694489 ], [ -81.559877, 28.694537 ], [ -81.559874, 28.694615 ], [ -81.559873, 28.694638 ], [ -81.559872, 28.694693 ], [ -81.55986, 28.694924 ], [ -81.559289, 28.694619 ], [ -81.559169, 28.694555 ], [ -81.559026, 28.694478 ], [ -81.558996, 28.694462 ], [ -81.558842, 28.69438 ], [ -81.55873, 28.694331 ], [ -81.558734, 28.694163 ], [ -81.558708, 28.693771 ], [ -81.558705, 28.693723 ], [ -81.558461, 28.693585 ], [ -81.55819, 28.693411 ], [ -81.558124, 28.693369 ], [ -81.55739, 28.692915 ], [ -81.556276, 28.692242 ], [ -81.55587, 28.691997 ], [ -81.555534, 28.691794 ], [ -81.555199, 28.69159 ], [ -81.55438, 28.691093 ], [ -81.554172, 28.690966 ], [ -81.554066, 28.690903 ], [ -81.553748, 28.690713 ], [ -81.553734, 28.690704 ], [ -81.553012, 28.69027 ], [ -81.55119, 28.689199 ], [ -81.551038, 28.689109 ], [ -81.550886, 28.689019 ], [ -81.550864, 28.689006 ], [ -81.550821, 28.688981 ], [ -81.550777, 28.688956 ], [ -81.550734, 28.68893 ], [ -81.550693, 28.6889 ], [ -81.550562, 28.688828 ], [ -81.550503, 28.688793 ], [ -81.550456, 28.688765 ], [ -81.550249, 28.688641 ], [ -81.548573, 28.687655 ], [ -81.548558, 28.68767 ], [ -81.548514, 28.687715 ], [ -81.5485, 28.687731 ], [ -81.548432, 28.687801 ], [ -81.548229, 28.688013 ], [ -81.548162, 28.688084 ], [ -81.547296, 28.688982 ], [ -81.547251, 28.689037 ], [ -81.547169, 28.689151 ], [ -81.547114, 28.689243 ], [ -81.547082, 28.689305 ], [ -81.547015, 28.689468 ], [ -81.546982, 28.689579 ], [ -81.546949, 28.689731 ], [ -81.546929, 28.689883 ], [ -81.546898, 28.690221 ], [ -81.5456, 28.689837 ], [ -81.544099, 28.689337 ], [ -81.543186, 28.688965 ], [ -81.542784, 28.688823 ], [ -81.542238, 28.688608 ], [ -81.542233, 28.688069 ], [ -81.542233, 28.685797 ], [ -81.542233, 28.685657 ], [ -81.542033, 28.685625 ], [ -81.541984, 28.685617 ], [ -81.541961, 28.685613 ], [ -81.541892, 28.685601 ], [ -81.541869, 28.685598 ], [ -81.540306, 28.685344 ], [ -81.53562, 28.684585 ], [ -81.534058, 28.684332 ], [ -81.533725, 28.684277 ], [ -81.532727, 28.684115 ], [ -81.532565, 28.684089 ], [ -81.532395, 28.684058 ], [ -81.532298, 28.68404 ], [ -81.532009, 28.683982 ], [ -81.53158, 28.683881 ], [ -81.531249, 28.68379 ], [ -81.53088, 28.683673 ], [ -81.530705, 28.683608 ], [ -81.530649, 28.683588 ], [ -81.53033, 28.683462 ], [ -81.530013, 28.683323 ], [ -81.529598, 28.683117 ], [ -81.529417, 28.683019 ], [ -81.52886, 28.68269 ], [ -81.528716, 28.682598 ], [ -81.528592, 28.682518 ], [ -81.528364, 28.682376 ], [ -81.528061, 28.682187 ], [ -81.527629, 28.681916 ], [ -81.527583, 28.682019 ], [ -81.527484, 28.681964 ], [ -81.527427, 28.681932 ], [ -81.527466, 28.681813 ], [ -81.526162, 28.680994 ], [ -81.526073, 28.680938 ], [ -81.525534, 28.680604 ], [ -81.524678, 28.680066 ], [ -81.523865, 28.679556 ], [ -81.521961, 28.678358 ], [ -81.521671, 28.678171 ], [ -81.521669, 28.678304 ], [ -81.521556, 28.678291 ], [ -81.521411, 28.678222 ], [ -81.521278, 28.678143 ], [ -81.521185, 28.678075 ], [ -81.521124, 28.67803 ], [ -81.520964, 28.677908 ], [ -81.520926, 28.677879 ], [ -81.520888, 28.677849 ], [ -81.520732, 28.67773 ], [ -81.520658, 28.677677 ], [ -81.52058, 28.677622 ], [ -81.520565, 28.677611 ], [ -81.520502, 28.677567 ], [ -81.520269, 28.677402 ], [ -81.520192, 28.677347 ], [ -81.520145, 28.677409 ], [ -81.520103, 28.677457 ], [ -81.520039, 28.677529 ], [ -81.519961, 28.677619 ], [ -81.519922, 28.677663 ], [ -81.519906, 28.677681 ], [ -81.519845, 28.67764 ], [ -81.519815, 28.67762 ], [ -81.519783, 28.677598 ], [ -81.519767, 28.677587 ], [ -81.519719, 28.677555 ], [ -81.51972, 28.677471 ], [ -81.519721, 28.677443 ], [ -81.519722, 28.677425 ], [ -81.519728, 28.677162 ], [ -81.519731, 28.67715 ], [ -81.519739, 28.677139 ], [ -81.51975, 28.677129 ], [ -81.519814, 28.677062 ], [ -81.519728, 28.676998 ], [ -81.519506, 28.676812 ], [ -81.519497, 28.676786 ], [ -81.519477, 28.676741 ], [ -81.51935, 28.67674 ], [ -81.519043, 28.676738 ], [ -81.519027, 28.676738 ], [ -81.518994, 28.676738 ], [ -81.518628, 28.676741 ], [ -81.518148, 28.676746 ], [ -81.517806, 28.676748 ], [ -81.517631, 28.676631 ], [ -81.517632, 28.676735 ], [ -81.517633, 28.676812 ], [ -81.517611, 28.677409 ], [ -81.517596, 28.677973 ], [ -81.517591, 28.678098 ], [ -81.517553, 28.679149 ], [ -81.517553, 28.679186 ], [ -81.517622, 28.67967 ], [ -81.517626, 28.679719 ], [ -81.518101, 28.679721 ], [ -81.518371, 28.679723 ], [ -81.518412, 28.679732 ], [ -81.518449, 28.679751 ], [ -81.518477, 28.679778 ], [ -81.518495, 28.679812 ], [ -81.518502, 28.679849 ], [ -81.5185, 28.680729 ], [ -81.5185, 28.680807 ], [ -81.518503, 28.681283 ], [ -81.51832, 28.681283 ], [ -81.517771, 28.681281 ], [ -81.517734, 28.681273 ], [ -81.517694, 28.681252 ], [ -81.517662, 28.681221 ], [ -81.517654, 28.681183 ], [ -81.51764, 28.681171 ], [ -81.517792, 28.68257 ], [ -81.517777, 28.682573 ], [ -81.516983, 28.682681 ], [ -81.516814, 28.682669 ], [ -81.51669, 28.682664 ], [ -81.516319, 28.682652 ], [ -81.516227, 28.68265 ], [ -81.516196, 28.68265 ], [ -81.516133, 28.682649 ], [ -81.515945, 28.682646 ], [ -81.515883, 28.682645 ], [ -81.515837, 28.682644 ], [ -81.515699, 28.682642 ], [ -81.515654, 28.682642 ], [ -81.515674, 28.682828 ], [ -81.515737, 28.682799 ], [ -81.515788, 28.68282 ], [ -81.515813, 28.682866 ], [ -81.515798, 28.68289 ], [ -81.515792, 28.682917 ], [ -81.515743, 28.682964 ], [ -81.515718, 28.683007 ], [ -81.515708, 28.683029 ], [ -81.515698, 28.683096 ], [ -81.515694, 28.683142 ], [ -81.515691, 28.683197 ], [ -81.515689, 28.683221 ], [ -81.515688, 28.683259 ], [ -81.515684, 28.68332 ], [ -81.515681, 28.683383 ], [ -81.515677, 28.683448 ], [ -81.515674, 28.683513 ], [ -81.515673, 28.683528 ], [ -81.515577, 28.683529 ], [ -81.514609, 28.683532 ], [ -81.51454, 28.683529 ], [ -81.514541, 28.683488 ], [ -81.514543, 28.683358 ], [ -81.514544, 28.68329 ], [ -81.514545, 28.683261 ], [ -81.514546, 28.683224 ], [ -81.514548, 28.683107 ], [ -81.514552, 28.682879 ], [ -81.514557, 28.682756 ], [ -81.514563, 28.68264 ], [ -81.51445, 28.68264 ], [ -81.514242, 28.68264 ], [ -81.514112, 28.682641 ], [ -81.514051, 28.682642 ], [ -81.514, 28.682642 ], [ -81.513889, 28.682642 ], [ -81.513559, 28.682642 ], [ -81.513449, 28.682643 ], [ -81.513449, 28.682657 ], [ -81.513449, 28.682701 ], [ -81.513449, 28.682716 ], [ -81.51345, 28.682843 ], [ -81.513449, 28.682859 ], [ -81.513439, 28.683285 ], [ -81.513437, 28.683433 ], [ -81.513436, 28.68349 ], [ -81.513433, 28.68366 ], [ -81.513433, 28.683718 ], [ -81.513431, 28.683816 ], [ -81.513523, 28.683815 ], [ -81.514103, 28.683814 ], [ -81.514093, 28.684364 ], [ -81.513514, 28.684366 ], [ -81.513423, 28.684366 ], [ -81.513417, 28.684772 ], [ -81.513416, 28.684924 ], [ -81.513415, 28.685042 ], [ -81.513411, 28.685399 ], [ -81.513411, 28.685518 ], [ -81.513373, 28.685517 ], [ -81.513259, 28.685515 ], [ -81.513221, 28.685515 ], [ -81.51317, 28.685515 ], [ -81.513017, 28.685515 ], [ -81.512967, 28.685516 ], [ -81.512982, 28.685598 ], [ -81.512974, 28.686127 ], [ -81.512802, 28.686128 ], [ -81.512795, 28.686629 ], [ -81.512698, 28.68663 ], [ -81.512402, 28.68663 ], [ -81.512396, 28.687112 ], [ -81.511803, 28.687114 ], [ -81.511501, 28.687115 ], [ -81.511425, 28.687115 ], [ -81.511425, 28.687093 ], [ -81.51143, 28.687048 ], [ -81.511467, 28.686749 ], [ -81.511467, 28.686714 ], [ -81.511452, 28.686673 ], [ -81.511414, 28.686646 ], [ -81.511415, 28.686587 ], [ -81.511419, 28.686414 ], [ -81.511421, 28.686356 ], [ -81.511424, 28.686237 ], [ -81.511424, 28.686189 ], [ -81.511424, 28.68611 ], [ -81.511424, 28.686 ], [ -81.51143, 28.68569 ], [ -81.511431, 28.685667 ], [ -81.511443, 28.685524 ], [ -81.511119, 28.685524 ], [ -81.510845, 28.685524 ], [ -81.510247, 28.685524 ], [ -81.51015, 28.685524 ], [ -81.510037, 28.685524 ], [ -81.509827, 28.685524 ], [ -81.509743, 28.685524 ], [ -81.509552, 28.685524 ], [ -81.509516, 28.685524 ], [ -81.50949, 28.685524 ], [ -81.509407, 28.685525 ], [ -81.509404, 28.684654 ], [ -81.509409, 28.684133 ], [ -81.50941, 28.684061 ], [ -81.50941, 28.683989 ], [ -81.509306, 28.683988 ], [ -81.509222, 28.683988 ], [ -81.508873, 28.683985 ], [ -81.507829, 28.683978 ], [ -81.507731, 28.683978 ], [ -81.507482, 28.683972 ], [ -81.507437, 28.68397 ], [ -81.507303, 28.683967 ], [ -81.507259, 28.683966 ], [ -81.507198, 28.683964 ], [ -81.507015, 28.683959 ], [ -81.506955, 28.683958 ], [ -81.505787, 28.68395 ], [ -81.505267, 28.683946 ], [ -81.504244, 28.683939 ], [ -81.504216, 28.683939 ], [ -81.504182, 28.687577 ], [ -81.504146, 28.687577 ], [ -81.502238, 28.687566 ], [ -81.501024, 28.68756 ], [ -81.501082, 28.683917 ], [ -81.501058, 28.683917 ], [ -81.500875, 28.683916 ], [ -81.500814, 28.683916 ], [ -81.500605, 28.683914 ], [ -81.499979, 28.68391 ], [ -81.499771, 28.683909 ], [ -81.499523, 28.683907 ], [ -81.499454, 28.683907 ], [ -81.499216, 28.683908 ], [ -81.498506, 28.683903 ], [ -81.49819, 28.683901 ], [ -81.497977, 28.683899 ], [ -81.497581, 28.683897 ], [ -81.497339, 28.683902 ], [ -81.497173, 28.683907 ], [ -81.497127, 28.683907 ], [ -81.497083, 28.683906 ], [ -81.496953, 28.683906 ], [ -81.49691, 28.683906 ], [ -81.496726, 28.683904 ], [ -81.496471, 28.683902 ], [ -81.496175, 28.683891 ], [ -81.495992, 28.683885 ], [ -81.49586, 28.68388 ], [ -81.495462, 28.683877 ], [ -81.49537, 28.683877 ], [ -81.49533, 28.683877 ], [ -81.495302, 28.683877 ], [ -81.495219, 28.683877 ], [ -81.495192, 28.683877 ], [ -81.495157, 28.683876 ], [ -81.495053, 28.683876 ], [ -81.495019, 28.683876 ], [ -81.494829, 28.683874 ], [ -81.494259, 28.683871 ], [ -81.49407, 28.68387 ], [ -81.493798, 28.683867 ], [ -81.493665, 28.683867 ], [ -81.493261, 28.683864 ], [ -81.492986, 28.683864 ], [ -81.49271, 28.683863 ], [ -81.492398, 28.683862 ], [ -81.491464, 28.683859 ], [ -81.491153, 28.683859 ], [ -81.491049, 28.683858 ], [ -81.490738, 28.683857 ], [ -81.490635, 28.683857 ], [ -81.490241, 28.683857 ], [ -81.489062, 28.683858 ], [ -81.488824, 28.683859 ], [ -81.488669, 28.683856 ], [ -81.488381, 28.683855 ], [ -81.487517, 28.683855 ], [ -81.48723, 28.683855 ], [ -81.486796, 28.683854 ], [ -81.486796, 28.684391 ], [ -81.486325, 28.684383 ], [ -81.486325, 28.684683 ], [ -81.485862, 28.684708 ], [ -81.485879, 28.684914 ], [ -81.485494, 28.684914 ], [ -81.485519, 28.68446 ], [ -81.485049, 28.68441 ], [ -81.484954, 28.6844 ], [ -81.484928, 28.685197 ], [ -81.484628, 28.685205 ], [ -81.484577, 28.687519 ], [ -81.47833, 28.687493 ], [ -81.478332, 28.687348 ], [ -81.478372, 28.684597 ], [ -81.476718, 28.684537 ], [ -81.47671, 28.684203 ], [ -81.476296, 28.684229 ], [ -81.476299, 28.684082 ], [ -81.476298, 28.68382 ], [ -81.47626, 28.68382 ], [ -81.475896, 28.683816 ], [ -81.475624, 28.683817 ], [ -81.475336, 28.683813 ], [ -81.47364, 28.683809 ], [ -81.473423, 28.683809 ], [ -81.473162, 28.68381 ], [ -81.472773, 28.68381 ], [ -81.472685, 28.68381 ], [ -81.472621, 28.68381 ], [ -81.472557, 28.68381 ], [ -81.471845, 28.683808 ], [ -81.471334, 28.683808 ], [ -81.469469, 28.683823 ], [ -81.468939, 28.683821 ], [ -81.46802, 28.683805 ], [ -81.467804, 28.683805 ], [ -81.467527, 28.68381 ], [ -81.467344, 28.683841 ], [ -81.467322, 28.684074 ], [ -81.467305, 28.684249 ], [ -81.463838, 28.684256 ], [ -81.463837, 28.684174 ], [ -81.463832, 28.683866 ], [ -81.464009, 28.683873 ], [ -81.464009, 28.683771 ], [ -81.462977, 28.683765 ], [ -81.459654, 28.683747 ], [ -81.459637, 28.681971 ], [ -81.459631, 28.681939 ], [ -81.459629, 28.681772 ], [ -81.459619, 28.681137 ], [ -81.459622, 28.680214 ], [ -81.457672, 28.680222 ], [ -81.456915, 28.680216 ], [ -81.455787, 28.680208 ], [ -81.454647, 28.6802 ], [ -81.453891, 28.680195 ], [ -81.453776, 28.680194 ], [ -81.453431, 28.680191 ], [ -81.453317, 28.68019 ], [ -81.453139, 28.680187 ], [ -81.452608, 28.680181 ], [ -81.452431, 28.680179 ], [ -81.452413, 28.680179 ], [ -81.452362, 28.680179 ], [ -81.452345, 28.680179 ], [ -81.452013, 28.680179 ], [ -81.451856, 28.680177 ], [ -81.450392, 28.680158 ], [ -81.449904, 28.680152 ], [ -81.44909, 28.680144 ], [ -81.447813, 28.680131 ], [ -81.447873, 28.67231 ], [ -81.447769, 28.672376 ], [ -81.447607, 28.672358 ], [ -81.447288, 28.672322 ], [ -81.447252, 28.672617 ], [ -81.443987, 28.672671 ], [ -81.443848, 28.67267 ], [ -81.443561, 28.672667 ], [ -81.442976, 28.672662 ], [ -81.438854, 28.672626 ], [ -81.438851, 28.672471 ], [ -81.438823, 28.671244 ], [ -81.437281, 28.671222 ], [ -81.436364, 28.671195 ], [ -81.435641, 28.671195 ], [ -81.435627, 28.670723 ], [ -81.435622, 28.670534 ], [ -81.435659, 28.67005 ], [ -81.435666, 28.669951 ], [ -81.43567, 28.669938 ], [ -81.435739, 28.66969 ], [ -81.435772, 28.669571 ], [ -81.436032, 28.669303 ], [ -81.436065, 28.669269 ], [ -81.436212, 28.669022 ], [ -81.436271, 28.668922 ], [ -81.435716, 28.668589 ], [ -81.435439, 28.668423 ], [ -81.435316, 28.66835 ], [ -81.435104, 28.668207 ], [ -81.434361, 28.667796 ], [ -81.434237, 28.667728 ], [ -81.434026, 28.667643 ], [ -81.433426, 28.667404 ], [ -81.433435, 28.666947 ], [ -81.43467, 28.666934 ], [ -81.435595, 28.666924 ], [ -81.435592, 28.664362 ], [ -81.435588, 28.661975 ], [ -81.435586, 28.660175 ], [ -81.435583, 28.658092 ], [ -81.435428, 28.658054 ], [ -81.434256, 28.658051 ], [ -81.433746, 28.658052 ], [ -81.433677, 28.658029 ], [ -81.433622, 28.657991 ], [ -81.433596, 28.657956 ], [ -81.433581, 28.65791 ], [ -81.433576, 28.657817 ], [ -81.433577, 28.657759 ], [ -81.43358, 28.657023 ], [ -81.43358, 28.656784 ], [ -81.433585, 28.656727 ], [ -81.433604, 28.656689 ], [ -81.433628, 28.656652 ], [ -81.433641, 28.656609 ], [ -81.433641, 28.656549 ], [ -81.433638, 28.656431 ], [ -81.434672, 28.656419 ], [ -81.434859, 28.656419 ], [ -81.435422, 28.65642 ], [ -81.43561, 28.656421 ], [ -81.435611, 28.656142 ], [ -81.435614, 28.655307 ], [ -81.435616, 28.655029 ], [ -81.435613, 28.654873 ], [ -81.435604, 28.654404 ], [ -81.435601, 28.654249 ], [ -81.435595, 28.653956 ], [ -81.435577, 28.653077 ], [ -81.435572, 28.652784 ], [ -81.435572, 28.652679 ], [ -81.435575, 28.652364 ], [ -81.435576, 28.65226 ], [ -81.435578, 28.651922 ], [ -81.435588, 28.650909 ], [ -81.435591, 28.650572 ], [ -81.435595, 28.650295 ], [ -81.435611, 28.649467 ], [ -81.435616, 28.649191 ], [ -81.43561, 28.64887 ], [ -81.435592, 28.647909 ], [ -81.435586, 28.647589 ], [ -81.435586, 28.647458 ], [ -81.435722, 28.647361 ], [ -81.439007, 28.644669 ], [ -81.439085, 28.644605 ], [ -81.439651, 28.644139 ], [ -81.440063, 28.6438 ], [ -81.441166, 28.642892 ], [ -81.441197, 28.642867 ], [ -81.442294, 28.641964 ], [ -81.442848, 28.641508 ], [ -81.443046, 28.641455 ], [ -81.443076, 28.641349 ], [ -81.443084, 28.641321 ], [ -81.443163, 28.641074 ], [ -81.44319, 28.641012 ], [ -81.443227, 28.64093 ], [ -81.443269, 28.640838 ], [ -81.443288, 28.640805 ], [ -81.443335, 28.640722 ], [ -81.443363, 28.640675 ], [ -81.443378, 28.640659 ], [ -81.443476, 28.640495 ], [ -81.443484, 28.640478 ], [ -81.443527, 28.640393 ], [ -81.443568, 28.640301 ], [ -81.443599, 28.640181 ], [ -81.443603, 28.64015 ], [ -81.443809, 28.640152 ], [ -81.444584, 28.640158 ], [ -81.446305, 28.638745 ], [ -81.447889, 28.637444 ], [ -81.448078, 28.637289 ], [ -81.44867, 28.636803 ], [ -81.448862, 28.636656 ], [ -81.449063, 28.636518 ], [ -81.449354, 28.63634 ], [ -81.44972, 28.636135 ], [ -81.450041, 28.635993 ], [ -81.450346, 28.635872 ], [ -81.450608, 28.635784 ], [ -81.450955, 28.635691 ], [ -81.451319, 28.635614 ], [ -81.451644, 28.635561 ], [ -81.453265, 28.635359 ], [ -81.45321, 28.635278 ], [ -81.453133, 28.635164 ], [ -81.45229, 28.63391 ], [ -81.452188, 28.633759 ], [ -81.452404, 28.633714 ], [ -81.452263, 28.633498 ], [ -81.449564, 28.629353 ], [ -81.449635, 28.629304 ], [ -81.449695, 28.629275 ], [ -81.449719, 28.629265 ], [ -81.449783, 28.629248 ], [ -81.449866, 28.629245 ], [ -81.450433, 28.629248 ], [ -81.450602, 28.629249 ], [ -81.450678, 28.629229 ], [ -81.450631, 28.62912 ], [ -81.450493, 28.628794 ], [ -81.450447, 28.628686 ], [ -81.450295, 28.62833 ], [ -81.450004, 28.627648 ], [ -81.449958, 28.627537 ], [ -81.449841, 28.627265 ], [ -81.449824, 28.627224 ], [ -81.449691, 28.62691 ], [ -81.449401, 28.627019 ], [ -81.448531, 28.627348 ], [ -81.448357, 28.627414 ], [ -81.448286, 28.627329 ], [ -81.447151, 28.625554 ], [ -81.447356, 28.625553 ], [ -81.44839, 28.625548 ], [ -81.448736, 28.625547 ], [ -81.449649, 28.625537 ], [ -81.449703, 28.625536 ], [ -81.450665, 28.625522 ], [ -81.451831, 28.625517 ], [ -81.452693, 28.625567 ], [ -81.452907, 28.625535 ], [ -81.453484, 28.625519 ], [ -81.453486, 28.625619 ], [ -81.453502, 28.625718 ], [ -81.453524, 28.625792 ], [ -81.453574, 28.625887 ], [ -81.453624, 28.625954 ], [ -81.45368, 28.626013 ], [ -81.453785, 28.626099 ], [ -81.453897, 28.626168 ], [ -81.454119, 28.626293 ], [ -81.454157, 28.626315 ], [ -81.454197, 28.626335 ], [ -81.454236, 28.626356 ], [ -81.454276, 28.626376 ], [ -81.454321, 28.626399 ], [ -81.454424, 28.626457 ], [ -81.454604, 28.626562 ], [ -81.455447, 28.627003 ], [ -81.4558, 28.627195 ], [ -81.455913, 28.627255 ], [ -81.456255, 28.627438 ], [ -81.456369, 28.627499 ], [ -81.456753, 28.627704 ], [ -81.456754, 28.626289 ], [ -81.458017, 28.626246 ], [ -81.458075, 28.627606 ], [ -81.459722, 28.627599 ], [ -81.459759, 28.628153 ], [ -81.459764, 28.628488 ], [ -81.459757, 28.628808 ], [ -81.459746, 28.629055 ], [ -81.459752, 28.629116 ], [ -81.459775, 28.629194 ], [ -81.459787, 28.629213 ], [ -81.459811, 28.629236 ], [ -81.459865, 28.62926 ], [ -81.459895, 28.629263 ], [ -81.460234, 28.629267 ], [ -81.461621, 28.629288 ], [ -81.462084, 28.629295 ], [ -81.462191, 28.629299 ], [ -81.46243, 28.629302 ], [ -81.463468, 28.629317 ], [ -81.46358, 28.629319 ], [ -81.463653, 28.629311 ], [ -81.463698, 28.629297 ], [ -81.463867, 28.629399 ], [ -81.468028, 28.629382 ], [ -81.472129, 28.629366 ], [ -81.472129, 28.629491 ], [ -81.472129, 28.62992 ], [ -81.472128, 28.632935 ], [ -81.474353, 28.632651 ], [ -81.474363, 28.632649 ], [ -81.474599, 28.632619 ], [ -81.474826, 28.632585 ], [ -81.475375, 28.632484 ], [ -81.476254, 28.632291 ], [ -81.476367, 28.632266 ], [ -81.476436, 28.632251 ], [ -81.476533, 28.632229 ], [ -81.47708, 28.632107 ], [ -81.47741, 28.632033 ], [ -81.47764, 28.631983 ], [ -81.477783, 28.631943 ], [ -81.477932, 28.631918 ], [ -81.478386, 28.63183 ], [ -81.478654, 28.631792 ], [ -81.47896, 28.631769 ], [ -81.479021, 28.631767 ], [ -81.479199, 28.631763 ], [ -81.479491, 28.631772 ], [ -81.479588, 28.63178 ], [ -81.479792, 28.631798 ], [ -81.480055, 28.631839 ], [ -81.480258, 28.63188 ], [ -81.480422, 28.631922 ], [ -81.482092, 28.632394 ], [ -81.482137, 28.632407 ], [ -81.485037, 28.633234 ], [ -81.485352, 28.633307 ], [ -81.485548, 28.633342 ], [ -81.485791, 28.633375 ], [ -81.485995, 28.633392 ], [ -81.486216, 28.633402 ], [ -81.486488, 28.633402 ], [ -81.486768, 28.633385 ], [ -81.487084, 28.633346 ], [ -81.487163, 28.63333 ], [ -81.487346, 28.633296 ], [ -81.487489, 28.633264 ], [ -81.487895, 28.633149 ], [ -81.487975, 28.633122 ], [ -81.48827, 28.633006 ], [ -81.488382, 28.632953 ], [ -81.488563, 28.63287 ], [ -81.488704, 28.632795 ], [ -81.488788, 28.632746 ], [ -81.489061, 28.632574 ], [ -81.489155, 28.632507 ], [ -81.489414, 28.632306 ], [ -81.48988, 28.631877 ], [ -81.490262, 28.631514 ], [ -81.490494, 28.631309 ], [ -81.491119, 28.630708 ], [ -81.491818, 28.630043 ], [ -81.492, 28.629849 ], [ -81.492166, 28.629645 ], [ -81.492305, 28.629451 ], [ -81.492431, 28.62925 ], [ -81.492515, 28.629095 ], [ -81.492638, 28.628836 ], [ -81.492728, 28.6286 ], [ -81.492788, 28.628409 ], [ -81.492859, 28.628094 ], [ -81.49289, 28.627982 ], [ -81.492907, 28.627868 ], [ -81.492918, 28.627217 ], [ -81.492922, 28.625651 ], [ -81.493575, 28.625642 ], [ -81.494093, 28.625635 ], [ -81.494646, 28.625636 ], [ -81.495366, 28.625625 ], [ -81.495537, 28.625624 ], [ -81.496191, 28.625621 ], [ -81.496369, 28.62562 ], [ -81.496573, 28.625621 ], [ -81.497049, 28.625625 ], [ -81.497721, 28.625642 ], [ -81.498104, 28.625652 ], [ -81.49823, 28.624904 ], [ -81.498612, 28.622662 ], [ -81.498739, 28.621915 ], [ -81.498951, 28.620682 ], [ -81.498958, 28.620636 ], [ -81.502379, 28.620591 ], [ -81.502404, 28.621872 ], [ -81.503767, 28.621857 ], [ -81.503961, 28.621855 ], [ -81.505267, 28.621841 ], [ -81.506527, 28.621827 ], [ -81.508133, 28.62181 ], [ -81.509102, 28.621801 ], [ -81.509247, 28.621801 ], [ -81.509269, 28.621801 ], [ -81.509268, 28.621705 ], [ -81.509267, 28.62031 ], [ -81.509267, 28.618729 ], [ -81.51153, 28.618745 ], [ -81.51153, 28.618089 ], [ -81.51153, 28.618048 ], [ -81.512376, 28.618055 ], [ -81.512378, 28.619922 ], [ -81.512215, 28.619921 ], [ -81.511925, 28.61992 ], [ -81.511341, 28.619918 ], [ -81.511342, 28.620813 ], [ -81.511342, 28.621173 ], [ -81.511343, 28.621744 ], [ -81.512472, 28.621742 ], [ -81.513842, 28.621742 ], [ -81.515186, 28.621742 ], [ -81.516091, 28.621754 ], [ -81.516115, 28.621755 ], [ -81.516116, 28.621854 ], [ -81.516218, 28.621854 ], [ -81.51632, 28.621855 ], [ -81.516456, 28.621856 ], [ -81.516568, 28.621856 ], [ -81.516593, 28.621857 ], [ -81.517312, 28.621864 ], [ -81.517474, 28.621866 ], [ -81.517561, 28.621869 ], [ -81.518252, 28.621895 ], [ -81.518426, 28.621897 ], [ -81.518826, 28.621904 ], [ -81.521024, 28.62189 ], [ -81.521597, 28.621887 ], [ -81.521874, 28.621885 ], [ -81.521891, 28.621884 ], [ -81.521943, 28.621883 ], [ -81.522098, 28.621883 ], [ -81.522151, 28.621883 ], [ -81.522903, 28.621877 ], [ -81.523983, 28.621869 ], [ -81.524505, 28.621856 ], [ -81.52516, 28.621828 ], [ -81.52549, 28.621814 ], [ -81.525912, 28.6218 ], [ -81.526162, 28.621791 ], [ -81.526727, 28.621784 ], [ -81.529172, 28.621756 ], [ -81.529988, 28.621748 ], [ -81.530304, 28.621744 ], [ -81.531252, 28.621735 ], [ -81.531569, 28.621733 ], [ -81.531909, 28.621729 ], [ -81.53293, 28.621719 ], [ -81.533271, 28.621717 ], [ -81.533463, 28.621715 ], [ -81.534038, 28.621709 ], [ -81.534231, 28.621708 ], [ -81.534463, 28.621706 ], [ -81.535161, 28.621701 ], [ -81.535394, 28.6217 ], [ -81.535539, 28.621699 ], [ -81.535708, 28.621697 ], [ -81.535974, 28.621695 ], [ -81.536061, 28.621695 ], [ -81.53612, 28.621695 ], [ -81.53634, 28.621693 ], [ -81.536546, 28.621692 ], [ -81.536682, 28.621692 ], [ -81.537244, 28.621689 ], [ -81.537748, 28.621685 ], [ -81.537826, 28.621684 ], [ -81.538253, 28.621682 ], [ -81.538957, 28.621672 ], [ -81.539809, 28.621668 ], [ -81.539828, 28.621667 ], [ -81.54062, 28.621663 ], [ -81.540811, 28.621662 ], [ -81.5412, 28.62166 ], [ -81.541262, 28.621659 ], [ -81.54145, 28.621658 ], [ -81.541513, 28.621658 ], [ -81.54168, 28.621656 ], [ -81.54218, 28.621652 ], [ -81.542348, 28.621651 ], [ -81.542346, 28.621365 ], [ -81.542328, 28.618099 ], [ -81.542328, 28.617957 ], [ -81.542644, 28.617955 ], [ -81.54283, 28.617954 ], [ -81.545181, 28.617942 ], [ -81.545246, 28.617941 ], [ -81.545279, 28.617941 ], [ -81.545351, 28.617941 ], [ -81.54541, 28.61794 ], [ -81.545591, 28.617939 ], [ -81.545789, 28.617938 ], [ -81.548491, 28.617923 ], [ -81.548493, 28.618472 ], [ -81.548419, 28.618808 ], [ -81.548418, 28.618911 ], [ -81.548417, 28.619072 ], [ -81.548416, 28.619223 ], [ -81.548416, 28.619328 ], [ -81.548415, 28.619424 ], [ -81.548413, 28.619715 ], [ -81.548413, 28.61976 ], [ -81.548413, 28.619812 ], [ -81.548413, 28.619849 ], [ -81.548497, 28.619848 ], [ -81.548522, 28.619848 ], [ -81.548598, 28.619848 ], [ -81.548895, 28.619845 ], [ -81.549527, 28.61984 ], [ -81.549603, 28.619839 ], [ -81.549655, 28.619839 ], [ -81.549802, 28.619838 ], [ -81.549833, 28.619838 ], [ -81.549939, 28.619837 ], [ -81.549941, 28.619811 ], [ -81.549941, 28.6198 ], [ -81.54994, 28.619788 ], [ -81.549942, 28.619776 ], [ -81.549948, 28.619764 ], [ -81.550098, 28.619645 ], [ -81.550416, 28.619442 ], [ -81.550603, 28.618969 ], [ -81.55089, 28.61876 ], [ -81.551133, 28.618264 ], [ -81.551707, 28.617665 ], [ -81.552143, 28.617483 ], [ -81.552181, 28.617258 ], [ -81.552661, 28.617131 ], [ -81.553378, 28.616999 ], [ -81.553615, 28.616894 ], [ -81.553921, 28.616889 ], [ -81.55402, 28.616867 ], [ -81.554114, 28.616807 ], [ -81.554145, 28.616801 ], [ -81.55422, 28.616796 ], [ -81.554401, 28.616823 ], [ -81.554469, 28.616779 ], [ -81.554675, 28.616752 ], [ -81.5548, 28.616696 ], [ -81.554956, 28.616658 ], [ -81.555105, 28.616581 ], [ -81.555317, 28.61652 ], [ -81.555585, 28.616339 ], [ -81.555835, 28.616097 ], [ -81.556022, 28.615943 ], [ -81.556253, 28.615849 ], [ -81.556465, 28.615734 ], [ -81.556652, 28.615695 ], [ -81.556783, 28.615519 ], [ -81.556964, 28.615508 ], [ -81.557132, 28.615442 ], [ -81.557419, 28.615448 ], [ -81.557562, 28.615415 ], [ -81.558036, 28.615222 ], [ -81.558273, 28.61509 ], [ -81.558498, 28.615035 ], [ -81.558959, 28.614523 ], [ -81.559115, 28.614248 ], [ -81.55914, 28.614099 ], [ -81.559227, 28.613984 ], [ -81.559371, 28.613857 ], [ -81.559452, 28.613731 ], [ -81.559578, 28.613313 ], [ -81.559726, 28.612828 ], [ -81.559969, 28.612861 ], [ -81.560225, 28.612388 ], [ -81.560318, 28.612163 ], [ -81.560063, 28.612009 ], [ -81.560244, 28.61115 ], [ -81.560156, 28.610583 ], [ -81.560437, 28.610209 ], [ -81.560624, 28.609885 ], [ -81.56078, 28.609401 ], [ -81.561123, 28.608757 ], [ -81.561846, 28.608025 ], [ -81.562183, 28.607656 ], [ -81.562463, 28.607414 ], [ -81.562688, 28.607299 ], [ -81.5629, 28.607266 ], [ -81.562999, 28.607183 ], [ -81.563012, 28.607117 ], [ -81.562893, 28.607045 ], [ -81.562887, 28.606919 ], [ -81.563132, 28.606679 ], [ -81.571965, 28.606835 ], [ -81.568681, 28.613173 ], [ -81.565539, 28.618814 ], [ -81.558256, 28.622574 ], [ -81.557828, 28.62696 ], [ -81.556685, 28.632601 ], [ -81.570252, 28.638617 ], [ -81.577964, 28.643129 ], [ -81.586675, 28.646012 ], [ -81.592958, 28.647516 ], [ -81.59967, 28.653156 ], [ -81.59967, 28.657668 ], [ -81.599813, 28.666943 ], [ -81.606239, 28.671329 ], [ -81.61695, 28.673586 ], [ -81.623805, 28.670953 ], [ -81.639085, 28.671956 ], [ -81.657793, 28.676594 ], [ -81.658466, 28.676798 ], [ -81.658498, 28.679555 ], [ -81.658518, 28.68209 ], [ -81.658518, 28.682844 ] ] ] ] } },
{ "type": "Feature", "properties": { "ZCTA5CE20": "32824", "GEOID20": "32824", "GEOIDFQ20": "860Z200US32824", "CLASSFP20": "B5", "MTFCC20": "G6350", "FUNCSTAT20": "S", "ALAND20": 86754116, "AWATER20": 1463586, "INTPTLAT20": "+28.3887508", "INTPTLON20": "-081.3445353" }, "geometry": { "type": "MultiPolygon", "coordinates": [ [ [ [ -81.408773, 28.433452 ], [ -81.408472, 28.433506 ], [ -81.405933, 28.434153 ], [ -81.405166, 28.434387 ], [ -81.404989, 28.434431 ], [ -81.404885, 28.434461 ], [ -81.404754, 28.434483 ], [ -81.404593, 28.434525 ], [ -81.404254, 28.434621 ], [ -81.403745, 28.434758 ], [ -81.403222, 28.434972 ], [ -81.402583, 28.435329 ], [ -81.402315, 28.435469 ], [ -81.401327, 28.435988 ], [ -81.40055, 28.436671 ], [ -81.400171, 28.437001 ], [ -81.399717, 28.437414 ], [ -81.399305, 28.437775 ], [ -81.39799, 28.438975 ], [ -81.397267, 28.439598 ], [ -81.396672, 28.440066 ], [ -81.396247, 28.440392 ], [ -81.395772, 28.440682 ], [ -81.395542, 28.440793 ], [ -81.394964, 28.441104 ], [ -81.39392, 28.441504 ], [ -81.392765, 28.441859 ], [ -81.387714, 28.443168 ], [ -81.387297, 28.443259 ], [ -81.38697, 28.443376 ], [ -81.384272, 28.444063 ], [ -81.381687, 28.444725 ], [ -81.379751, 28.445249 ], [ -81.378077, 28.445624 ], [ -81.377015, 28.445736 ], [ -81.375417, 28.445755 ], [ -81.371186, 28.445805 ], [ -81.369125, 28.445805 ], [ -81.368934, 28.445799 ], [ -81.36866, 28.445802 ], [ -81.367359, 28.445815 ], [ -81.367275, 28.445814 ], [ -81.367229, 28.445822 ], [ -81.367179, 28.445807 ], [ -81.367104, 28.445807 ], [ -81.367058, 28.445814 ], [ -81.367015, 28.445807 ], [ -81.36693, 28.445807 ], [ -81.366866, 28.445807 ], [ -81.366633, 28.44581 ], [ -81.36539, 28.445799 ], [ -81.364976, 28.4458 ], [ -81.365049, 28.445574 ], [ -81.365196, 28.445105 ], [ -81.359363, 28.443708 ], [ -81.359126, 28.443651 ], [ -81.357825, 28.44334 ], [ -81.357271, 28.443211 ], [ -81.35725, 28.443208 ], [ -81.357059, 28.443176 ], [ -81.356916, 28.443159 ], [ -81.3567, 28.443146 ], [ -81.356473, 28.443146 ], [ -81.356223, 28.443161 ], [ -81.355975, 28.443193 ], [ -81.355812, 28.443224 ], [ -81.355336, 28.443347 ], [ -81.352477, 28.444132 ], [ -81.352042, 28.444295 ], [ -81.351857, 28.444354 ], [ -81.351571, 28.444424 ], [ -81.351192, 28.444491 ], [ -81.351122, 28.44451 ], [ -81.35111, 28.444653 ], [ -81.351125, 28.447116 ], [ -81.351079, 28.447116 ], [ -81.351091, 28.449153 ], [ -81.351094, 28.449495 ], [ -81.350725, 28.449624 ], [ -81.350312, 28.449753 ], [ -81.349958, 28.449801 ], [ -81.349771, 28.449803 ], [ -81.349704, 28.449731 ], [ -81.349595, 28.449585 ], [ -81.349504, 28.449425 ], [ -81.34945, 28.44931 ], [ -81.349438, 28.449284 ], [ -81.34943, 28.44926 ], [ -81.349377, 28.449103 ], [ -81.349366, 28.449058 ], [ -81.349336, 28.448934 ], [ -81.349324, 28.448772 ], [ -81.349336, 28.44863 ], [ -81.349338, 28.448619 ], [ -81.349335, 28.448531 ], [ -81.349374, 28.448338 ], [ -81.349531, 28.447965 ], [ -81.349631, 28.447758 ], [ -81.349776, 28.447422 ], [ -81.349834, 28.447291 ], [ -81.34988, 28.447111 ], [ -81.349898, 28.44701 ], [ -81.349911, 28.446934 ], [ -81.349931, 28.446756 ], [ -81.349937, 28.446578 ], [ -81.349922, 28.446401 ], [ -81.349899, 28.446231 ], [ -81.349851, 28.446072 ], [ -81.349825, 28.446002 ], [ -81.349798, 28.44593 ], [ -81.349721, 28.445769 ], [ -81.349657, 28.445634 ], [ -81.349548, 28.445457 ], [ -81.34945, 28.445333 ], [ -81.349416, 28.445293 ], [ -81.349364, 28.445233 ], [ -81.34932, 28.44519 ], [ -81.349273, 28.445143 ], [ -81.349236, 28.445108 ], [ -81.349106, 28.444989 ], [ -81.34897, 28.44488 ], [ -81.34888, 28.444807 ], [ -81.348722, 28.444759 ], [ -81.348327, 28.444641 ], [ -81.348255, 28.444606 ], [ -81.348107, 28.444536 ], [ -81.347826, 28.444406 ], [ -81.347671, 28.444315 ], [ -81.347389, 28.444149 ], [ -81.347124, 28.443893 ], [ -81.347044, 28.443807 ], [ -81.346886, 28.443637 ], [ -81.346764, 28.443495 ], [ -81.346723, 28.443411 ], [ -81.34671, 28.44327 ], [ -81.346693, 28.443085 ], [ -81.346649, 28.442916 ], [ -81.346634, 28.442789 ], [ -81.34663, 28.442759 ], [ -81.346618, 28.44267 ], [ -81.346614, 28.442641 ], [ -81.346533, 28.441829 ], [ -81.346524, 28.441475 ], [ -81.346463, 28.43881 ], [ -81.346429, 28.438262 ], [ -81.346362, 28.437975 ], [ -81.346353, 28.437933 ], [ -81.346276, 28.437753 ], [ -81.34562, 28.437297 ], [ -81.345509, 28.437226 ], [ -81.34559, 28.437161 ], [ -81.345674, 28.43711 ], [ -81.345687, 28.437103 ], [ -81.345764, 28.437068 ], [ -81.3459, 28.43702 ], [ -81.346024, 28.436996 ], [ -81.346193, 28.436988 ], [ -81.346284, 28.436974 ], [ -81.346316, 28.43696 ], [ -81.346362, 28.436942 ], [ -81.346428, 28.436894 ], [ -81.346456, 28.436865 ], [ -81.346483, 28.436828 ], [ -81.346499, 28.4368 ], [ -81.346507, 28.436777 ], [ -81.346513, 28.436764 ], [ -81.346527, 28.436689 ], [ -81.346527, 28.436609 ], [ -81.346528, 28.436553 ], [ -81.346529, 28.436414 ], [ -81.346531, 28.435998 ], [ -81.346533, 28.43586 ], [ -81.346534, 28.435723 ], [ -81.346538, 28.435315 ], [ -81.34654, 28.435179 ], [ -81.346541, 28.43504 ], [ -81.346545, 28.434626 ], [ -81.346547, 28.434488 ], [ -81.346547, 28.43435 ], [ -81.346549, 28.433935 ], [ -81.34655, 28.433798 ], [ -81.346548, 28.433647 ], [ -81.346548, 28.433603 ], [ -81.346532, 28.433501 ], [ -81.346507, 28.433427 ], [ -81.346404, 28.433225 ], [ -81.346369, 28.433155 ], [ -81.346342, 28.433089 ], [ -81.346318, 28.432971 ], [ -81.34631, 28.432881 ], [ -81.346311, 28.432821 ], [ -81.346313, 28.432792 ], [ -81.346326, 28.432703 ], [ -81.34635, 28.432616 ], [ -81.346464, 28.432317 ], [ -81.346506, 28.43219 ], [ -81.346524, 28.43212 ], [ -81.346534, 28.432046 ], [ -81.346543, 28.43199 ], [ -81.346545, 28.431777 ], [ -81.346546, 28.431561 ], [ -81.346549, 28.430913 ], [ -81.34655, 28.430697 ], [ -81.34655, 28.43056 ], [ -81.34655, 28.430149 ], [ -81.34655, 28.430012 ], [ -81.346549, 28.429874 ], [ -81.346549, 28.429462 ], [ -81.346549, 28.429325 ], [ -81.346548, 28.429235 ], [ -81.346546, 28.428965 ], [ -81.346546, 28.428876 ], [ -81.346609, 28.428876 ], [ -81.346798, 28.428876 ], [ -81.346861, 28.428876 ], [ -81.346875, 28.428876 ], [ -81.346917, 28.428876 ], [ -81.346932, 28.428877 ], [ -81.346955, 28.428877 ], [ -81.347026, 28.428877 ], [ -81.34705, 28.428877 ], [ -81.347212, 28.428878 ], [ -81.347373, 28.42888 ], [ -81.347454, 28.42888 ], [ -81.34867, 28.428888 ], [ -81.348736, 28.428889 ], [ -81.34899, 28.428892 ], [ -81.34899, 28.428807 ], [ -81.348992, 28.427064 ], [ -81.347976, 28.427058 ], [ -81.346951, 28.42705 ], [ -81.346954, 28.426629 ], [ -81.346944, 28.425195 ], [ -81.346938, 28.424306 ], [ -81.346888, 28.424411 ], [ -81.346888, 28.424244 ], [ -81.346891, 28.423316 ], [ -81.347088, 28.423316 ], [ -81.347166, 28.423316 ], [ -81.347223, 28.423316 ], [ -81.347228, 28.422971 ], [ -81.347231, 28.422783 ], [ -81.347233, 28.42261 ], [ -81.347248, 28.421609 ], [ -81.347249, 28.421528 ], [ -81.347253, 28.421227 ], [ -81.347254, 28.421167 ], [ -81.347267, 28.420185 ], [ -81.347292, 28.418313 ], [ -81.347292, 28.417567 ], [ -81.347303, 28.417241 ], [ -81.347322, 28.416707 ], [ -81.347338, 28.416261 ], [ -81.347184, 28.416051 ], [ -81.346723, 28.415421 ], [ -81.34657, 28.415211 ], [ -81.346402, 28.414981 ], [ -81.346188, 28.414709 ], [ -81.346042, 28.41454 ], [ -81.345961, 28.414446 ], [ -81.345653, 28.414124 ], [ -81.345444, 28.413924 ], [ -81.345221, 28.413736 ], [ -81.344984, 28.413563 ], [ -81.344583, 28.413303 ], [ -81.344415, 28.413187 ], [ -81.344189, 28.412993 ], [ -81.344089, 28.412897 ], [ -81.343755, 28.412574 ], [ -81.343478, 28.412301 ], [ -81.343447, 28.412271 ], [ -81.343357, 28.412181 ], [ -81.343327, 28.412152 ], [ -81.343261, 28.412182 ], [ -81.343138, 28.412248 ], [ -81.343046, 28.412371 ], [ -81.342685, 28.412837 ], [ -81.341602, 28.414234 ], [ -81.341242, 28.414701 ], [ -81.341225, 28.414743 ], [ -81.341125, 28.414907 ], [ -81.341066, 28.415014 ], [ -81.341031, 28.415079 ], [ -81.340856, 28.415308 ], [ -81.340725, 28.415459 ], [ -81.340452, 28.415715 ], [ -81.340335, 28.415802 ], [ -81.340271, 28.41585 ], [ -81.340144, 28.415937 ], [ -81.340035, 28.416001 ], [ -81.340002, 28.41602 ], [ -81.339918, 28.416061 ], [ -81.339811, 28.416115 ], [ -81.339649, 28.416179 ], [ -81.339558, 28.416219 ], [ -81.339485, 28.416253 ], [ -81.339437, 28.416268 ], [ -81.339294, 28.416314 ], [ -81.339079, 28.416366 ], [ -81.338918, 28.416399 ], [ -81.338798, 28.41641 ], [ -81.338594, 28.416431 ], [ -81.338409, 28.416442 ], [ -81.338231, 28.41644 ], [ -81.338168, 28.416439 ], [ -81.338104, 28.416438 ], [ -81.338067, 28.416412 ], [ -81.337951, 28.4164 ], [ -81.336989, 28.416442 ], [ -81.336842, 28.41645 ], [ -81.336505, 28.41647 ], [ -81.336276, 28.416498 ], [ -81.33619, 28.416514 ], [ -81.336089, 28.416533 ], [ -81.336039, 28.416543 ], [ -81.335883, 28.416582 ], [ -81.335792, 28.416611 ], [ -81.335725, 28.416633 ], [ -81.335696, 28.416645 ], [ -81.335485, 28.416729 ], [ -81.335253, 28.416839 ], [ -81.33503, 28.416963 ], [ -81.334887, 28.41706 ], [ -81.334751, 28.417163 ], [ -81.334695, 28.417212 ], [ -81.333804, 28.417275 ], [ -81.333537, 28.417062 ], [ -81.332072, 28.415243 ], [ -81.331966, 28.415064 ], [ -81.33188, 28.414901 ], [ -81.331506, 28.414425 ], [ -81.330999, 28.413715 ], [ -81.330859, 28.413478 ], [ -81.330771, 28.413392 ], [ -81.330732, 28.413343 ], [ -81.330707, 28.413311 ], [ -81.330409, 28.412891 ], [ -81.330302, 28.412741 ], [ -81.330154, 28.412535 ], [ -81.32996, 28.412264 ], [ -81.329714, 28.411915 ], [ -81.329568, 28.411708 ], [ -81.329551, 28.411684 ], [ -81.329502, 28.411615 ], [ -81.329486, 28.411592 ], [ -81.329464, 28.411561 ], [ -81.329398, 28.411468 ], [ -81.329377, 28.411438 ], [ -81.329117, 28.411071 ], [ -81.329207, 28.41101 ], [ -81.329026, 28.410943 ], [ -81.328674, 28.410813 ], [ -81.328684, 28.41045 ], [ -81.328185, 28.409761 ], [ -81.328134, 28.409692 ], [ -81.3276, 28.408934 ], [ -81.327527, 28.408829 ], [ -81.32745, 28.408727 ], [ -81.327368, 28.408628 ], [ -81.327265, 28.40853 ], [ -81.327197, 28.408475 ], [ -81.327124, 28.408424 ], [ -81.327048, 28.408378 ], [ -81.326969, 28.408335 ], [ -81.326887, 28.408298 ], [ -81.326796, 28.408263 ], [ -81.326702, 28.408234 ], [ -81.326606, 28.408211 ], [ -81.326508, 28.408195 ], [ -81.326409, 28.408185 ], [ -81.32561, 28.408172 ], [ -81.323894, 28.408166 ], [ -81.322597, 28.408161 ], [ -81.321413, 28.408158 ], [ -81.321289, 28.408161 ], [ -81.321164, 28.408169 ], [ -81.32104, 28.408183 ], [ -81.320917, 28.408203 ], [ -81.3203, 28.408294 ], [ -81.319245, 28.408444 ], [ -81.318907, 28.408492 ], [ -81.318693, 28.408508 ], [ -81.318481, 28.408511 ], [ -81.31848, 28.408313 ], [ -81.318464, 28.408241 ], [ -81.318434, 28.408172 ], [ -81.318392, 28.408109 ], [ -81.318338, 28.408053 ], [ -81.318265, 28.408003 ], [ -81.318184, 28.407966 ], [ -81.318093, 28.40794 ], [ -81.31801, 28.40793 ], [ -81.317981, 28.40793 ], [ -81.315326, 28.407956 ], [ -81.314598, 28.407964 ], [ -81.314443, 28.407989 ], [ -81.314404, 28.407843 ], [ -81.314372, 28.407653 ], [ -81.314358, 28.407461 ], [ -81.314363, 28.407195 ], [ -81.314382, 28.406979 ], [ -81.314491, 28.406213 ], [ -81.314589, 28.40556 ], [ -81.314854, 28.403801 ], [ -81.314938, 28.403285 ], [ -81.314969, 28.403132 ], [ -81.315007, 28.40298 ], [ -81.315053, 28.402835 ], [ -81.315105, 28.402701 ], [ -81.315162, 28.402571 ], [ -81.315358, 28.402196 ], [ -81.316547, 28.400197 ], [ -81.316763, 28.39985 ], [ -81.317284, 28.398988 ], [ -81.317349, 28.398864 ], [ -81.317386, 28.398797 ], [ -81.317416, 28.398717 ], [ -81.317439, 28.398636 ], [ -81.317454, 28.398553 ], [ -81.31746, 28.398469 ], [ -81.317458, 28.398385 ], [ -81.317448, 28.398302 ], [ -81.31743, 28.398219 ], [ -81.317403, 28.398139 ], [ -81.317356, 28.398036 ], [ -81.317312, 28.397962 ], [ -81.31728, 28.397915 ], [ -81.317262, 28.397892 ], [ -81.317226, 28.397848 ], [ -81.317207, 28.397826 ], [ -81.31702, 28.397653 ], [ -81.316948, 28.397587 ], [ -81.316876, 28.39752 ], [ -81.316794, 28.397445 ], [ -81.31673, 28.397397 ], [ -81.316662, 28.397352 ], [ -81.316516, 28.397278 ], [ -81.316438, 28.397248 ], [ -81.316359, 28.397224 ], [ -81.316277, 28.397204 ], [ -81.316194, 28.39719 ], [ -81.31611, 28.397182 ], [ -81.316087, 28.397182 ], [ -81.315969, 28.397179 ], [ -81.31545, 28.39718 ], [ -81.312158, 28.397156 ], [ -81.311609, 28.397148 ], [ -81.311416, 28.397151 ], [ -81.311096, 28.39714 ], [ -81.310832, 28.397135 ], [ -81.31042, 28.39713 ], [ -81.310208, 28.397127 ], [ -81.309998, 28.397124 ], [ -81.309789, 28.397126 ], [ -81.309108, 28.397117 ], [ -81.308764, 28.397112 ], [ -81.30815, 28.397094 ], [ -81.307429, 28.397075 ], [ -81.305874, 28.397119 ], [ -81.305172, 28.397151 ], [ -81.304741, 28.397238 ], [ -81.304207, 28.39738 ], [ -81.303648, 28.397529 ], [ -81.302812, 28.397774 ], [ -81.302096, 28.397978 ], [ -81.301786, 28.398067 ], [ -81.301234, 28.398217 ], [ -81.300618, 28.398367 ], [ -81.300397, 28.398438 ], [ -81.29739, 28.399258 ], [ -81.296877, 28.399408 ], [ -81.296554, 28.399511 ], [ -81.293925, 28.400221 ], [ -81.291802, 28.400829 ], [ -81.291431, 28.401034 ], [ -81.291076, 28.401311 ], [ -81.290863, 28.401532 ], [ -81.290579, 28.401871 ], [ -81.290421, 28.402155 ], [ -81.290295, 28.402431 ], [ -81.290216, 28.402747 ], [ -81.290168, 28.403039 ], [ -81.290176, 28.403457 ], [ -81.290208, 28.404128 ], [ -81.290239, 28.404696 ], [ -81.290287, 28.40562 ], [ -81.290334, 28.406425 ], [ -81.290342, 28.407033 ], [ -81.290382, 28.407444 ], [ -81.290571, 28.41161 ], [ -81.290571, 28.411884 ], [ -81.290578, 28.411976 ], [ -81.290616, 28.412519 ], [ -81.290688, 28.414042 ], [ -81.290752, 28.415385 ], [ -81.290779, 28.416563 ], [ -81.290752, 28.416854 ], [ -81.290688, 28.417189 ], [ -81.290543, 28.417624 ], [ -81.290389, 28.417978 ], [ -81.289981, 28.418731 ], [ -81.289383, 28.419828 ], [ -81.289047, 28.420472 ], [ -81.288757, 28.421016 ], [ -81.288684, 28.421279 ], [ -81.288515, 28.421895 ], [ -81.288502, 28.422059 ], [ -81.2885, 28.42215 ], [ -81.288498, 28.422246 ], [ -81.288473, 28.422771 ], [ -81.288493, 28.423661 ], [ -81.288344, 28.423715 ], [ -81.285209, 28.424722 ], [ -81.28316, 28.425302 ], [ -81.282924, 28.42194 ], [ -81.282618, 28.42193 ], [ -81.282372, 28.421915 ], [ -81.28236, 28.421915 ], [ -81.281376, 28.421944 ], [ -81.281135, 28.421943 ], [ -81.280786, 28.421931 ], [ -81.280716, 28.42193 ], [ -81.280358, 28.421925 ], [ -81.280245, 28.421924 ], [ -81.280164, 28.421925 ], [ -81.280006, 28.421926 ], [ -81.279535, 28.421931 ], [ -81.279378, 28.421934 ], [ -81.279068, 28.421937 ], [ -81.27814, 28.421948 ], [ -81.277831, 28.421953 ], [ -81.277526, 28.421953 ], [ -81.277453, 28.421953 ], [ -81.27706, 28.421945 ], [ -81.276612, 28.421943 ], [ -81.276637, 28.41539 ], [ -81.276749, 28.415367 ], [ -81.27693, 28.415268 ], [ -81.277173, 28.415186 ], [ -81.277888, 28.415048 ], [ -81.278323, 28.414932 ], [ -81.278386, 28.414916 ], [ -81.278828, 28.414757 ], [ -81.278928, 28.414708 ], [ -81.279177, 28.414526 ], [ -81.279631, 28.414163 ], [ -81.280466, 28.413261 ], [ -81.280995, 28.412738 ], [ -81.281474, 28.412215 ], [ -81.281854, 28.41172 ], [ -81.28196, 28.410983 ], [ -81.282016, 28.410284 ], [ -81.282035, 28.409613 ], [ -81.281948, 28.408666 ], [ -81.281818, 28.407879 ], [ -81.281519, 28.407246 ], [ -81.281152, 28.406548 ], [ -81.28081, 28.406019 ], [ -81.280704, 28.405909 ], [ -81.281714, 28.404547 ], [ -81.281726, 28.404532 ], [ -81.282747, 28.403154 ], [ -81.282743, 28.401974 ], [ -81.282749, 28.401372 ], [ -81.282747, 28.40105 ], [ -81.282723, 28.400676 ], [ -81.282736, 28.400433 ], [ -81.282242, 28.388176 ], [ -81.282085, 28.384294 ], [ -81.281924, 28.380287 ], [ -81.281859, 28.378688 ], [ -81.281816, 28.37763 ], [ -81.281906, 28.377586 ], [ -81.282563, 28.377258 ], [ -81.283375, 28.376952 ], [ -81.285708, 28.376071 ], [ -81.287792, 28.375217 ], [ -81.28882, 28.374831 ], [ -81.289044, 28.374766 ], [ -81.290734, 28.374105 ], [ -81.291342, 28.373875 ], [ -81.293161, 28.373186 ], [ -81.294211, 28.372815 ], [ -81.295162, 28.37252 ], [ -81.296395, 28.372149 ], [ -81.297982, 28.371779 ], [ -81.298606, 28.371628 ], [ -81.298755, 28.371597 ], [ -81.299262, 28.371492 ], [ -81.302428, 28.370854 ], [ -81.303581, 28.370622 ], [ -81.306202, 28.370086 ], [ -81.307404, 28.36984 ], [ -81.307697, 28.369778 ], [ -81.309048, 28.369493 ], [ -81.309433, 28.369412 ], [ -81.309529, 28.369392 ], [ -81.309593, 28.36938 ], [ -81.309593, 28.369289 ], [ -81.309593, 28.36915 ], [ -81.309629, 28.36872 ], [ -81.309655, 28.368406 ], [ -81.309707, 28.366953 ], [ -81.309786, 28.365271 ], [ -81.309772, 28.365124 ], [ -81.309849, 28.363394 ], [ -81.306428, 28.363328 ], [ -81.30545, 28.36331 ], [ -81.304399, 28.363289 ], [ -81.30105, 28.363226 ], [ -81.296897, 28.363147 ], [ -81.296165, 28.363133 ], [ -81.29547, 28.363119 ], [ -81.292744, 28.363068 ], [ -81.292716, 28.362209 ], [ -81.292713, 28.362141 ], [ -81.292689, 28.36135 ], [ -81.292687, 28.361288 ], [ -81.292642, 28.359894 ], [ -81.292625, 28.359363 ], [ -81.292596, 28.358437 ], [ -81.292576, 28.358444 ], [ -81.292416, 28.358513 ], [ -81.29237, 28.358532 ], [ -81.292028, 28.358653 ], [ -81.29173, 28.358741 ], [ -81.290219, 28.358642 ], [ -81.28899, 28.358562 ], [ -81.285832, 28.358355 ], [ -81.28572, 28.358388 ], [ -81.285534, 28.358416 ], [ -81.285347, 28.358405 ], [ -81.284881, 28.358443 ], [ -81.284638, 28.358427 ], [ -81.284458, 28.358404 ], [ -81.284196, 28.358388 ], [ -81.284028, 28.358338 ], [ -81.283674, 28.358157 ], [ -81.283543, 28.358118 ], [ -81.283257, 28.358118 ], [ -81.283058, 28.358129 ], [ -81.283001, 28.35814 ], [ -81.282946, 28.358151 ], [ -81.282834, 28.358234 ], [ -81.282772, 28.358311 ], [ -81.28271, 28.358349 ], [ -81.282548, 28.358525 ], [ -81.282417, 28.358608 ], [ -81.282075, 28.358751 ], [ -81.281976, 28.358806 ], [ -81.281901, 28.358833 ], [ -81.281832, 28.358883 ], [ -81.281509, 28.359059 ], [ -81.281478, 28.359119 ], [ -81.281391, 28.359185 ], [ -81.28101, 28.359473 ], [ -81.280725, 28.359251 ], [ -81.280339, 28.359036 ], [ -81.279469, 28.358662 ], [ -81.279195, 28.358563 ], [ -81.279089, 28.358516 ], [ -81.279008, 28.35848 ], [ -81.278623, 28.358222 ], [ -81.278051, 28.35782 ], [ -81.277945, 28.357732 ], [ -81.277715, 28.357627 ], [ -81.277248, 28.357533 ], [ -81.276682, 28.357462 ], [ -81.276539, 28.357467 ], [ -81.276402, 28.357429 ], [ -81.27583, 28.357296 ], [ -81.275444, 28.357225 ], [ -81.275239, 28.357175 ], [ -81.274903, 28.357137 ], [ -81.274667, 28.357126 ], [ -81.274455, 28.357103 ], [ -81.273211, 28.356922 ], [ -81.273124, 28.356955 ], [ -81.272976, 28.357035 ], [ -81.272881, 28.357087 ], [ -81.272738, 28.357175 ], [ -81.272633, 28.357263 ], [ -81.272514, 28.357307 ], [ -81.272346, 28.357334 ], [ -81.27221, 28.357345 ], [ -81.272008, 28.357335 ], [ -81.2716, 28.357317 ], [ -81.271426, 28.357328 ], [ -81.271009, 28.357306 ], [ -81.270903, 28.35729 ], [ -81.270878, 28.357262 ], [ -81.270717, 28.357246 ], [ -81.2705, 28.357142 ], [ -81.270486, 28.357135 ], [ -81.270356, 28.357064 ], [ -81.270138, 28.356915 ], [ -81.270026, 28.35686 ], [ -81.269802, 28.356701 ], [ -81.269722, 28.356596 ], [ -81.269572, 28.356315 ], [ -81.269559, 28.356277 ], [ -81.269498, 28.35609 ], [ -81.269448, 28.355853 ], [ -81.269654, 28.355457 ], [ -81.269766, 28.355292 ], [ -81.269834, 28.355165 ], [ -81.269909, 28.354912 ], [ -81.269935, 28.354882 ], [ -81.270021, 28.354786 ], [ -81.27012, 28.354692 ], [ -81.270295, 28.354588 ], [ -81.270413, 28.354538 ], [ -81.270537, 28.35445 ], [ -81.270631, 28.354351 ], [ -81.270649, 28.35417 ], [ -81.270643, 28.354026 ], [ -81.270606, 28.353922 ], [ -81.270594, 28.353751 ], [ -81.270556, 28.353647 ], [ -81.270538, 28.353526 ], [ -81.270538, 28.353443 ], [ -81.270581, 28.353229 ], [ -81.270681, 28.352909 ], [ -81.270787, 28.352695 ], [ -81.270893, 28.352519 ], [ -81.271011, 28.352266 ], [ -81.271072, 28.352083 ], [ -81.27116, 28.351826 ], [ -81.271179, 28.351682 ], [ -81.271148, 28.351545 ], [ -81.271129, 28.351396 ], [ -81.271061, 28.351242 ], [ -81.271024, 28.351121 ], [ -81.270986, 28.351039 ], [ -81.270924, 28.350906 ], [ -81.270887, 28.350796 ], [ -81.2708, 28.350659 ], [ -81.270757, 28.350516 ], [ -81.270707, 28.350417 ], [ -81.27069, 28.350373 ], [ -81.270645, 28.350257 ], [ -81.270576, 28.350141 ], [ -81.270558, 28.35002 ], [ -81.270464, 28.349773 ], [ -81.270427, 28.349624 ], [ -81.27034, 28.349382 ], [ -81.270278, 28.349305 ], [ -81.27016, 28.349101 ], [ -81.270067, 28.348854 ], [ -81.269967, 28.348716 ], [ -81.269893, 28.348623 ], [ -81.269737, 28.348479 ], [ -81.269707, 28.348456 ], [ -81.269526, 28.34832 ], [ -81.269345, 28.348144 ], [ -81.269252, 28.348081 ], [ -81.272349, 28.348083 ], [ -81.276483, 28.348084 ], [ -81.280616, 28.34808 ], [ -81.280855, 28.34808 ], [ -81.282846, 28.348078 ], [ -81.284023, 28.348077 ], [ -81.284749, 28.348076 ], [ -81.28888, 28.348073 ], [ -81.292591, 28.348066 ], [ -81.292971, 28.34807 ], [ -81.293006, 28.348072 ], [ -81.29715, 28.348056 ], [ -81.301166, 28.348042 ], [ -81.301289, 28.348042 ], [ -81.302252, 28.348043 ], [ -81.305408, 28.348047 ], [ -81.309571, 28.348051 ], [ -81.3097, 28.348044 ], [ -81.310001, 28.348047 ], [ -81.310295, 28.348045 ], [ -81.310334, 28.348045 ], [ -81.310703, 28.348043 ], [ -81.31108, 28.348057 ], [ -81.311417, 28.348057 ], [ -81.311778, 28.348051 ], [ -81.31247, 28.348049 ], [ -81.313196, 28.348047 ], [ -81.313439, 28.348045 ], [ -81.313651, 28.348044 ], [ -81.314157, 28.348043 ], [ -81.316019, 28.348038 ], [ -81.317041, 28.348027 ], [ -81.317736, 28.34802 ], [ -81.318003, 28.348028 ], [ -81.318053, 28.348031 ], [ -81.318341, 28.348052 ], [ -81.319172, 28.348112 ], [ -81.319357, 28.348119 ], [ -81.319528, 28.348127 ], [ -81.319697, 28.348123 ], [ -81.320242, 28.348092 ], [ -81.321078, 28.348041 ], [ -81.321469, 28.348017 ], [ -81.321913, 28.34799 ], [ -81.322828, 28.347988 ], [ -81.325575, 28.347986 ], [ -81.326491, 28.347986 ], [ -81.327111, 28.347986 ], [ -81.328971, 28.347986 ], [ -81.329591, 28.347986 ], [ -81.33036, 28.347986 ], [ -81.331507, 28.347986 ], [ -81.33267, 28.347986 ], [ -81.333425, 28.347986 ], [ -81.33344, 28.347986 ], [ -81.33363, 28.347986 ], [ -81.3342, 28.347986 ], [ -81.334391, 28.347986 ], [ -81.335471, 28.347986 ], [ -81.336047, 28.347986 ], [ -81.341017, 28.347986 ], [ -81.341732, 28.347986 ], [ -81.342674, 28.347986 ], [ -81.342694, 28.347986 ], [ -81.34276, 28.347986 ], [ -81.342984, 28.347986 ], [ -81.343017, 28.347986 ], [ -81.343207, 28.347986 ], [ -81.343717, 28.347986 ], [ -81.3438, 28.347986 ], [ -81.344048, 28.347986 ], [ -81.344392, 28.347986 ], [ -81.345492, 28.347986 ], [ -81.345619, 28.347986 ], [ -81.348792, 28.347986 ], [ -81.349892, 28.347986 ], [ -81.352108, 28.347976 ], [ -81.354894, 28.347964 ], [ -81.355113, 28.347964 ], [ -81.358756, 28.34795 ], [ -81.359136, 28.347948 ], [ -81.359647, 28.347945 ], [ -81.35985, 28.347945 ], [ -81.360972, 28.347941 ], [ -81.36133, 28.347939 ], [ -81.362408, 28.347934 ], [ -81.362693, 28.347934 ], [ -81.362767, 28.347933 ], [ -81.362831, 28.347932 ], [ -81.363552, 28.34793 ], [ -81.366837, 28.347916 ], [ -81.367577, 28.347912 ], [ -81.374789, 28.347883 ], [ -81.377063, 28.347884 ], [ -81.377313, 28.347885 ], [ -81.37798, 28.347886 ], [ -81.378648, 28.347886 ], [ -81.379047, 28.347886 ], [ -81.380274, 28.347886 ], [ -81.3819, 28.347887 ], [ -81.382509, 28.347888 ], [ -81.382969, 28.347886 ], [ -81.383277, 28.348594 ], [ -81.384137, 28.350598 ], [ -81.384495, 28.351459 ], [ -81.38535, 28.353759 ], [ -81.385454, 28.354017 ], [ -81.385782, 28.35484 ], [ -81.386207, 28.35587 ], [ -81.387013, 28.357872 ], [ -81.387189, 28.358309 ], [ -81.387375, 28.35877 ], [ -81.387427, 28.358876 ], [ -81.387511, 28.359138 ], [ -81.388035, 28.36035 ], [ -81.388215, 28.360965 ], [ -81.388418, 28.361626 ], [ -81.388545, 28.362144 ], [ -81.388703, 28.362691 ], [ -81.388876, 28.36357 ], [ -81.389101, 28.365213 ], [ -81.389162, 28.365823 ], [ -81.389239, 28.366329 ], [ -81.389299, 28.366868 ], [ -81.38943, 28.368018 ], [ -81.389457, 28.368273 ], [ -81.389577, 28.369323 ], [ -81.389705, 28.370419 ], [ -81.389739, 28.370798 ], [ -81.389762, 28.370986 ], [ -81.389832, 28.371538 ], [ -81.390093, 28.373984 ], [ -81.39015, 28.374377 ], [ -81.390331, 28.375909 ], [ -81.390473, 28.377097 ], [ -81.390654, 28.378757 ], [ -81.390694, 28.379082 ], [ -81.390795, 28.379958 ], [ -81.390888, 28.380802 ], [ -81.390963, 28.381981 ], [ -81.391047, 28.383398 ], [ -81.391086, 28.384709 ], [ -81.391109, 28.386577 ], [ -81.391109, 28.386958 ], [ -81.391109, 28.387094 ], [ -81.391121, 28.387216 ], [ -81.391167, 28.391037 ], [ -81.39119, 28.3919 ], [ -81.391203, 28.393448 ], [ -81.391221, 28.394506 ], [ -81.391242, 28.396402 ], [ -81.391243, 28.396494 ], [ -81.391237, 28.396583 ], [ -81.391255, 28.397813 ], [ -81.391261, 28.398668 ], [ -81.391285, 28.399492 ], [ -81.391303, 28.400842 ], [ -81.391315, 28.402025 ], [ -81.391352, 28.405448 ], [ -81.391357, 28.405908 ], [ -81.391358, 28.406005 ], [ -81.391392, 28.406616 ], [ -81.391392, 28.406679 ], [ -81.391417, 28.409986 ], [ -81.391408, 28.410876 ], [ -81.391442, 28.411624 ], [ -81.391437, 28.411968 ], [ -81.391487, 28.414127 ], [ -81.391521, 28.414915 ], [ -81.3916, 28.415545 ], [ -81.391746, 28.416383 ], [ -81.39192, 28.417114 ], [ -81.392168, 28.417958 ], [ -81.392274, 28.418271 ], [ -81.392414, 28.418646 ], [ -81.392765, 28.419479 ], [ -81.392853, 28.419744 ], [ -81.393265, 28.420498 ], [ -81.393559, 28.420985 ], [ -81.393823, 28.421449 ], [ -81.394187, 28.421949 ], [ -81.39469, 28.42263 ], [ -81.395376, 28.423447 ], [ -81.395821, 28.42394 ], [ -81.396985, 28.425029 ], [ -81.397613, 28.425538 ], [ -81.398839, 28.426388 ], [ -81.399464, 28.4268 ], [ -81.400109, 28.427223 ], [ -81.400134, 28.427239 ], [ -81.400154, 28.427253 ], [ -81.400547, 28.427522 ], [ -81.400798, 28.427683 ], [ -81.401527, 28.42816 ], [ -81.40221, 28.428695 ], [ -81.402764, 28.42903 ], [ -81.40298, 28.429159 ], [ -81.404026, 28.429879 ], [ -81.404512, 28.430177 ], [ -81.404639, 28.430249 ], [ -81.404813, 28.430359 ], [ -81.406694, 28.431645 ], [ -81.407801, 28.432514 ], [ -81.408557, 28.433257 ], [ -81.408773, 28.433452 ] ] ] ] } },
{ "type": "Feature", "properties": { "ZCTA5CE20": "32839", "GEOID20": "32839", "GEOIDFQ20": "860Z200US32839", "CLASSFP20": "B5", "MTFCC20": "G6350", "FUNCSTAT20": "S", "ALAND20": 19240535, "AWATER20": 3113268, "INTPTLAT20": "+28.4880695", "INTPTLON20": "-081.4072083" }, "geometry": { "type": "MultiPolygon", "coordinates": [ [ [ [ -81.449016, 28.47881 ], [ -81.448151, 28.479569 ], [ -81.447361, 28.480219 ], [ -81.447168, 28.48038 ], [ -81.447149, 28.480395 ], [ -81.447126, 28.480414 ], [ -81.44687, 28.480625 ], [ -81.44634, 28.481067 ], [ -81.444833, 28.482332 ], [ -81.444009, 28.482929 ], [ -81.443594, 28.48329 ], [ -81.442858, 28.483911 ], [ -81.44251, 28.484201 ], [ -81.440894, 28.485422 ], [ -81.440758, 28.485559 ], [ -81.440051, 28.486194 ], [ -81.436752, 28.489159 ], [ -81.434275, 28.492037 ], [ -81.433666, 28.492744 ], [ -81.433472, 28.492954 ], [ -81.433182, 28.493254 ], [ -81.432894, 28.4936 ], [ -81.432452, 28.494109 ], [ -81.430385, 28.496497 ], [ -81.429254, 28.497777 ], [ -81.427932, 28.499272 ], [ -81.425991, 28.501477 ], [ -81.425479, 28.50206 ], [ -81.424811, 28.502806 ], [ -81.423892, 28.503786 ], [ -81.423327, 28.504434 ], [ -81.423237, 28.504538 ], [ -81.422861, 28.504947 ], [ -81.422689, 28.50517 ], [ -81.422088, 28.505888 ], [ -81.42155, 28.506433 ], [ -81.421046, 28.50692 ], [ -81.420957, 28.506994 ], [ -81.420823, 28.507108 ], [ -81.420369, 28.507426 ], [ -81.419869, 28.507738 ], [ -81.41935, 28.50803 ], [ -81.418818, 28.508296 ], [ -81.418648, 28.508366 ], [ -81.418331, 28.508497 ], [ -81.418143, 28.508575 ], [ -81.417105, 28.50886 ], [ -81.416307, 28.509016 ], [ -81.415646, 28.509099 ], [ -81.415269, 28.509115 ], [ -81.41478, 28.509136 ], [ -81.414606, 28.509138 ], [ -81.413967, 28.509148 ], [ -81.413458, 28.509148 ], [ -81.412936, 28.50914 ], [ -81.410875, 28.509136 ], [ -81.408078, 28.509171 ], [ -81.408036, 28.509171 ], [ -81.407842, 28.509174 ], [ -81.406991, 28.509185 ], [ -81.404889, 28.509251 ], [ -81.404083, 28.509291 ], [ -81.402672, 28.509325 ], [ -81.402329, 28.509309 ], [ -81.401436, 28.509329 ], [ -81.401309, 28.509318 ], [ -81.401135, 28.509322 ], [ -81.400293, 28.509345 ], [ -81.400099, 28.50935 ], [ -81.399501, 28.509407 ], [ -81.399136, 28.509458 ], [ -81.398986, 28.509497 ], [ -81.39865, 28.509567 ], [ -81.398317, 28.509648 ], [ -81.397988, 28.50974 ], [ -81.397572, 28.509873 ], [ -81.397351, 28.509952 ], [ -81.397036, 28.510066 ], [ -81.397003, 28.509137 ], [ -81.396953, 28.50898 ], [ -81.396951, 28.508808 ], [ -81.396946, 28.508319 ], [ -81.396946, 28.508216 ], [ -81.396946, 28.508149 ], [ -81.396946, 28.508111 ], [ -81.396945, 28.508004 ], [ -81.396945, 28.507846 ], [ -81.396941, 28.507685 ], [ -81.39694, 28.507579 ], [ -81.396939, 28.50753 ], [ -81.396936, 28.507384 ], [ -81.396936, 28.507336 ], [ -81.396934, 28.507251 ], [ -81.396911, 28.506338 ], [ -81.396897, 28.505425 ], [ -81.396896, 28.505242 ], [ -81.396896, 28.504855 ], [ -81.396891, 28.504694 ], [ -81.396887, 28.504512 ], [ -81.396885, 28.504328 ], [ -81.396882, 28.50378 ], [ -81.396881, 28.503597 ], [ -81.396692, 28.503602 ], [ -81.396493, 28.503602 ], [ -81.396374, 28.503603 ], [ -81.396177, 28.503611 ], [ -81.395332, 28.503621 ], [ -81.394945, 28.503627 ], [ -81.394722, 28.503627 ], [ -81.394053, 28.503629 ], [ -81.393972, 28.50363 ], [ -81.393914, 28.503633 ], [ -81.393878, 28.502558 ], [ -81.393753, 28.502525 ], [ -81.39356, 28.502514 ], [ -81.39313, 28.502514 ], [ -81.3927, 28.502535 ], [ -81.392576, 28.502574 ], [ -81.392433, 28.502667 ], [ -81.392358, 28.502761 ], [ -81.392296, 28.502921 ], [ -81.392264, 28.503064 ], [ -81.392246, 28.503273 ], [ -81.392146, 28.503817 ], [ -81.392139, 28.503933 ], [ -81.392083, 28.504115 ], [ -81.391965, 28.504384 ], [ -81.391865, 28.504527 ], [ -81.391772, 28.504632 ], [ -81.391697, 28.504659 ], [ -81.391514, 28.504686 ], [ -81.391441, 28.504698 ], [ -81.391269, 28.504677 ], [ -81.391149, 28.504664 ], [ -81.390551, 28.504741 ], [ -81.389797, 28.504752 ], [ -81.389436, 28.504658 ], [ -81.389056, 28.504482 ], [ -81.388819, 28.50435 ], [ -81.388701, 28.504333 ], [ -81.388645, 28.504317 ], [ -81.388526, 28.504328 ], [ -81.38847, 28.504344 ], [ -81.388377, 28.504537 ], [ -81.388358, 28.504663 ], [ -81.388364, 28.504785 ], [ -81.388327, 28.504944 ], [ -81.388395, 28.505247 ], [ -81.388413, 28.505292 ], [ -81.387623, 28.505525 ], [ -81.387553, 28.505546 ], [ -81.386672, 28.506038 ], [ -81.38543, 28.506655 ], [ -81.385274, 28.506733 ], [ -81.384758, 28.507126 ], [ -81.384647, 28.507209 ], [ -81.384536, 28.507294 ], [ -81.384526, 28.506014 ], [ -81.383053, 28.505996 ], [ -81.382988, 28.505867 ], [ -81.382926, 28.50569 ], [ -81.382863, 28.505388 ], [ -81.382764, 28.505256 ], [ -81.382415, 28.504997 ], [ -81.382228, 28.504738 ], [ -81.382179, 28.504628 ], [ -81.382073, 28.504512 ], [ -81.382029, 28.504485 ], [ -81.382017, 28.504446 ], [ -81.382042, 28.504314 ], [ -81.382017, 28.504177 ], [ -81.381961, 28.503973 ], [ -81.38193, 28.50394 ], [ -81.381899, 28.503885 ], [ -81.381911, 28.503693 ], [ -81.381886, 28.503571 ], [ -81.381849, 28.503467 ], [ -81.381824, 28.503357 ], [ -81.381143, 28.503059 ], [ -81.381123, 28.503111 ], [ -81.381108, 28.503196 ], [ -81.381105, 28.503281 ], [ -81.381117, 28.503366 ], [ -81.381124, 28.503396 ], [ -81.381152, 28.503508 ], [ -81.380895, 28.503548 ], [ -81.380851, 28.503549 ], [ -81.380749, 28.503552 ], [ -81.380661, 28.503545 ], [ -81.380555, 28.503525 ], [ -81.380452, 28.503494 ], [ -81.380353, 28.503452 ], [ -81.380261, 28.503401 ], [ -81.380176, 28.503341 ], [ -81.380028, 28.503223 ], [ -81.379942, 28.503154 ], [ -81.379873, 28.503115 ], [ -81.379797, 28.503087 ], [ -81.379765, 28.503079 ], [ -81.379676, 28.503066 ], [ -81.379369, 28.503068 ], [ -81.37927, 28.503002 ], [ -81.379229, 28.502774 ], [ -81.379161, 28.502499 ], [ -81.378877, 28.50134 ], [ -81.378749, 28.500802 ], [ -81.378732, 28.500728 ], [ -81.378622, 28.500234 ], [ -81.378604, 28.50017 ], [ -81.378553, 28.499979 ], [ -81.378536, 28.499916 ], [ -81.378513, 28.499831 ], [ -81.379261, 28.499853 ], [ -81.379721, 28.499867 ], [ -81.37972, 28.499783 ], [ -81.379714, 28.498856 ], [ -81.3801, 28.49886 ], [ -81.380292, 28.498862 ], [ -81.380318, 28.496473 ], [ -81.379667, 28.496477 ], [ -81.379288, 28.49648 ], [ -81.379295, 28.495492 ], [ -81.379301, 28.49476 ], [ -81.379211, 28.494663 ], [ -81.378987, 28.494663 ], [ -81.378783, 28.494663 ], [ -81.37854, 28.494663 ], [ -81.378385, 28.494665 ], [ -81.378269, 28.494666 ], [ -81.37828, 28.498201 ], [ -81.378284, 28.498312 ], [ -81.3776, 28.498317 ], [ -81.377465, 28.498321 ], [ -81.377442, 28.498322 ], [ -81.377413, 28.498322 ], [ -81.377329, 28.498322 ], [ -81.377301, 28.498322 ], [ -81.377235, 28.498322 ], [ -81.37704, 28.498322 ], [ -81.376975, 28.498323 ], [ -81.376972, 28.498311 ], [ -81.376963, 28.498275 ], [ -81.37696, 28.498263 ], [ -81.376938, 28.498171 ], [ -81.376786, 28.497547 ], [ -81.376776, 28.497504 ], [ -81.376614, 28.496837 ], [ -81.376352, 28.49576 ], [ -81.376264, 28.495399 ], [ -81.37609, 28.494684 ], [ -81.375971, 28.49419 ], [ -81.375652, 28.492866 ], [ -81.375614, 28.49271 ], [ -81.375495, 28.492217 ], [ -81.375265, 28.491264 ], [ -81.37483, 28.489462 ], [ -81.374681, 28.488872 ], [ -81.374552, 28.488412 ], [ -81.374288, 28.487469 ], [ -81.374213, 28.487205 ], [ -81.373988, 28.486413 ], [ -81.373914, 28.486149 ], [ -81.373195, 28.483616 ], [ -81.372211, 28.480149 ], [ -81.37223, 28.480148 ], [ -81.372261, 28.480148 ], [ -81.37229, 28.480147 ], [ -81.37231, 28.480147 ], [ -81.371968, 28.479017 ], [ -81.371635, 28.477918 ], [ -81.371525, 28.477509 ], [ -81.371437, 28.47718 ], [ -81.371231, 28.476432 ], [ -81.371157, 28.476432 ], [ -81.371117, 28.476291 ], [ -81.370999, 28.475869 ], [ -81.37096, 28.475729 ], [ -81.370834, 28.475281 ], [ -81.370796, 28.475147 ], [ -81.370768, 28.475048 ], [ -81.3703, 28.473404 ], [ -81.370173, 28.472956 ], [ -81.370169, 28.472925 ], [ -81.370138, 28.472823 ], [ -81.37032, 28.472821 ], [ -81.370868, 28.472818 ], [ -81.371051, 28.472817 ], [ -81.371967, 28.472811 ], [ -81.372755, 28.472806 ], [ -81.373015, 28.472803 ], [ -81.373795, 28.472796 ], [ -81.373819, 28.472796 ], [ -81.374056, 28.472797 ], [ -81.374691, 28.472798 ], [ -81.374922, 28.472798 ], [ -81.375098, 28.472787 ], [ -81.375119, 28.47279 ], [ -81.375671, 28.472785 ], [ -81.375759, 28.472784 ], [ -81.376025, 28.472782 ], [ -81.376114, 28.472782 ], [ -81.376223, 28.472781 ], [ -81.376549, 28.472778 ], [ -81.376659, 28.472778 ], [ -81.376819, 28.472777 ], [ -81.3773, 28.472773 ], [ -81.377461, 28.472773 ], [ -81.377607, 28.472771 ], [ -81.378021, 28.472767 ], [ -81.378045, 28.472767 ], [ -81.378192, 28.472766 ], [ -81.378334, 28.472764 ], [ -81.378762, 28.47276 ], [ -81.378905, 28.472759 ], [ -81.379063, 28.472757 ], [ -81.37954, 28.472752 ], [ -81.379699, 28.472751 ], [ -81.380061, 28.472748 ], [ -81.380221, 28.472746 ], [ -81.380218, 28.473505 ], [ -81.380545, 28.4736 ], [ -81.380952, 28.473812 ], [ -81.38097, 28.473809 ], [ -81.380998, 28.473259 ], [ -81.381508, 28.473264 ], [ -81.381513, 28.472737 ], [ -81.382075, 28.472732 ], [ -81.383761, 28.472718 ], [ -81.383865, 28.472717 ], [ -81.384324, 28.472714 ], [ -81.384672, 28.47271 ], [ -81.385715, 28.4727 ], [ -81.386064, 28.472697 ], [ -81.386073, 28.473036 ], [ -81.386086, 28.473083 ], [ -81.386114, 28.473123 ], [ -81.386154, 28.473155 ], [ -81.386207, 28.473178 ], [ -81.386313, 28.473233 ], [ -81.386411, 28.4733 ], [ -81.386873, 28.47372 ], [ -81.386987, 28.473846 ], [ -81.387086, 28.473982 ], [ -81.387169, 28.474125 ], [ -81.387174, 28.474136 ], [ -81.387235, 28.474275 ], [ -81.387336, 28.474589 ], [ -81.387416, 28.474583 ], [ -81.387495, 28.474567 ], [ -81.387595, 28.474533 ], [ -81.387634, 28.4745 ], [ -81.387662, 28.474459 ], [ -81.387677, 28.474414 ], [ -81.387678, 28.474369 ], [ -81.387668, 28.47432 ], [ -81.387179, 28.473497 ], [ -81.387124, 28.47339 ], [ -81.387089, 28.473277 ], [ -81.387077, 28.473199 ], [ -81.387075, 28.473146 ], [ -81.387066, 28.472687 ], [ -81.387254, 28.472685 ], [ -81.387819, 28.472679 ], [ -81.388008, 28.472678 ], [ -81.38903, 28.472669 ], [ -81.389962, 28.472659 ], [ -81.390707, 28.472652 ], [ -81.390728, 28.472651 ], [ -81.39079, 28.472651 ], [ -81.390812, 28.472651 ], [ -81.390894, 28.47265 ], [ -81.39114, 28.472647 ], [ -81.391223, 28.472647 ], [ -81.391305, 28.472645 ], [ -81.391552, 28.472642 ], [ -81.391635, 28.472642 ], [ -81.391838, 28.47264 ], [ -81.391953, 28.472638 ], [ -81.391862, 28.47321 ], [ -81.39189, 28.473952 ], [ -81.39155, 28.474423 ], [ -81.391723, 28.474528 ], [ -81.391822, 28.474567 ], [ -81.391928, 28.47465 ], [ -81.392047, 28.474809 ], [ -81.392147, 28.474902 ], [ -81.392622, 28.474566 ], [ -81.392936, 28.474512 ], [ -81.392898, 28.474333 ], [ -81.392884, 28.474197 ], [ -81.392875, 28.473385 ], [ -81.392867, 28.47263 ], [ -81.393093, 28.472627 ], [ -81.393774, 28.472618 ], [ -81.394001, 28.472616 ], [ -81.394076, 28.472614 ], [ -81.394304, 28.47261 ], [ -81.39438, 28.472609 ], [ -81.39454, 28.472605 ], [ -81.39502, 28.472595 ], [ -81.395181, 28.472592 ], [ -81.395292, 28.472589 ], [ -81.395476, 28.472585 ], [ -81.39636, 28.472566 ], [ -81.396656, 28.47256 ], [ -81.39666, 28.472863 ], [ -81.396674, 28.474009 ], [ -81.396671, 28.475725 ], [ -81.396678, 28.47621 ], [ -81.397012, 28.476204 ], [ -81.397721, 28.4762 ], [ -81.399361, 28.476176 ], [ -81.399786, 28.476176 ], [ -81.400131, 28.47617 ], [ -81.400272, 28.476169 ], [ -81.400457, 28.476169 ], [ -81.400863, 28.476176 ], [ -81.400855, 28.475447 ], [ -81.400854, 28.475304 ], [ -81.400853, 28.475225 ], [ -81.402413, 28.475215 ], [ -81.405025, 28.47522 ], [ -81.405087, 28.47522 ], [ -81.405082, 28.475933 ], [ -81.406988, 28.475868 ], [ -81.406989, 28.474193 ], [ -81.407541, 28.47418 ], [ -81.408073, 28.474168 ], [ -81.408044, 28.473022 ], [ -81.409082, 28.473029 ], [ -81.40909, 28.473335 ], [ -81.40909, 28.473912 ], [ -81.409097, 28.474263 ], [ -81.411181, 28.474232 ], [ -81.41126, 28.474079 ], [ -81.412135, 28.474079 ], [ -81.412858, 28.474079 ], [ -81.412927, 28.474065 ], [ -81.412995, 28.47397 ], [ -81.413008, 28.473573 ], [ -81.412927, 28.473355 ], [ -81.412913, 28.473068 ], [ -81.413008, 28.472822 ], [ -81.413022, 28.472658 ], [ -81.412981, 28.47259 ], [ -81.412872, 28.472576 ], [ -81.412862, 28.472387 ], [ -81.413804, 28.47238 ], [ -81.413978, 28.472378 ], [ -81.4145, 28.472373 ], [ -81.414675, 28.472372 ], [ -81.414677, 28.472707 ], [ -81.414682, 28.47352 ], [ -81.414555, 28.473531 ], [ -81.414538, 28.473524 ], [ -81.414523, 28.473513 ], [ -81.414512, 28.473483 ], [ -81.414513, 28.473421 ], [ -81.414502, 28.472879 ], [ -81.414498, 28.472691 ], [ -81.414494, 28.472668 ], [ -81.41449, 28.472645 ], [ -81.414481, 28.472626 ], [ -81.414462, 28.472604 ], [ -81.414452, 28.47259 ], [ -81.414439, 28.472582 ], [ -81.41441, 28.472577 ], [ -81.413391, 28.472574 ], [ -81.413335, 28.472571 ], [ -81.413314, 28.472577 ], [ -81.413297, 28.472592 ], [ -81.413292, 28.472616 ], [ -81.413305, 28.473372 ], [ -81.413311, 28.473494 ], [ -81.413314, 28.473517 ], [ -81.413324, 28.473536 ], [ -81.413343, 28.473561 ], [ -81.413365, 28.473574 ], [ -81.413386, 28.473581 ], [ -81.413413, 28.473589 ], [ -81.413444, 28.473589 ], [ -81.41368, 28.473586 ], [ -81.414682, 28.473574 ], [ -81.414806, 28.473637 ], [ -81.416126, 28.473633 ], [ -81.416123, 28.473185 ], [ -81.416329, 28.473173 ], [ -81.416301, 28.472351 ], [ -81.416912, 28.47234 ], [ -81.416989, 28.472339 ], [ -81.417352, 28.47235 ], [ -81.417337, 28.472487 ], [ -81.417367, 28.473668 ], [ -81.417382, 28.474724 ], [ -81.4174, 28.475796 ], [ -81.417384, 28.476914 ], [ -81.4174, 28.477481 ], [ -81.417427, 28.477692 ], [ -81.41745, 28.478412 ], [ -81.417438, 28.479007 ], [ -81.417456, 28.47937 ], [ -81.417465, 28.479816 ], [ -81.417538, 28.479815 ], [ -81.417662, 28.479813 ], [ -81.41786, 28.479575 ], [ -81.418095, 28.479376 ], [ -81.417969, 28.479264 ], [ -81.417934, 28.479224 ], [ -81.41791, 28.479178 ], [ -81.417897, 28.479129 ], [ -81.417893, 28.478768 ], [ -81.417893, 28.47865 ], [ -81.41789, 28.478632 ], [ -81.417891, 28.478543 ], [ -81.417889, 28.478358 ], [ -81.417885, 28.477804 ], [ -81.417884, 28.47762 ], [ -81.417882, 28.477515 ], [ -81.417878, 28.4772 ], [ -81.417877, 28.477096 ], [ -81.417875, 28.477003 ], [ -81.417871, 28.476724 ], [ -81.41787, 28.476632 ], [ -81.41787, 28.476402 ], [ -81.417871, 28.475713 ], [ -81.417872, 28.475484 ], [ -81.417873, 28.475307 ], [ -81.417869, 28.475081 ], [ -81.417866, 28.474842 ], [ -81.417872, 28.474817 ], [ -81.417903, 28.474748 ], [ -81.417934, 28.474705 ], [ -81.417992, 28.474651 ], [ -81.418074, 28.474604 ], [ -81.41814, 28.474583 ], [ -81.418208, 28.474573 ], [ -81.418709, 28.474571 ], [ -81.418835, 28.474571 ], [ -81.418899, 28.47458 ], [ -81.418947, 28.474601 ], [ -81.419014, 28.474646 ], [ -81.41907, 28.474702 ], [ -81.419122, 28.474668 ], [ -81.419141, 28.47466 ], [ -81.419397, 28.474615 ], [ -81.419466, 28.474582 ], [ -81.419488, 28.474563 ], [ -81.419509, 28.474547 ], [ -81.419533, 28.47452 ], [ -81.419574, 28.474427 ], [ -81.419592, 28.474355 ], [ -81.419621, 28.473945 ], [ -81.419627, 28.473721 ], [ -81.419623, 28.473642 ], [ -81.419631, 28.473563 ], [ -81.419651, 28.473486 ], [ -81.419682, 28.473411 ], [ -81.419724, 28.473341 ], [ -81.419766, 28.473284 ], [ -81.419817, 28.473218 ], [ -81.419919, 28.473101 ], [ -81.420069, 28.472954 ], [ -81.420103, 28.472882 ], [ -81.420116, 28.472835 ], [ -81.420124, 28.472807 ], [ -81.420131, 28.472704 ], [ -81.420135, 28.472452 ], [ -81.420138, 28.472325 ], [ -81.420683, 28.47232 ], [ -81.42232, 28.472307 ], [ -81.422866, 28.472303 ], [ -81.423153, 28.472301 ], [ -81.423875, 28.472295 ], [ -81.424016, 28.472294 ], [ -81.424304, 28.472293 ], [ -81.424369, 28.472292 ], [ -81.424563, 28.47229 ], [ -81.424629, 28.47229 ], [ -81.424802, 28.472288 ], [ -81.425322, 28.472281 ], [ -81.425496, 28.47228 ], [ -81.425661, 28.472278 ], [ -81.426159, 28.472272 ], [ -81.426325, 28.472271 ], [ -81.426614, 28.472267 ], [ -81.427484, 28.472254 ], [ -81.427774, 28.472251 ], [ -81.428068, 28.472247 ], [ -81.428953, 28.472237 ], [ -81.429248, 28.472234 ], [ -81.42996, 28.472225 ], [ -81.430351, 28.47222 ], [ -81.430648, 28.472217 ], [ -81.430666, 28.472314 ], [ -81.430685, 28.472411 ], [ -81.430715, 28.472584 ], [ -81.430744, 28.47266 ], [ -81.430823, 28.472771 ], [ -81.430964, 28.472769 ], [ -81.432657, 28.472745 ], [ -81.433397, 28.472735 ], [ -81.433392, 28.472365 ], [ -81.43339, 28.472274 ], [ -81.433389, 28.472184 ], [ -81.433726, 28.47218 ], [ -81.433888, 28.472178 ], [ -81.434158, 28.472174 ], [ -81.434902, 28.472164 ], [ -81.435888, 28.472152 ], [ -81.438243, 28.472122 ], [ -81.438264, 28.472121 ], [ -81.4393, 28.472107 ], [ -81.439394, 28.472106 ], [ -81.439681, 28.472103 ], [ -81.439813, 28.472101 ], [ -81.440289, 28.472096 ], [ -81.44068, 28.47209 ], [ -81.440982, 28.472087 ], [ -81.441335, 28.472099 ], [ -81.441852, 28.472096 ], [ -81.442244, 28.472095 ], [ -81.442304, 28.472093 ], [ -81.442484, 28.472091 ], [ -81.442545, 28.47209 ], [ -81.442588, 28.472089 ], [ -81.442599, 28.472089 ], [ -81.442947, 28.472082 ], [ -81.443402, 28.472074 ], [ -81.443993, 28.472068 ], [ -81.444185, 28.472067 ], [ -81.444415, 28.472423 ], [ -81.445672, 28.474035 ], [ -81.445892, 28.474328 ], [ -81.446008, 28.474482 ], [ -81.446126, 28.474613 ], [ -81.446152, 28.474642 ], [ -81.446169, 28.474662 ], [ -81.446453, 28.475087 ], [ -81.447824, 28.476925 ], [ -81.448718, 28.478124 ], [ -81.449115, 28.478723 ], [ -81.449016, 28.47881 ] ] ] ] } },
{ "type": "Feature", "properties": { "ZCTA5CE20": "32827", "GEOID20": "32827", "GEOIDFQ20": "860Z200US32827", "CLASSFP20": "B5", "MTFCC20": "G6350", "FUNCSTAT20": "S", "ALAND20": 58723431, "AWATER20": 4496470, "INTPTLAT20": "+28.4311685", "INTPTLON20": "-081.3238251" }, "geometry": { "type": "MultiPolygon", "coordinates": [ [ [ [ -81.240144, 28.352191 ], [ -81.236424, 28.352178 ], [ -81.236384, 28.352178 ], [ -81.236346, 28.352199 ], [ -81.236248, 28.352094 ], [ -81.235859, 28.351729 ], [ -81.234735, 28.35061 ], [ -81.234571, 28.350447 ], [ -81.23444, 28.350317 ], [ -81.234099, 28.349977 ], [ -81.233949, 28.34983 ], [ -81.233868, 28.349751 ], [ -81.233676, 28.349564 ], [ -81.232615, 28.348563 ], [ -81.232465, 28.348427 ], [ -81.232159, 28.348151 ], [ -81.232295, 28.348142 ], [ -81.232677, 28.348139 ], [ -81.23303, 28.348137 ], [ -81.233385, 28.348135 ], [ -81.234292, 28.348131 ], [ -81.234453, 28.348131 ], [ -81.234809, 28.348131 ], [ -81.235686, 28.348129 ], [ -81.235877, 28.348128 ], [ -81.235946, 28.348128 ], [ -81.236266, 28.348127 ], [ -81.23649, 28.348126 ], [ -81.238317, 28.348122 ], [ -81.239195, 28.348121 ], [ -81.239395, 28.34812 ], [ -81.239511, 28.348119 ], [ -81.239995, 28.348119 ], [ -81.24002, 28.34833 ], [ -81.240063, 28.349415 ], [ -81.240077, 28.349949 ], [ -81.240081, 28.350202 ], [ -81.240144, 28.352191 ] ] ], [ [ [ -81.350651, 28.450405 ], [ -81.350201, 28.450552 ], [ -81.349566, 28.450719 ], [ -81.34878, 28.45084 ], [ -81.348311, 28.450862 ], [ -81.348174, 28.450863 ], [ -81.347488, 28.45084 ], [ -81.346867, 28.450799 ], [ -81.346753, 28.450791 ], [ -81.345722, 28.45073 ], [ -81.345121, 28.450684 ], [ -81.344132, 28.450619 ], [ -81.342891, 28.450544 ], [ -81.341787, 28.450498 ], [ -81.341197, 28.450518 ], [ -81.33906, 28.450622 ], [ -81.338844, 28.450635 ], [ -81.338716, 28.450653 ], [ -81.335454, 28.450918 ], [ -81.335292, 28.450931 ], [ -81.335063, 28.450948 ], [ -81.335004, 28.450953 ], [ -81.333447, 28.451073 ], [ -81.332769, 28.451126 ], [ -81.332518, 28.451141 ], [ -81.332271, 28.451159 ], [ -81.330546, 28.451248 ], [ -81.329295, 28.451274 ], [ -81.329268, 28.451275 ], [ -81.327944, 28.451242 ], [ -81.327441, 28.451253 ], [ -81.326221, 28.451287 ], [ -81.322238, 28.451302 ], [ -81.320473, 28.451264 ], [ -81.317464, 28.451307 ], [ -81.31489, 28.451358 ], [ -81.314685, 28.451364 ], [ -81.312399, 28.451346 ], [ -81.311853, 28.451342 ], [ -81.31066, 28.451342 ], [ -81.310129, 28.451347 ], [ -81.309863, 28.451357 ], [ -81.309293, 28.45135 ], [ -81.309133, 28.451349 ], [ -81.308965, 28.451357 ], [ -81.308942, 28.451356 ], [ -81.3083, 28.451343 ], [ -81.308157, 28.451341 ], [ -81.307824, 28.451346 ], [ -81.307407, 28.451353 ], [ -81.307309, 28.451355 ], [ -81.30606, 28.451376 ], [ -81.305567, 28.45138 ], [ -81.30436, 28.451392 ], [ -81.303455, 28.451368 ], [ -81.302711, 28.451368 ], [ -81.302637, 28.451368 ], [ -81.301499, 28.451344 ], [ -81.300295, 28.451218 ], [ -81.298047, 28.450876 ], [ -81.296191, 28.450608 ], [ -81.296152, 28.45085 ], [ -81.290185, 28.449985 ], [ -81.288504, 28.449693 ], [ -81.28773, 28.449559 ], [ -81.286746, 28.449416 ], [ -81.286541, 28.449385 ], [ -81.286424, 28.449367 ], [ -81.284002, 28.449001 ], [ -81.283814, 28.448963 ], [ -81.283026, 28.448846 ], [ -81.282238, 28.448746 ], [ -81.281487, 28.448686 ], [ -81.280898, 28.448661 ], [ -81.279938, 28.448619 ], [ -81.278022, 28.448615 ], [ -81.277003, 28.448623 ], [ -81.276463, 28.448638 ], [ -81.272877, 28.448672 ], [ -81.270554, 28.448653 ], [ -81.27018, 28.44865 ], [ -81.270085, 28.448653 ], [ -81.268704, 28.448646 ], [ -81.266783, 28.448636 ], [ -81.264449, 28.448669 ], [ -81.264309, 28.448668 ], [ -81.262601, 28.448657 ], [ -81.260857, 28.448657 ], [ -81.260613, 28.448654 ], [ -81.260133, 28.448645 ], [ -81.259183, 28.448664 ], [ -81.258378, 28.448741 ], [ -81.257636, 28.448814 ], [ -81.257144, 28.448886 ], [ -81.256204, 28.449059 ], [ -81.255312, 28.449257 ], [ -81.254014, 28.449641 ], [ -81.25407, 28.4495 ], [ -81.254074, 28.449379 ], [ -81.254085, 28.449036 ], [ -81.254088, 28.448958 ], [ -81.254284, 28.448896 ], [ -81.254399, 28.44886 ], [ -81.254443, 28.448629 ], [ -81.254306, 28.448406 ], [ -81.254288, 28.448376 ], [ -81.254167, 28.448256 ], [ -81.253653, 28.447748 ], [ -81.25346, 28.447506 ], [ -81.253311, 28.447297 ], [ -81.25323, 28.447071 ], [ -81.253261, 28.446818 ], [ -81.253598, 28.446169 ], [ -81.253666, 28.445998 ], [ -81.253673, 28.445883 ], [ -81.253567, 28.445789 ], [ -81.253474, 28.445745 ], [ -81.2531, 28.445717 ], [ -81.252689, 28.44547 ], [ -81.252503, 28.44531 ], [ -81.252422, 28.445238 ], [ -81.252017, 28.444743 ], [ -81.251681, 28.444176 ], [ -81.251246, 28.443196 ], [ -81.251209, 28.442921 ], [ -81.251147, 28.442723 ], [ -81.251078, 28.44264 ], [ -81.250985, 28.442365 ], [ -81.250979, 28.441821 ], [ -81.250917, 28.441683 ], [ -81.2506, 28.441254 ], [ -81.250544, 28.441133 ], [ -81.250569, 28.440461 ], [ -81.250544, 28.440181 ], [ -81.250569, 28.440136 ], [ -81.250632, 28.44012 ], [ -81.251167, 28.440379 ], [ -81.251229, 28.440384 ], [ -81.25136, 28.440329 ], [ -81.25146, 28.440247 ], [ -81.251528, 28.440131 ], [ -81.251634, 28.439763 ], [ -81.251603, 28.439554 ], [ -81.251466, 28.439449 ], [ -81.25113, 28.439416 ], [ -81.250937, 28.439487 ], [ -81.250601, 28.439669 ], [ -81.250526, 28.439674 ], [ -81.250408, 28.43963 ], [ -81.250321, 28.439311 ], [ -81.250203, 28.439212 ], [ -81.250003, 28.439184 ], [ -81.249636, 28.43903 ], [ -81.249486, 28.438876 ], [ -81.249131, 28.438298 ], [ -81.248938, 28.438089 ], [ -81.24882, 28.438018 ], [ -81.248683, 28.438012 ], [ -81.248571, 28.438062 ], [ -81.248421, 28.4382 ], [ -81.248365, 28.438332 ], [ -81.248284, 28.438381 ], [ -81.24821, 28.438381 ], [ -81.248129, 28.438315 ], [ -81.248048, 28.438167 ], [ -81.247954, 28.438079 ], [ -81.247873, 28.438057 ], [ -81.247786, 28.438057 ], [ -81.24745, 28.438161 ], [ -81.247226, 28.438184 ], [ -81.247027, 28.438123 ], [ -81.246908, 28.438024 ], [ -81.246865, 28.437947 ], [ -81.24689, 28.437799 ], [ -81.246977, 28.43754 ], [ -81.246977, 28.43738 ], [ -81.246721, 28.437138 ], [ -81.246634, 28.437094 ], [ -81.246453, 28.437078 ], [ -81.246217, 28.437078 ], [ -81.245968, 28.437139 ], [ -81.245756, 28.437232 ], [ -81.245644, 28.43732 ], [ -81.245433, 28.437552 ], [ -81.245283, 28.437838 ], [ -81.245053, 28.438014 ], [ -81.244885, 28.438113 ], [ -81.244742, 28.438135 ], [ -81.244487, 28.438097 ], [ -81.244244, 28.437932 ], [ -81.244159, 28.436493 ], [ -81.247326, 28.43641 ], [ -81.249063, 28.43641 ], [ -81.250699, 28.43641 ], [ -81.251792, 28.436411 ], [ -81.256736, 28.436411 ], [ -81.257073, 28.436412 ], [ -81.257059, 28.436275 ], [ -81.256979, 28.435243 ], [ -81.256937, 28.434571 ], [ -81.256916, 28.434211 ], [ -81.256869, 28.433178 ], [ -81.256838, 28.432287 ], [ -81.256805, 28.431242 ], [ -81.256801, 28.431083 ], [ -81.256778, 28.430899 ], [ -81.256734, 28.430716 ], [ -81.256694, 28.430596 ], [ -81.256605, 28.430266 ], [ -81.25645, 28.429813 ], [ -81.25627, 28.429424 ], [ -81.256076, 28.429098 ], [ -81.255789, 28.428667 ], [ -81.255568, 28.428425 ], [ -81.2554, 28.428242 ], [ -81.254987, 28.427856 ], [ -81.254813, 28.427707 ], [ -81.254764, 28.427671 ], [ -81.254736, 28.42765 ], [ -81.252249, 28.425681 ], [ -81.250881, 28.424599 ], [ -81.249602, 28.423604 ], [ -81.249077, 28.423168 ], [ -81.248695, 28.42289 ], [ -81.248255, 28.422542 ], [ -81.247687, 28.422095 ], [ -81.247085, 28.421614 ], [ -81.246524, 28.421187 ], [ -81.246252, 28.420956 ], [ -81.245678, 28.420507 ], [ -81.245418, 28.420308 ], [ -81.245148, 28.420083 ], [ -81.244858, 28.419815 ], [ -81.244582, 28.419551 ], [ -81.244314, 28.419249 ], [ -81.244068, 28.418972 ], [ -81.243861, 28.418661 ], [ -81.243815, 28.418587 ], [ -81.243625, 28.418292 ], [ -81.24351, 28.41808 ], [ -81.243686, 28.417992 ], [ -81.243538, 28.417653 ], [ -81.243381, 28.417263 ], [ -81.243267, 28.416934 ], [ -81.243115, 28.416282 ], [ -81.243072, 28.415934 ], [ -81.243034, 28.415372 ], [ -81.243026, 28.414784 ], [ -81.243026, 28.41473 ], [ -81.243027, 28.414658 ], [ -81.243028, 28.414616 ], [ -81.243029, 28.414513 ], [ -81.243057, 28.412103 ], [ -81.243071, 28.411796 ], [ -81.243124, 28.41129 ], [ -81.243147, 28.411078 ], [ -81.243166, 28.410849 ], [ -81.243173, 28.410793 ], [ -81.243212, 28.410475 ], [ -81.243241, 28.410262 ], [ -81.243348, 28.409713 ], [ -81.243357, 28.409666 ], [ -81.243462, 28.409147 ], [ -81.243576, 28.408633 ], [ -81.243729, 28.40797 ], [ -81.243867, 28.407347 ], [ -81.244034, 28.406466 ], [ -81.244153, 28.405637 ], [ -81.244205, 28.405274 ], [ -81.24426, 28.404763 ], [ -81.244287, 28.404582 ], [ -81.244424, 28.403676 ], [ -81.244498, 28.403041 ], [ -81.244533, 28.402739 ], [ -81.244606, 28.402195 ], [ -81.244635, 28.401782 ], [ -81.244658, 28.40142 ], [ -81.244656, 28.401346 ], [ -81.244643, 28.40091 ], [ -81.244638, 28.400618 ], [ -81.244993, 28.400436 ], [ -81.246147, 28.399812 ], [ -81.248083, 28.398693 ], [ -81.248258, 28.39857 ], [ -81.24915, 28.397889 ], [ -81.249316, 28.397773 ], [ -81.249708, 28.397425 ], [ -81.250498, 28.396635 ], [ -81.250918, 28.396178 ], [ -81.251948, 28.39491 ], [ -81.254688, 28.391554 ], [ -81.254865, 28.391348 ], [ -81.255305, 28.390809 ], [ -81.255718, 28.390313 ], [ -81.256214, 28.389688 ], [ -81.25627, 28.389621 ], [ -81.257151, 28.388559 ], [ -81.257867, 28.387668 ], [ -81.25896, 28.38641 ], [ -81.25963, 28.385804 ], [ -81.260456, 28.385235 ], [ -81.261081, 28.384904 ], [ -81.261907, 28.384555 ], [ -81.26333, 28.384105 ], [ -81.266094, 28.383288 ], [ -81.268996, 28.382398 ], [ -81.270281, 28.381984 ], [ -81.271622, 28.381433 ], [ -81.272981, 28.380919 ], [ -81.274221, 28.380433 ], [ -81.277223, 28.379278 ], [ -81.277162, 28.379048 ], [ -81.277018, 28.378631 ], [ -81.275297, 28.379249 ], [ -81.274323, 28.3796 ], [ -81.274206, 28.379643 ], [ -81.274006, 28.379221 ], [ -81.272805, 28.379666 ], [ -81.272814, 28.379732 ], [ -81.272561, 28.379777 ], [ -81.272586, 28.379739 ], [ -81.272051, 28.379186 ], [ -81.27092, 28.378854 ], [ -81.270642, 28.378955 ], [ -81.270543, 28.378992 ], [ -81.268625, 28.379435 ], [ -81.266927, 28.380071 ], [ -81.263627, 28.379186 ], [ -81.263029, 28.379214 ], [ -81.262967, 28.378909 ], [ -81.263784, 28.378467 ], [ -81.264035, 28.378024 ], [ -81.263658, 28.377554 ], [ -81.263092, 28.377388 ], [ -81.262967, 28.377084 ], [ -81.263155, 28.376946 ], [ -81.263375, 28.376614 ], [ -81.263438, 28.376033 ], [ -81.262778, 28.375397 ], [ -81.261332, 28.375369 ], [ -81.26067, 28.375812 ], [ -81.260667, 28.376051 ], [ -81.260666, 28.376615 ], [ -81.260666, 28.377669 ], [ -81.260766, 28.377886 ], [ -81.26086, 28.378245 ], [ -81.26086, 28.379407 ], [ -81.260986, 28.379601 ], [ -81.260766, 28.379767 ], [ -81.260648, 28.379941 ], [ -81.260389, 28.38032 ], [ -81.260002, 28.38066 ], [ -81.259886, 28.380762 ], [ -81.259823, 28.381288 ], [ -81.260169, 28.381647 ], [ -81.26064, 28.381841 ], [ -81.260735, 28.382671 ], [ -81.26064, 28.383058 ], [ -81.259823, 28.383307 ], [ -81.259163, 28.383832 ], [ -81.258974, 28.383418 ], [ -81.257088, 28.383445 ], [ -81.256962, 28.383749 ], [ -81.254228, 28.383888 ], [ -81.253945, 28.384247 ], [ -81.252844, 28.382201 ], [ -81.251556, 28.380901 ], [ -81.250551, 28.380016 ], [ -81.250551, 28.379959 ], [ -81.250337, 28.37968 ], [ -81.249638, 28.378771 ], [ -81.248946, 28.378522 ], [ -81.248695, 28.377775 ], [ -81.248946, 28.377277 ], [ -81.248915, 28.375922 ], [ -81.248946, 28.374761 ], [ -81.248318, 28.374318 ], [ -81.248409, 28.374151 ], [ -81.248884, 28.373295 ], [ -81.248601, 28.372465 ], [ -81.24772, 28.372299 ], [ -81.246086, 28.372769 ], [ -81.244706, 28.37286 ], [ -81.244704, 28.372705 ], [ -81.244704, 28.372692 ], [ -81.244701, 28.3724 ], [ -81.244871, 28.372449 ], [ -81.24553, 28.372445 ], [ -81.246246, 28.372341 ], [ -81.24722, 28.372045 ], [ -81.247133, 28.371562 ], [ -81.247077, 28.370689 ], [ -81.247927, 28.37031 ], [ -81.248644, 28.369687 ], [ -81.249036, 28.369044 ], [ -81.249706, 28.368027 ], [ -81.249934, 28.367538 ], [ -81.250177, 28.3674 ], [ -81.250355, 28.367298 ], [ -81.250305, 28.366982 ], [ -81.2503, 28.365276 ], [ -81.250951, 28.365081 ], [ -81.251276, 28.365961 ], [ -81.251294, 28.366009 ], [ -81.251352, 28.366165 ], [ -81.251784, 28.366672 ], [ -81.252104, 28.366958 ], [ -81.252254, 28.367092 ], [ -81.25278, 28.367375 ], [ -81.252979, 28.367449 ], [ -81.253317, 28.367553 ], [ -81.253523, 28.367588 ], [ -81.253826, 28.367563 ], [ -81.254071, 28.36754 ], [ -81.254908, 28.367201 ], [ -81.255165, 28.366913 ], [ -81.255534, 28.366916 ], [ -81.25608, 28.36697 ], [ -81.256648, 28.366972 ], [ -81.25754, 28.366901 ], [ -81.258091, 28.366715 ], [ -81.258424, 28.366488 ], [ -81.258817, 28.366073 ], [ -81.259592, 28.365401 ], [ -81.259819, 28.364939 ], [ -81.25985, 28.364588 ], [ -81.260222, 28.363907 ], [ -81.260243, 28.363362 ], [ -81.26151, 28.361759 ], [ -81.260798, 28.360505 ], [ -81.262619, 28.358902 ], [ -81.265549, 28.358275 ], [ -81.266001, 28.358468 ], [ -81.265949, 28.35875 ], [ -81.265658, 28.359182 ], [ -81.265352, 28.359242 ], [ -81.265268, 28.359546 ], [ -81.265318, 28.359598 ], [ -81.265267, 28.359774 ], [ -81.265155, 28.3598 ], [ -81.26519, 28.359988 ], [ -81.265, 28.360381 ], [ -81.264988, 28.360921 ], [ -81.265087, 28.36112 ], [ -81.265338, 28.361271 ], [ -81.265503, 28.361318 ], [ -81.266058, 28.361266 ], [ -81.266138, 28.361354 ], [ -81.266314, 28.361367 ], [ -81.266554, 28.361457 ], [ -81.26688, 28.361427 ], [ -81.267055, 28.361344 ], [ -81.267352, 28.361075 ], [ -81.267537, 28.361036 ], [ -81.267706, 28.36089 ], [ -81.26786, 28.36066 ], [ -81.267823, 28.360029 ], [ -81.267995, 28.359966 ], [ -81.267809, 28.359937 ], [ -81.267691, 28.359474 ], [ -81.268239, 28.358346 ], [ -81.268276, 28.358271 ], [ -81.26842, 28.357998 ], [ -81.268984, 28.35761 ], [ -81.269531, 28.357642 ], [ -81.270164, 28.357751 ], [ -81.27109, 28.357503 ], [ -81.271061, 28.357437 ], [ -81.271015, 28.357427 ], [ -81.270903, 28.35729 ], [ -81.271009, 28.357306 ], [ -81.271426, 28.357328 ], [ -81.2716, 28.357317 ], [ -81.272008, 28.357335 ], [ -81.27221, 28.357345 ], [ -81.272346, 28.357334 ], [ -81.272514, 28.357307 ], [ -81.272633, 28.357263 ], [ -81.272738, 28.357175 ], [ -81.272881, 28.357087 ], [ -81.272976, 28.357035 ], [ -81.273124, 28.356955 ], [ -81.273211, 28.356922 ], [ -81.274455, 28.357103 ], [ -81.274667, 28.357126 ], [ -81.274903, 28.357137 ], [ -81.275239, 28.357175 ], [ -81.275444, 28.357225 ], [ -81.27583, 28.357296 ], [ -81.276402, 28.357429 ], [ -81.276539, 28.357467 ], [ -81.276682, 28.357462 ], [ -81.277248, 28.357533 ], [ -81.277715, 28.357627 ], [ -81.277945, 28.357732 ], [ -81.278051, 28.35782 ], [ -81.278623, 28.358222 ], [ -81.279008, 28.35848 ], [ -81.279089, 28.358516 ], [ -81.279195, 28.358563 ], [ -81.279469, 28.358662 ], [ -81.280339, 28.359036 ], [ -81.280725, 28.359251 ], [ -81.28101, 28.359473 ], [ -81.281391, 28.359185 ], [ -81.281478, 28.359119 ], [ -81.281509, 28.359059 ], [ -81.281832, 28.358883 ], [ -81.281901, 28.358833 ], [ -81.281976, 28.358806 ], [ -81.282075, 28.358751 ], [ -81.282417, 28.358608 ], [ -81.282548, 28.358525 ], [ -81.28271, 28.358349 ], [ -81.282772, 28.358311 ], [ -81.282834, 28.358234 ], [ -81.282946, 28.358151 ], [ -81.283001, 28.35814 ], [ -81.283058, 28.358129 ], [ -81.283257, 28.358118 ], [ -81.283543, 28.358118 ], [ -81.283674, 28.358157 ], [ -81.284028, 28.358338 ], [ -81.284196, 28.358388 ], [ -81.284458, 28.358404 ], [ -81.284638, 28.358427 ], [ -81.284881, 28.358443 ], [ -81.285347, 28.358405 ], [ -81.285534, 28.358416 ], [ -81.28572, 28.358388 ], [ -81.285832, 28.358355 ], [ -81.28899, 28.358562 ], [ -81.290219, 28.358642 ], [ -81.29173, 28.358741 ], [ -81.292028, 28.358653 ], [ -81.29237, 28.358532 ], [ -81.292416, 28.358513 ], [ -81.292576, 28.358444 ], [ -81.292596, 28.358437 ], [ -81.292625, 28.359363 ], [ -81.292642, 28.359894 ], [ -81.292687, 28.361288 ], [ -81.292689, 28.36135 ], [ -81.292713, 28.362141 ], [ -81.292716, 28.362209 ], [ -81.292744, 28.363068 ], [ -81.29547, 28.363119 ], [ -81.296165, 28.363133 ], [ -81.296897, 28.363147 ], [ -81.30105, 28.363226 ], [ -81.304399, 28.363289 ], [ -81.30545, 28.36331 ], [ -81.306428, 28.363328 ], [ -81.309849, 28.363394 ], [ -81.309772, 28.365124 ], [ -81.309786, 28.365271 ], [ -81.309707, 28.366953 ], [ -81.309655, 28.368406 ], [ -81.309629, 28.36872 ], [ -81.309593, 28.36915 ], [ -81.309593, 28.369289 ], [ -81.309593, 28.36938 ], [ -81.309529, 28.369392 ], [ -81.309433, 28.369412 ], [ -81.309048, 28.369493 ], [ -81.307697, 28.369778 ], [ -81.307404, 28.36984 ], [ -81.306202, 28.370086 ], [ -81.303581, 28.370622 ], [ -81.302428, 28.370854 ], [ -81.299262, 28.371492 ], [ -81.298755, 28.371597 ], [ -81.298606, 28.371628 ], [ -81.297982, 28.371779 ], [ -81.296395, 28.372149 ], [ -81.295162, 28.37252 ], [ -81.294211, 28.372815 ], [ -81.293161, 28.373186 ], [ -81.291342, 28.373875 ], [ -81.290734, 28.374105 ], [ -81.289044, 28.374766 ], [ -81.28882, 28.374831 ], [ -81.287792, 28.375217 ], [ -81.285708, 28.376071 ], [ -81.283375, 28.376952 ], [ -81.282563, 28.377258 ], [ -81.281906, 28.377586 ], [ -81.281816, 28.37763 ], [ -81.281859, 28.378688 ], [ -81.281924, 28.380287 ], [ -81.282085, 28.384294 ], [ -81.282242, 28.388176 ], [ -81.282736, 28.400433 ], [ -81.282723, 28.400676 ], [ -81.282747, 28.40105 ], [ -81.282749, 28.401372 ], [ -81.282743, 28.401974 ], [ -81.282747, 28.403154 ], [ -81.281726, 28.404532 ], [ -81.281714, 28.404547 ], [ -81.280704, 28.405909 ], [ -81.28081, 28.406019 ], [ -81.281152, 28.406548 ], [ -81.281519, 28.407246 ], [ -81.281818, 28.407879 ], [ -81.281948, 28.408666 ], [ -81.282035, 28.409613 ], [ -81.282016, 28.410284 ], [ -81.28196, 28.410983 ], [ -81.281854, 28.41172 ], [ -81.281474, 28.412215 ], [ -81.280995, 28.412738 ], [ -81.280466, 28.413261 ], [ -81.279631, 28.414163 ], [ -81.279177, 28.414526 ], [ -81.278928, 28.414708 ], [ -81.278828, 28.414757 ], [ -81.278386, 28.414916 ], [ -81.278323, 28.414932 ], [ -81.277888, 28.415048 ], [ -81.277173, 28.415186 ], [ -81.27693, 28.415268 ], [ -81.276749, 28.415367 ], [ -81.276637, 28.41539 ], [ -81.276612, 28.421943 ], [ -81.27706, 28.421945 ], [ -81.277453, 28.421953 ], [ -81.277526, 28.421953 ], [ -81.277831, 28.421953 ], [ -81.27814, 28.421948 ], [ -81.279068, 28.421937 ], [ -81.279378, 28.421934 ], [ -81.279535, 28.421931 ], [ -81.280006, 28.421926 ], [ -81.280164, 28.421925 ], [ -81.280245, 28.421924 ], [ -81.280358, 28.421925 ], [ -81.280716, 28.42193 ], [ -81.280786, 28.421931 ], [ -81.281135, 28.421943 ], [ -81.281376, 28.421944 ], [ -81.28236, 28.421915 ], [ -81.282372, 28.421915 ], [ -81.282618, 28.42193 ], [ -81.282924, 28.42194 ], [ -81.28316, 28.425302 ], [ -81.285209, 28.424722 ], [ -81.288344, 28.423715 ], [ -81.288493, 28.423661 ], [ -81.288473, 28.422771 ], [ -81.288498, 28.422246 ], [ -81.2885, 28.42215 ], [ -81.288502, 28.422059 ], [ -81.288515, 28.421895 ], [ -81.288684, 28.421279 ], [ -81.288757, 28.421016 ], [ -81.289047, 28.420472 ], [ -81.289383, 28.419828 ], [ -81.289981, 28.418731 ], [ -81.290389, 28.417978 ], [ -81.290543, 28.417624 ], [ -81.290688, 28.417189 ], [ -81.290752, 28.416854 ], [ -81.290779, 28.416563 ], [ -81.290752, 28.415385 ], [ -81.290688, 28.414042 ], [ -81.290616, 28.412519 ], [ -81.290578, 28.411976 ], [ -81.290571, 28.411884 ], [ -81.290571, 28.41161 ], [ -81.290382, 28.407444 ], [ -81.290342, 28.407033 ], [ -81.290334, 28.406425 ], [ -81.290287, 28.40562 ], [ -81.290239, 28.404696 ], [ -81.290208, 28.404128 ], [ -81.290176, 28.403457 ], [ -81.290168, 28.403039 ], [ -81.290216, 28.402747 ], [ -81.290295, 28.402431 ], [ -81.290421, 28.402155 ], [ -81.290579, 28.401871 ], [ -81.290863, 28.401532 ], [ -81.291076, 28.401311 ], [ -81.291431, 28.401034 ], [ -81.291802, 28.400829 ], [ -81.293925, 28.400221 ], [ -81.296554, 28.399511 ], [ -81.296877, 28.399408 ], [ -81.29739, 28.399258 ], [ -81.300397, 28.398438 ], [ -81.300618, 28.398367 ], [ -81.301234, 28.398217 ], [ -81.301786, 28.398067 ], [ -81.302096, 28.397978 ], [ -81.302812, 28.397774 ], [ -81.303648, 28.397529 ], [ -81.304207, 28.39738 ], [ -81.304741, 28.397238 ], [ -81.305172, 28.397151 ], [ -81.305874, 28.397119 ], [ -81.307429, 28.397075 ], [ -81.30815, 28.397094 ], [ -81.308764, 28.397112 ], [ -81.309108, 28.397117 ], [ -81.309789, 28.397126 ], [ -81.309998, 28.397124 ], [ -81.310208, 28.397127 ], [ -81.31042, 28.39713 ], [ -81.310832, 28.397135 ], [ -81.311096, 28.39714 ], [ -81.311416, 28.397151 ], [ -81.311609, 28.397148 ], [ -81.312158, 28.397156 ], [ -81.31545, 28.39718 ], [ -81.315969, 28.397179 ], [ -81.316087, 28.397182 ], [ -81.31611, 28.397182 ], [ -81.316194, 28.39719 ], [ -81.316277, 28.397204 ], [ -81.316359, 28.397224 ], [ -81.316438, 28.397248 ], [ -81.316516, 28.397278 ], [ -81.316662, 28.397352 ], [ -81.31673, 28.397397 ], [ -81.316794, 28.397445 ], [ -81.316876, 28.39752 ], [ -81.316948, 28.397587 ], [ -81.31702, 28.397653 ], [ -81.317207, 28.397826 ], [ -81.317226, 28.397848 ], [ -81.317262, 28.397892 ], [ -81.31728, 28.397915 ], [ -81.317312, 28.397962 ], [ -81.317356, 28.398036 ], [ -81.317403, 28.398139 ], [ -81.31743, 28.398219 ], [ -81.317448, 28.398302 ], [ -81.317458, 28.398385 ], [ -81.31746, 28.398469 ], [ -81.317454, 28.398553 ], [ -81.317439, 28.398636 ], [ -81.317416, 28.398717 ], [ -81.317386, 28.398797 ], [ -81.317349, 28.398864 ], [ -81.317284, 28.398988 ], [ -81.316763, 28.39985 ], [ -81.316547, 28.400197 ], [ -81.315358, 28.402196 ], [ -81.315162, 28.402571 ], [ -81.315105, 28.402701 ], [ -81.315053, 28.402835 ], [ -81.315007, 28.40298 ], [ -81.314969, 28.403132 ], [ -81.314938, 28.403285 ], [ -81.314854, 28.403801 ], [ -81.314589, 28.40556 ], [ -81.314491, 28.406213 ], [ -81.314382, 28.406979 ], [ -81.314363, 28.407195 ], [ -81.314358, 28.407461 ], [ -81.314372, 28.407653 ], [ -81.314404, 28.407843 ], [ -81.314443, 28.407989 ], [ -81.314598, 28.407964 ], [ -81.315326, 28.407956 ], [ -81.317981, 28.40793 ], [ -81.31801, 28.40793 ], [ -81.318093, 28.40794 ], [ -81.318184, 28.407966 ], [ -81.318265, 28.408003 ], [ -81.318338, 28.408053 ], [ -81.318392, 28.408109 ], [ -81.318434, 28.408172 ], [ -81.318464, 28.408241 ], [ -81.31848, 28.408313 ], [ -81.318481, 28.408511 ], [ -81.318693, 28.408508 ], [ -81.318907, 28.408492 ], [ -81.319245, 28.408444 ], [ -81.3203, 28.408294 ], [ -81.320917, 28.408203 ], [ -81.32104, 28.408183 ], [ -81.321164, 28.408169 ], [ -81.321289, 28.408161 ], [ -81.321413, 28.408158 ], [ -81.322597, 28.408161 ], [ -81.323894, 28.408166 ], [ -81.32561, 28.408172 ], [ -81.326409, 28.408185 ], [ -81.326508, 28.408195 ], [ -81.326606, 28.408211 ], [ -81.326702, 28.408234 ], [ -81.326796, 28.408263 ], [ -81.326887, 28.408298 ], [ -81.326969, 28.408335 ], [ -81.327048, 28.408378 ], [ -81.327124, 28.408424 ], [ -81.327197, 28.408475 ], [ -81.327265, 28.40853 ], [ -81.327368, 28.408628 ], [ -81.32745, 28.408727 ], [ -81.327527, 28.408829 ], [ -81.3276, 28.408934 ], [ -81.328134, 28.409692 ], [ -81.328185, 28.409761 ], [ -81.328684, 28.41045 ], [ -81.328674, 28.410813 ], [ -81.329026, 28.410943 ], [ -81.329207, 28.41101 ], [ -81.329117, 28.411071 ], [ -81.329377, 28.411438 ], [ -81.329398, 28.411468 ], [ -81.329464, 28.411561 ], [ -81.329486, 28.411592 ], [ -81.329502, 28.411615 ], [ -81.329551, 28.411684 ], [ -81.329568, 28.411708 ], [ -81.329714, 28.411915 ], [ -81.32996, 28.412264 ], [ -81.330154, 28.412535 ], [ -81.330302, 28.412741 ], [ -81.330409, 28.412891 ], [ -81.330707, 28.413311 ], [ -81.330732, 28.413343 ], [ -81.330771, 28.413392 ], [ -81.330859, 28.413478 ], [ -81.330999, 28.413715 ], [ -81.331506, 28.414425 ], [ -81.33188, 28.414901 ], [ -81.331966, 28.415064 ], [ -81.332072, 28.415243 ], [ -81.333537, 28.417062 ], [ -81.333804, 28.417275 ], [ -81.334695, 28.417212 ], [ -81.334751, 28.417163 ], [ -81.334887, 28.41706 ], [ -81.33503, 28.416963 ], [ -81.335253, 28.416839 ], [ -81.335485, 28.416729 ], [ -81.335696, 28.416645 ], [ -81.335725, 28.416633 ], [ -81.335792, 28.416611 ], [ -81.335883, 28.416582 ], [ -81.336039, 28.416543 ], [ -81.336089, 28.416533 ], [ -81.33619, 28.416514 ], [ -81.336276, 28.416498 ], [ -81.336505, 28.41647 ], [ -81.336842, 28.41645 ], [ -81.336989, 28.416442 ], [ -81.337951, 28.4164 ], [ -81.338067, 28.416412 ], [ -81.338104, 28.416438 ], [ -81.338168, 28.416439 ], [ -81.338231, 28.41644 ], [ -81.338409, 28.416442 ], [ -81.338594, 28.416431 ], [ -81.338798, 28.41641 ], [ -81.338918, 28.416399 ], [ -81.339079, 28.416366 ], [ -81.339294, 28.416314 ], [ -81.339437, 28.416268 ], [ -81.339485, 28.416253 ], [ -81.339558, 28.416219 ], [ -81.339649, 28.416179 ], [ -81.339811, 28.416115 ], [ -81.339918, 28.416061 ], [ -81.340002, 28.41602 ], [ -81.340035, 28.416001 ], [ -81.340144, 28.415937 ], [ -81.340271, 28.41585 ], [ -81.340335, 28.415802 ], [ -81.340452, 28.415715 ], [ -81.340725, 28.415459 ], [ -81.340856, 28.415308 ], [ -81.341031, 28.415079 ], [ -81.341066, 28.415014 ], [ -81.341125, 28.414907 ], [ -81.341225, 28.414743 ], [ -81.341242, 28.414701 ], [ -81.341602, 28.414234 ], [ -81.342685, 28.412837 ], [ -81.343046, 28.412371 ], [ -81.343138, 28.412248 ], [ -81.343261, 28.412182 ], [ -81.343327, 28.412152 ], [ -81.343357, 28.412181 ], [ -81.343447, 28.412271 ], [ -81.343478, 28.412301 ], [ -81.343755, 28.412574 ], [ -81.344089, 28.412897 ], [ -81.344189, 28.412993 ], [ -81.344415, 28.413187 ], [ -81.344583, 28.413303 ], [ -81.344984, 28.413563 ], [ -81.345221, 28.413736 ], [ -81.345444, 28.413924 ], [ -81.345653, 28.414124 ], [ -81.345961, 28.414446 ], [ -81.346042, 28.41454 ], [ -81.346188, 28.414709 ], [ -81.346402, 28.414981 ], [ -81.34657, 28.415211 ], [ -81.346723, 28.415421 ], [ -81.347184, 28.416051 ], [ -81.347338, 28.416261 ], [ -81.347322, 28.416707 ], [ -81.347303, 28.417241 ], [ -81.347292, 28.417567 ], [ -81.347292, 28.418313 ], [ -81.347267, 28.420185 ], [ -81.347254, 28.421167 ], [ -81.347253, 28.421227 ], [ -81.347249, 28.421528 ], [ -81.347248, 28.421609 ], [ -81.347233, 28.42261 ], [ -81.347231, 28.422783 ], [ -81.347228, 28.422971 ], [ -81.347223, 28.423316 ], [ -81.347166, 28.423316 ], [ -81.347088, 28.423316 ], [ -81.346891, 28.423316 ], [ -81.346888, 28.424244 ], [ -81.346888, 28.424411 ], [ -81.346938, 28.424306 ], [ -81.346944, 28.425195 ], [ -81.346954, 28.426629 ], [ -81.346951, 28.42705 ], [ -81.347976, 28.427058 ], [ -81.348992, 28.427064 ], [ -81.34899, 28.428807 ], [ -81.34899, 28.428892 ], [ -81.348736, 28.428889 ], [ -81.34867, 28.428888 ], [ -81.347454, 28.42888 ], [ -81.347373, 28.42888 ], [ -81.347212, 28.428878 ], [ -81.34705, 28.428877 ], [ -81.347026, 28.428877 ], [ -81.346955, 28.428877 ], [ -81.346932, 28.428877 ], [ -81.346917, 28.428876 ], [ -81.346875, 28.428876 ], [ -81.346861, 28.428876 ], [ -81.346798, 28.428876 ], [ -81.346609, 28.428876 ], [ -81.346546, 28.428876 ], [ -81.346546, 28.428965 ], [ -81.346548, 28.429235 ], [ -81.346549, 28.429325 ], [ -81.346549, 28.429462 ], [ -81.346549, 28.429874 ], [ -81.34655, 28.430012 ], [ -81.34655, 28.430149 ], [ -81.34655, 28.43056 ], [ -81.34655, 28.430697 ], [ -81.346549, 28.430913 ], [ -81.346546, 28.431561 ], [ -81.346545, 28.431777 ], [ -81.346543, 28.43199 ], [ -81.346534, 28.432046 ], [ -81.346524, 28.43212 ], [ -81.346506, 28.43219 ], [ -81.346464, 28.432317 ], [ -81.34635, 28.432616 ], [ -81.346326, 28.432703 ], [ -81.346313, 28.432792 ], [ -81.346311, 28.432821 ], [ -81.34631, 28.432881 ], [ -81.346318, 28.432971 ], [ -81.346342, 28.433089 ], [ -81.346369, 28.433155 ], [ -81.346404, 28.433225 ], [ -81.346507, 28.433427 ], [ -81.346532, 28.433501 ], [ -81.346548, 28.433603 ], [ -81.346548, 28.433647 ], [ -81.34655, 28.433798 ], [ -81.346549, 28.433935 ], [ -81.346547, 28.43435 ], [ -81.346547, 28.434488 ], [ -81.346545, 28.434626 ], [ -81.346541, 28.43504 ], [ -81.34654, 28.435179 ], [ -81.346538, 28.435315 ], [ -81.346534, 28.435723 ], [ -81.346533, 28.43586 ], [ -81.346531, 28.435998 ], [ -81.346529, 28.436414 ], [ -81.346528, 28.436553 ], [ -81.346527, 28.436609 ], [ -81.346527, 28.436689 ], [ -81.346513, 28.436764 ], [ -81.346507, 28.436777 ], [ -81.346499, 28.4368 ], [ -81.346483, 28.436828 ], [ -81.346456, 28.436865 ], [ -81.346428, 28.436894 ], [ -81.346362, 28.436942 ], [ -81.346316, 28.43696 ], [ -81.346284, 28.436974 ], [ -81.346193, 28.436988 ], [ -81.346024, 28.436996 ], [ -81.3459, 28.43702 ], [ -81.345764, 28.437068 ], [ -81.345687, 28.437103 ], [ -81.345674, 28.43711 ], [ -81.34559, 28.437161 ], [ -81.345509, 28.437226 ], [ -81.34562, 28.437297 ], [ -81.346276, 28.437753 ], [ -81.346353, 28.437933 ], [ -81.346362, 28.437975 ], [ -81.346429, 28.438262 ], [ -81.346463, 28.43881 ], [ -81.346524, 28.441475 ], [ -81.346533, 28.441829 ], [ -81.346614, 28.442641 ], [ -81.346618, 28.44267 ], [ -81.34663, 28.442759 ], [ -81.346634, 28.442789 ], [ -81.346649, 28.442916 ], [ -81.346693, 28.443085 ], [ -81.34671, 28.44327 ], [ -81.346723, 28.443411 ], [ -81.346764, 28.443495 ], [ -81.346886, 28.443637 ], [ -81.347044, 28.443807 ], [ -81.347124, 28.443893 ], [ -81.347389, 28.444149 ], [ -81.347671, 28.444315 ], [ -81.347826, 28.444406 ], [ -81.348107, 28.444536 ], [ -81.348255, 28.444606 ], [ -81.348327, 28.444641 ], [ -81.348722, 28.444759 ], [ -81.34888, 28.444807 ], [ -81.34897, 28.44488 ], [ -81.349106, 28.444989 ], [ -81.349236, 28.445108 ], [ -81.349273, 28.445143 ], [ -81.34932, 28.44519 ], [ -81.349364, 28.445233 ], [ -81.349416, 28.445293 ], [ -81.34945, 28.445333 ], [ -81.349548, 28.445457 ], [ -81.349657, 28.445634 ], [ -81.349721, 28.445769 ], [ -81.349798, 28.44593 ], [ -81.349825, 28.446002 ], [ -81.349851, 28.446072 ], [ -81.349899, 28.446231 ], [ -81.349922, 28.446401 ], [ -81.349937, 28.446578 ], [ -81.349931, 28.446756 ], [ -81.349911, 28.446934 ], [ -81.349898, 28.44701 ], [ -81.34988, 28.447111 ], [ -81.349834, 28.447291 ], [ -81.349776, 28.447422 ], [ -81.349631, 28.447758 ], [ -81.349531, 28.447965 ], [ -81.349374, 28.448338 ], [ -81.349335, 28.448531 ], [ -81.349338, 28.448619 ], [ -81.349336, 28.44863 ], [ -81.349324, 28.448772 ], [ -81.349336, 28.448934 ], [ -81.349366, 28.449058 ], [ -81.349377, 28.449103 ], [ -81.34943, 28.44926 ], [ -81.349438, 28.449284 ], [ -81.34945, 28.44931 ], [ -81.349504, 28.449425 ], [ -81.349595, 28.449585 ], [ -81.349704, 28.449731 ], [ -81.349771, 28.449803 ], [ -81.349923, 28.449939 ], [ -81.350084, 28.450089 ], [ -81.350188, 28.45016 ], [ -81.350532, 28.450342 ], [ -81.350651, 28.450405 ] ] ] ] } },
{ "type": "Feature", "properties": { "ZCTA5CE20": "32773", "GEOID20": "32773", "GEOIDFQ20": "860Z200US32773", "CLASSFP20": "B5", "MTFCC20": "G6350", "FUNCSTAT20": "S", "ALAND20": 71488637, "AWATER20": 19817041, "INTPTLAT20": "+28.7520784", "INTPTLON20": "-081.2463417" }, "geometry": { "type": "MultiPolygon", "coordinates": [ [ [ [ -81.313916, 28.760796 ], [ -81.313687, 28.760909 ], [ -81.312892, 28.761302 ], [ -81.312816, 28.761341 ], [ -81.312516, 28.7615 ], [ -81.312113, 28.76173 ], [ -81.311957, 28.761831 ], [ -81.311873, 28.761886 ], [ -81.311642, 28.762052 ], [ -81.31141, 28.762229 ], [ -81.311331, 28.762302 ], [ -81.311191, 28.762434 ], [ -81.310963, 28.76266 ], [ -81.310652, 28.763028 ], [ -81.310569, 28.763147 ], [ -81.310489, 28.763264 ], [ -81.310282, 28.763565 ], [ -81.310015, 28.763946 ], [ -81.309805, 28.764245 ], [ -81.309716, 28.764373 ], [ -81.309596, 28.764561 ], [ -81.309421, 28.764847 ], [ -81.309243, 28.765187 ], [ -81.309079, 28.765514 ], [ -81.30901, 28.765692 ], [ -81.308986, 28.765756 ], [ -81.30576, 28.764431 ], [ -81.305752, 28.764837 ], [ -81.305726, 28.766129 ], [ -81.305491, 28.766127 ], [ -81.304779, 28.766124 ], [ -81.304727, 28.766123 ], [ -81.304678, 28.76613 ], [ -81.304683, 28.766992 ], [ -81.304744, 28.767084 ], [ -81.305375, 28.768039 ], [ -81.305403, 28.768082 ], [ -81.304874, 28.768353 ], [ -81.302553, 28.769543 ], [ -81.303525, 28.771014 ], [ -81.299758, 28.771017 ], [ -81.299568, 28.771059 ], [ -81.297858, 28.771939 ], [ -81.297582, 28.772078 ], [ -81.297528, 28.777357 ], [ -81.297532, 28.777741 ], [ -81.297532, 28.778017 ], [ -81.297532, 28.778159 ], [ -81.297577, 28.778207 ], [ -81.297894, 28.778526 ], [ -81.298156, 28.778819 ], [ -81.298985, 28.779834 ], [ -81.299918, 28.781192 ], [ -81.300371, 28.782212 ], [ -81.300876, 28.783669 ], [ -81.301006, 28.784318 ], [ -81.301331, 28.786466 ], [ -81.300811, 28.786467 ], [ -81.299658, 28.786472 ], [ -81.299243, 28.786475 ], [ -81.298372, 28.786482 ], [ -81.297628, 28.786493 ], [ -81.297081, 28.786505 ], [ -81.29588, 28.786532 ], [ -81.295443, 28.786547 ], [ -81.294898, 28.786567 ], [ -81.29478, 28.786571 ], [ -81.294703, 28.786574 ], [ -81.294505, 28.786581 ], [ -81.29448, 28.786581 ], [ -81.294437, 28.786581 ], [ -81.294312, 28.786583 ], [ -81.29429, 28.786583 ], [ -81.29414, 28.786584 ], [ -81.293627, 28.78659 ], [ -81.29361, 28.78659 ], [ -81.293456, 28.786592 ], [ -81.293399, 28.786592 ], [ -81.293232, 28.786592 ], [ -81.293176, 28.786593 ], [ -81.292922, 28.786594 ], [ -81.292766, 28.786595 ], [ -81.292688, 28.786596 ], [ -81.292469, 28.786597 ], [ -81.29216, 28.786587 ], [ -81.291907, 28.786579 ], [ -81.291829, 28.786576 ], [ -81.291829, 28.78539 ], [ -81.291149, 28.785388 ], [ -81.29169, 28.784452 ], [ -81.292632, 28.783365 ], [ -81.289969, 28.783333 ], [ -81.289095, 28.783339 ], [ -81.287747, 28.783349 ], [ -81.286278, 28.783362 ], [ -81.286278, 28.783238 ], [ -81.285534, 28.783244 ], [ -81.284999, 28.783306 ], [ -81.284989, 28.785686 ], [ -81.284668, 28.785688 ], [ -81.2844, 28.785688 ], [ -81.283688, 28.785677 ], [ -81.282738, 28.785666 ], [ -81.28255, 28.785667 ], [ -81.282089, 28.785671 ], [ -81.281988, 28.785665 ], [ -81.281801, 28.785654 ], [ -81.281733, 28.785588 ], [ -81.281725, 28.785221 ], [ -81.281698, 28.783833 ], [ -81.28169, 28.783371 ], [ -81.281115, 28.783387 ], [ -81.281115, 28.784009 ], [ -81.281133, 28.786634 ], [ -81.280408, 28.78669 ], [ -81.280279, 28.786689 ], [ -81.279209, 28.786644 ], [ -81.278725, 28.786648 ], [ -81.278659, 28.786648 ], [ -81.278497, 28.78665 ], [ -81.278463, 28.786649 ], [ -81.278398, 28.786648 ], [ -81.278402, 28.786554 ], [ -81.278417, 28.786273 ], [ -81.27842, 28.786214 ], [ -81.278755, 28.786213 ], [ -81.278751, 28.785754 ], [ -81.278513, 28.785755 ], [ -81.278417, 28.785756 ], [ -81.278379, 28.785756 ], [ -81.278379, 28.786181 ], [ -81.278268, 28.786183 ], [ -81.278133, 28.786186 ], [ -81.277435, 28.786202 ], [ -81.277421, 28.786368 ], [ -81.277397, 28.786656 ], [ -81.277167, 28.78666 ], [ -81.27613, 28.786649 ], [ -81.276011, 28.786649 ], [ -81.275093, 28.786649 ], [ -81.274056, 28.786659 ], [ -81.273848, 28.78666 ], [ -81.273419, 28.786665 ], [ -81.273227, 28.786662 ], [ -81.27302, 28.786659 ], [ -81.272813, 28.786659 ], [ -81.272195, 28.786662 ], [ -81.271989, 28.786664 ], [ -81.271779, 28.786664 ], [ -81.271149, 28.786668 ], [ -81.27094, 28.78667 ], [ -81.270733, 28.78667 ], [ -81.270115, 28.786674 ], [ -81.269909, 28.786675 ], [ -81.268872, 28.786685 ], [ -81.267829, 28.786696 ], [ -81.267479, 28.786696 ], [ -81.266811, 28.786701 ], [ -81.266168, 28.786706 ], [ -81.266083, 28.786706 ], [ -81.265828, 28.786706 ], [ -81.265743, 28.786706 ], [ -81.26555, 28.786706 ], [ -81.264973, 28.786706 ], [ -81.264781, 28.786706 ], [ -81.264568, 28.786704 ], [ -81.263931, 28.786701 ], [ -81.263719, 28.7867 ], [ -81.263432, 28.786722 ], [ -81.26267, 28.786727 ], [ -81.261814, 28.786732 ], [ -81.261793, 28.786711 ], [ -81.261696, 28.786732 ], [ -81.260884, 28.786738 ], [ -81.260746, 28.786737 ], [ -81.260613, 28.786738 ], [ -81.260217, 28.786741 ], [ -81.260103, 28.786743 ], [ -81.260085, 28.786743 ], [ -81.259967, 28.786743 ], [ -81.259614, 28.786743 ], [ -81.259497, 28.786743 ], [ -81.259279, 28.786741 ], [ -81.259007, 28.78674 ], [ -81.258627, 28.786738 ], [ -81.25841, 28.786737 ], [ -81.258194, 28.786738 ], [ -81.257545, 28.786741 ], [ -81.25733, 28.786742 ], [ -81.257101, 28.786741 ], [ -81.25683, 28.786741 ], [ -81.256415, 28.786744 ], [ -81.256187, 28.786747 ], [ -81.255532, 28.786749 ], [ -81.255386, 28.78675 ], [ -81.255131, 28.786752 ], [ -81.253501, 28.786746 ], [ -81.252983, 28.786747 ], [ -81.252183, 28.786751 ], [ -81.25135, 28.78675 ], [ -81.250403, 28.78675 ], [ -81.250003, 28.786738 ], [ -81.248854, 28.786743 ], [ -81.248022, 28.786748 ], [ -81.247588, 28.78675 ], [ -81.246279, 28.786756 ], [ -81.245105, 28.786761 ], [ -81.243763, 28.786768 ], [ -81.241052, 28.786759 ], [ -81.23931, 28.786754 ], [ -81.238486, 28.786759 ], [ -81.236017, 28.786776 ], [ -81.235194, 28.786783 ], [ -81.235027, 28.786781 ], [ -81.234529, 28.786778 ], [ -81.234363, 28.786777 ], [ -81.234214, 28.786777 ], [ -81.233768, 28.786777 ], [ -81.23362, 28.786778 ], [ -81.233457, 28.786776 ], [ -81.23297, 28.786773 ], [ -81.232808, 28.786772 ], [ -81.232646, 28.786772 ], [ -81.232163, 28.786772 ], [ -81.232002, 28.786773 ], [ -81.231819, 28.78677 ], [ -81.231272, 28.786764 ], [ -81.23109, 28.786762 ], [ -81.230935, 28.786764 ], [ -81.23047, 28.78677 ], [ -81.230316, 28.786773 ], [ -81.230152, 28.786769 ], [ -81.229661, 28.78676 ], [ -81.229498, 28.786757 ], [ -81.229471, 28.786757 ], [ -81.229391, 28.786757 ], [ -81.229365, 28.786758 ], [ -81.229252, 28.786759 ], [ -81.228916, 28.786761 ], [ -81.228804, 28.786763 ], [ -81.228632, 28.786763 ], [ -81.228119, 28.786766 ], [ -81.227949, 28.786768 ], [ -81.227725, 28.786768 ], [ -81.227478, 28.786768 ], [ -81.227054, 28.786768 ], [ -81.226831, 28.786769 ], [ -81.225593, 28.786782 ], [ -81.225335, 28.786785 ], [ -81.224442, 28.786794 ], [ -81.222696, 28.786814 ], [ -81.222317, 28.786813 ], [ -81.221183, 28.78681 ], [ -81.220805, 28.786809 ], [ -81.220651, 28.786808 ], [ -81.220555, 28.786808 ], [ -81.220068, 28.786807 ], [ -81.219805, 28.786806 ], [ -81.219603, 28.786806 ], [ -81.219563, 28.784677 ], [ -81.219564, 28.784521 ], [ -81.21842, 28.784526 ], [ -81.218386, 28.784524 ], [ -81.218337, 28.784549 ], [ -81.218344, 28.786803 ], [ -81.218216, 28.786803 ], [ -81.218077, 28.786803 ], [ -81.217752, 28.786802 ], [ -81.21678, 28.786799 ], [ -81.216456, 28.786799 ], [ -81.216042, 28.786806 ], [ -81.21525, 28.78682 ], [ -81.214802, 28.786829 ], [ -81.214389, 28.786838 ], [ -81.214059, 28.786843 ], [ -81.213434, 28.786853 ], [ -81.213069, 28.78686 ], [ -81.212904, 28.786863 ], [ -81.21274, 28.786866 ], [ -81.211409, 28.786863 ], [ -81.207673, 28.786857 ], [ -81.207418, 28.786857 ], [ -81.206088, 28.786856 ], [ -81.205851, 28.786857 ], [ -81.205141, 28.78686 ], [ -81.204905, 28.786862 ], [ -81.200991, 28.78688 ], [ -81.199619, 28.786887 ], [ -81.189252, 28.786937 ], [ -81.185339, 28.786956 ], [ -81.184739, 28.786945 ], [ -81.18437, 28.78692 ], [ -81.184327, 28.786918 ], [ -81.184165, 28.786901 ], [ -81.183615, 28.786819 ], [ -81.183009, 28.786681 ], [ -81.182253, 28.786477 ], [ -81.181545, 28.786262 ], [ -81.180673, 28.785999 ], [ -81.180618, 28.785981 ], [ -81.180606, 28.785971 ], [ -81.180586, 28.785957 ], [ -81.180756, 28.784867 ], [ -81.181239, 28.78385 ], [ -81.181304, 28.783589 ], [ -81.181433, 28.783277 ], [ -81.181241, 28.782872 ], [ -81.180974, 28.782703 ], [ -81.180454, 28.782373 ], [ -81.180062, 28.782248 ], [ -81.179539, 28.782083 ], [ -81.178936, 28.781886 ], [ -81.178571, 28.781643 ], [ -81.178352, 28.781396 ], [ -81.177348, 28.778835 ], [ -81.176386, 28.776063 ], [ -81.175474, 28.772916 ], [ -81.175408, 28.771973 ], [ -81.175378, 28.771526 ], [ -81.175276, 28.770049 ], [ -81.175255, 28.769742 ], [ -81.175276, 28.769287 ], [ -81.175313, 28.76847 ], [ -81.175767, 28.767401 ], [ -81.176164, 28.76688 ], [ -81.177181, 28.765546 ], [ -81.177728, 28.765072 ], [ -81.181811, 28.761537 ], [ -81.181892, 28.761447 ], [ -81.184493, 28.758577 ], [ -81.184603, 28.758316 ], [ -81.185259, 28.756756 ], [ -81.185442, 28.755837 ], [ -81.185447, 28.754483 ], [ -81.185426, 28.753722 ], [ -81.184784, 28.751123 ], [ -81.184643, 28.750754 ], [ -81.184586, 28.750604 ], [ -81.184528, 28.750453 ], [ -81.184112, 28.749364 ], [ -81.184611, 28.749397 ], [ -81.185367, 28.749446 ], [ -81.190354, 28.74186 ], [ -81.191834, 28.73961 ], [ -81.191988, 28.739376 ], [ -81.191448, 28.73932 ], [ -81.191772, 28.738186 ], [ -81.192578, 28.736937 ], [ -81.193321, 28.735959 ], [ -81.194188, 28.734764 ], [ -81.195551, 28.73346 ], [ -81.197843, 28.731342 ], [ -81.200569, 28.729114 ], [ -81.201435, 28.728315 ], [ -81.202923, 28.726941 ], [ -81.205772, 28.724769 ], [ -81.208002, 28.72265 ], [ -81.21017, 28.720857 ], [ -81.211223, 28.71988 ], [ -81.211511, 28.719571 ], [ -81.211682, 28.719728 ], [ -81.211923, 28.719518 ], [ -81.211933, 28.719511 ], [ -81.212788, 28.718948 ], [ -81.213883, 28.718205 ], [ -81.21401, 28.718106 ], [ -81.214862, 28.717442 ], [ -81.215657, 28.716865 ], [ -81.215819, 28.716747 ], [ -81.216085, 28.716592 ], [ -81.216873, 28.716133 ], [ -81.217767, 28.715511 ], [ -81.218057, 28.71531 ], [ -81.219078, 28.714687 ], [ -81.220055, 28.714193 ], [ -81.220893, 28.713779 ], [ -81.222759, 28.712538 ], [ -81.224468, 28.712019 ], [ -81.226905, 28.711498 ], [ -81.228869, 28.71128 ], [ -81.229717, 28.711314 ], [ -81.230381, 28.711342 ], [ -81.231529, 28.71139 ], [ -81.23455, 28.711569 ], [ -81.236451, 28.711787 ], [ -81.238679, 28.71193 ], [ -81.238811, 28.711938 ], [ -81.238943, 28.711947 ], [ -81.23911, 28.711979 ], [ -81.239276, 28.712011 ], [ -81.239881, 28.712128 ], [ -81.24088, 28.712116 ], [ -81.241186, 28.712113 ], [ -81.242358, 28.712234 ], [ -81.243944, 28.712324 ], [ -81.245281, 28.712273 ], [ -81.246089, 28.712379 ], [ -81.246721, 28.7123 ], [ -81.247004, 28.712266 ], [ -81.247618, 28.712234 ], [ -81.248516, 28.71168 ], [ -81.249494, 28.711824 ], [ -81.252428, 28.712258 ], [ -81.253407, 28.712403 ], [ -81.254249, 28.71248 ], [ -81.25469, 28.712537 ], [ -81.25654, 28.712774 ], [ -81.256938, 28.712833 ], [ -81.258547, 28.713074 ], [ -81.261506, 28.713276 ], [ -81.264178, 28.713118 ], [ -81.267582, 28.713059 ], [ -81.267656, 28.713058 ], [ -81.271137, 28.713215 ], [ -81.271539, 28.713225 ], [ -81.273635, 28.713805 ], [ -81.274445, 28.714071 ], [ -81.275991, 28.71458 ], [ -81.27978, 28.715377 ], [ -81.282066, 28.715677 ], [ -81.28359, 28.715949 ], [ -81.284438, 28.716101 ], [ -81.284515, 28.716102 ], [ -81.28597, 28.716127 ], [ -81.287933, 28.715905 ], [ -81.289471, 28.715686 ], [ -81.28985, 28.715748 ], [ -81.290017, 28.71579 ], [ -81.290187, 28.715761 ], [ -81.290588, 28.715786 ], [ -81.291132, 28.715615 ], [ -81.291291, 28.715499 ], [ -81.29136, 28.715449 ], [ -81.291726, 28.715392 ], [ -81.292059, 28.715442 ], [ -81.292206, 28.715418 ], [ -81.292382, 28.715389 ], [ -81.292493, 28.715306 ], [ -81.292644, 28.715074 ], [ -81.292797, 28.715008 ], [ -81.292907, 28.714999 ], [ -81.29301, 28.715017 ], [ -81.29316, 28.71509 ], [ -81.293215, 28.71515 ], [ -81.293317, 28.715186 ], [ -81.293526, 28.715177 ], [ -81.293626, 28.715215 ], [ -81.293685, 28.715395 ], [ -81.293725, 28.715642 ], [ -81.293751, 28.715767 ], [ -81.294179, 28.715813 ], [ -81.294614, 28.71586 ], [ -81.2957, 28.715971 ], [ -81.295948, 28.716001 ], [ -81.298098, 28.716222 ], [ -81.29857, 28.71626 ], [ -81.299607, 28.716345 ], [ -81.300205, 28.716414 ], [ -81.300844, 28.716442 ], [ -81.30128, 28.716617 ], [ -81.301251, 28.719702 ], [ -81.301248, 28.719976 ], [ -81.29728, 28.719991 ], [ -81.297151, 28.720117 ], [ -81.297253, 28.721846 ], [ -81.303347, 28.721796 ], [ -81.303347, 28.723567 ], [ -81.305495, 28.723599 ], [ -81.305517, 28.725487 ], [ -81.306496, 28.725478 ], [ -81.306455, 28.728043 ], [ -81.306121, 28.728283 ], [ -81.304444, 28.729463 ], [ -81.303914, 28.729844 ], [ -81.303696, 28.729959 ], [ -81.303486, 28.730071 ], [ -81.303157, 28.730222 ], [ -81.303068, 28.730264 ], [ -81.302595, 28.730427 ], [ -81.301329, 28.730786 ], [ -81.30137, 28.730901 ], [ -81.301376, 28.731062 ], [ -81.301388, 28.731358 ], [ -81.301393, 28.731913 ], [ -81.301396, 28.732197 ], [ -81.301398, 28.732405 ], [ -81.301404, 28.73303 ], [ -81.301407, 28.733239 ], [ -81.301852, 28.733255 ], [ -81.30215, 28.733267 ], [ -81.302418, 28.733476 ], [ -81.302518, 28.733773 ], [ -81.302557, 28.734158 ], [ -81.302562, 28.734202 ], [ -81.302861, 28.734472 ], [ -81.30312, 28.734277 ], [ -81.303567, 28.733944 ], [ -81.30386, 28.733773 ], [ -81.303927, 28.733738 ], [ -81.304216, 28.733592 ], [ -81.304073, 28.733211 ], [ -81.30406, 28.733174 ], [ -81.304088, 28.731995 ], [ -81.304098, 28.731589 ], [ -81.304086, 28.731408 ], [ -81.304091, 28.731209 ], [ -81.304122, 28.731122 ], [ -81.304153, 28.731089 ], [ -81.304225, 28.731082 ], [ -81.304541, 28.731085 ], [ -81.30458, 28.731096 ], [ -81.304723, 28.731166 ], [ -81.304784, 28.731188 ], [ -81.304845, 28.731193 ], [ -81.304893, 28.731188 ], [ -81.305042, 28.731139 ], [ -81.305396, 28.731143 ], [ -81.305394, 28.731505 ], [ -81.305413, 28.731966 ], [ -81.305419, 28.732233 ], [ -81.305427, 28.732618 ], [ -81.305432, 28.732706 ], [ -81.305437, 28.732802 ], [ -81.305453, 28.733093 ], [ -81.305459, 28.73319 ], [ -81.305883, 28.733088 ], [ -81.306838, 28.73286 ], [ -81.307323, 28.732899 ], [ -81.307556, 28.732947 ], [ -81.307466, 28.733041 ], [ -81.307179, 28.733337 ], [ -81.307084, 28.733436 ], [ -81.306919, 28.733606 ], [ -81.306645, 28.733889 ], [ -81.306426, 28.734118 ], [ -81.306314, 28.734236 ], [ -81.306262, 28.734289 ], [ -81.306087, 28.734468 ], [ -81.305564, 28.735008 ], [ -81.30539, 28.735188 ], [ -81.304662, 28.735938 ], [ -81.302478, 28.738188 ], [ -81.30175, 28.738938 ], [ -81.301412, 28.739285 ], [ -81.300401, 28.740328 ], [ -81.30027, 28.740464 ], [ -81.300065, 28.740676 ], [ -81.300026, 28.740715 ], [ -81.299912, 28.740833 ], [ -81.299874, 28.740873 ], [ -81.299819, 28.740928 ], [ -81.299726, 28.741025 ], [ -81.299657, 28.741097 ], [ -81.299603, 28.741153 ], [ -81.299489, 28.741271 ], [ -81.299147, 28.741625 ], [ -81.299112, 28.741662 ], [ -81.299245, 28.741812 ], [ -81.299331, 28.741907 ], [ -81.301491, 28.741878 ], [ -81.301491, 28.741813 ], [ -81.302796, 28.741804 ], [ -81.305522, 28.741799 ], [ -81.305522, 28.741875 ], [ -81.305524, 28.742452 ], [ -81.305338, 28.744422 ], [ -81.305235, 28.744832 ], [ -81.304283, 28.744834 ], [ -81.304267, 28.744735 ], [ -81.304234, 28.744653 ], [ -81.302073, 28.744604 ], [ -81.301543, 28.744558 ], [ -81.301529, 28.745166 ], [ -81.301512, 28.74602 ], [ -81.301555, 28.746155 ], [ -81.301495, 28.746986 ], [ -81.301451, 28.747593 ], [ -81.300959, 28.748118 ], [ -81.300948, 28.74813 ], [ -81.300805, 28.748296 ], [ -81.300709, 28.748575 ], [ -81.300657, 28.749452 ], [ -81.300821, 28.750246 ], [ -81.300971, 28.750965 ], [ -81.301009, 28.752025 ], [ -81.301027, 28.752521 ], [ -81.301005, 28.752731 ], [ -81.300923, 28.752915 ], [ -81.300898, 28.753046 ], [ -81.300812, 28.753101 ], [ -81.300727, 28.753208 ], [ -81.300612, 28.753289 ], [ -81.300438, 28.753374 ], [ -81.300324, 28.753456 ], [ -81.299947, 28.753625 ], [ -81.299603, 28.753897 ], [ -81.299205, 28.754327 ], [ -81.299092, 28.754461 ], [ -81.299066, 28.754565 ], [ -81.299094, 28.755336 ], [ -81.299092, 28.75549 ], [ -81.299092, 28.755506 ], [ -81.299762, 28.755507 ], [ -81.299996, 28.755717 ], [ -81.299995, 28.756085 ], [ -81.300417, 28.756084 ], [ -81.300417, 28.756461 ], [ -81.300634, 28.75646 ], [ -81.30084, 28.756458 ], [ -81.301461, 28.756453 ], [ -81.301526, 28.756453 ], [ -81.301668, 28.756452 ], [ -81.301754, 28.756451 ], [ -81.30206, 28.756448 ], [ -81.303239, 28.756437 ], [ -81.303633, 28.756434 ], [ -81.303972, 28.756436 ], [ -81.305329, 28.756416 ], [ -81.3058, 28.756416 ], [ -81.311588, 28.756369 ], [ -81.313409, 28.756333 ], [ -81.313914, 28.756323 ], [ -81.313916, 28.759948 ], [ -81.313916, 28.760796 ] ] ], [ [ [ -81.322265, 28.785965 ], [ -81.322269, 28.786216 ], [ -81.322275, 28.786505 ], [ -81.321945, 28.786505 ], [ -81.320955, 28.786508 ], [ -81.320626, 28.78651 ], [ -81.319402, 28.786516 ], [ -81.318134, 28.786516 ], [ -81.318116, 28.786514 ], [ -81.318059, 28.786516 ], [ -81.317259, 28.786516 ], [ -81.317128, 28.786516 ], [ -81.316981, 28.78652 ], [ -81.316543, 28.786533 ], [ -81.316397, 28.786538 ], [ -81.316284, 28.786539 ], [ -81.315947, 28.786546 ], [ -81.315835, 28.786549 ], [ -81.315098, 28.786536 ], [ -81.314936, 28.786533 ], [ -81.31478, 28.786549 ], [ -81.314467, 28.78656 ], [ -81.31353, 28.786566 ], [ -81.313446, 28.786566 ], [ -81.313365, 28.786566 ], [ -81.313263, 28.786566 ], [ -81.313104, 28.786566 ], [ -81.312955, 28.786566 ], [ -81.312902, 28.786566 ], [ -81.312743, 28.786566 ], [ -81.312691, 28.786566 ], [ -81.312616, 28.786566 ], [ -81.312604, 28.786566 ], [ -81.312393, 28.786566 ], [ -81.312319, 28.786566 ], [ -81.312161, 28.786566 ], [ -81.311913, 28.786566 ], [ -81.311688, 28.78656 ], [ -81.311623, 28.786559 ], [ -81.311531, 28.786557 ], [ -81.311454, 28.786555 ], [ -81.311226, 28.786563 ], [ -81.311151, 28.786566 ], [ -81.311133, 28.786566 ], [ -81.31108, 28.786566 ], [ -81.311063, 28.786567 ], [ -81.310867, 28.786569 ], [ -81.31082, 28.786569 ], [ -81.310238, 28.786577 ], [ -81.310093, 28.786579 ], [ -81.309851, 28.786582 ], [ -81.309696, 28.786583 ], [ -81.309327, 28.786588 ], [ -81.309231, 28.786579 ], [ -81.309077, 28.786566 ], [ -81.3089, 28.786561 ], [ -81.308371, 28.786547 ], [ -81.308221, 28.786544 ], [ -81.308196, 28.786538 ], [ -81.307988, 28.786528 ], [ -81.307367, 28.786498 ], [ -81.30716, 28.786489 ], [ -81.306868, 28.786474 ], [ -81.306485, 28.786456 ], [ -81.306154, 28.786456 ], [ -81.305995, 28.786453 ], [ -81.305704, 28.78645 ], [ -81.305695, 28.786207 ], [ -81.305673, 28.785603 ], [ -81.305643, 28.785388 ], [ -81.305768, 28.785382 ], [ -81.306543, 28.785391 ], [ -81.306731, 28.784992 ], [ -81.307347, 28.784415 ], [ -81.307745, 28.784237 ], [ -81.308268, 28.784243 ], [ -81.30864, 28.784371 ], [ -81.309306, 28.783326 ], [ -81.309873, 28.782419 ], [ -81.309869, 28.781844 ], [ -81.309221, 28.781852 ], [ -81.309212, 28.780947 ], [ -81.309169, 28.780945 ], [ -81.309146, 28.780944 ], [ -81.30914, 28.780864 ], [ -81.309142, 28.780838 ], [ -81.309122, 28.780814 ], [ -81.309103, 28.780804 ], [ -81.309059, 28.780799 ], [ -81.309039, 28.780803 ], [ -81.308984, 28.780832 ], [ -81.30894, 28.780843 ], [ -81.30884, 28.780844 ], [ -81.30874, 28.780827 ], [ -81.308671, 28.780784 ], [ -81.308481, 28.780641 ], [ -81.3084, 28.780526 ], [ -81.308305, 28.780195 ], [ -81.308281, 28.779845 ], [ -81.30827, 28.779682 ], [ -81.308307, 28.779428 ], [ -81.308356, 28.779157 ], [ -81.308417, 28.778975 ], [ -81.308497, 28.778837 ], [ -81.308697, 28.778549 ], [ -81.30869, 28.778422 ], [ -81.308664, 28.778354 ], [ -81.308634, 28.778274 ], [ -81.308534, 28.778076 ], [ -81.308472, 28.777993 ], [ -81.308434, 28.777955 ], [ -81.308272, 28.777883 ], [ -81.308197, 28.777844 ], [ -81.308128, 28.777778 ], [ -81.308121, 28.777761 ], [ -81.308097, 28.77774 ], [ -81.308077, 28.777734 ], [ -81.308047, 28.777734 ], [ -81.308028, 28.777745 ], [ -81.307991, 28.777756 ], [ -81.307959, 28.777751 ], [ -81.307941, 28.777734 ], [ -81.307928, 28.777696 ], [ -81.307991, 28.777652 ], [ -81.308003, 28.777619 ], [ -81.307972, 28.777531 ], [ -81.30786, 28.7773 ], [ -81.307797, 28.777206 ], [ -81.307697, 28.777096 ], [ -81.307597, 28.777003 ], [ -81.307447, 28.776887 ], [ -81.307141, 28.776694 ], [ -81.306835, 28.776507 ], [ -81.306729, 28.776419 ], [ -81.306629, 28.776315 ], [ -81.30656, 28.776237 ], [ -81.306523, 28.776194 ], [ -81.306486, 28.776139 ], [ -81.306479, 28.776056 ], [ -81.306504, 28.775913 ], [ -81.306561, 28.775831 ], [ -81.306598, 28.775787 ], [ -81.306754, 28.775643 ], [ -81.306842, 28.775539 ], [ -81.306917, 28.775467 ], [ -81.306985, 28.775275 ], [ -81.30701, 28.775121 ], [ -81.307092, 28.774961 ], [ -81.307065, 28.774856 ], [ -81.307878, 28.774291 ], [ -81.307907, 28.774583 ], [ -81.308802, 28.774451 ], [ -81.308848, 28.774138 ], [ -81.308815, 28.773614 ], [ -81.308948, 28.772704 ], [ -81.311095, 28.772719 ], [ -81.311635, 28.773106 ], [ -81.311723, 28.773147 ], [ -81.311547, 28.773219 ], [ -81.311358, 28.773282 ], [ -81.311086, 28.773372 ], [ -81.310821, 28.773442 ], [ -81.310555, 28.773554 ], [ -81.3105, 28.7737 ], [ -81.310535, 28.773938 ], [ -81.310618, 28.774154 ], [ -81.31087, 28.77437 ], [ -81.311086, 28.774342 ], [ -81.311372, 28.774314 ], [ -81.31156, 28.774259 ], [ -81.311732, 28.774204 ], [ -81.312135, 28.774191 ], [ -81.31239, 28.774551 ], [ -81.312349, 28.774705 ], [ -81.312363, 28.775082 ], [ -81.312412, 28.775201 ], [ -81.312621, 28.775333 ], [ -81.312984, 28.775396 ], [ -81.313274, 28.775407 ], [ -81.31381, 28.775651 ], [ -81.313872, 28.776045 ], [ -81.313851, 28.776436 ], [ -81.313648, 28.776878 ], [ -81.313468, 28.776987 ], [ -81.313265, 28.777057 ], [ -81.313028, 28.777148 ], [ -81.312811, 28.77735 ], [ -81.312609, 28.777685 ], [ -81.312553, 28.777951 ], [ -81.312546, 28.778132 ], [ -81.312735, 28.778341 ], [ -81.312986, 28.778376 ], [ -81.313258, 28.778334 ], [ -81.31353, 28.778195 ], [ -81.313733, 28.777818 ], [ -81.31381, 28.777364 ], [ -81.313896, 28.777135 ], [ -81.313952, 28.777129 ], [ -81.313999, 28.777127 ], [ -81.314078, 28.777151 ], [ -81.314165, 28.777207 ], [ -81.314247, 28.777286 ], [ -81.314291, 28.777329 ], [ -81.31435, 28.777497 ], [ -81.314354, 28.77772 ], [ -81.314315, 28.777956 ], [ -81.314218, 28.778163 ], [ -81.314134, 28.778293 ], [ -81.314151, 28.77831 ], [ -81.314249, 28.778321 ], [ -81.314473, 28.77831 ], [ -81.314588, 28.778279 ], [ -81.314657, 28.778212 ], [ -81.31471, 28.778108 ], [ -81.314734, 28.777877 ], [ -81.314759, 28.777612 ], [ -81.31478, 28.777309 ], [ -81.314761, 28.777269 ], [ -81.314741, 28.777225 ], [ -81.314542, 28.77711 ], [ -81.314291, 28.776988 ], [ -81.314274, 28.77698 ], [ -81.314214, 28.77689 ], [ -81.314128, 28.776738 ], [ -81.313932, 28.77607 ], [ -81.313905, 28.77566 ], [ -81.314024, 28.775638 ], [ -81.314067, 28.775644 ], [ -81.314192, 28.775682 ], [ -81.314305, 28.775726 ], [ -81.314486, 28.775737 ], [ -81.314611, 28.775699 ], [ -81.314729, 28.775572 ], [ -81.314829, 28.775445 ], [ -81.314879, 28.775314 ], [ -81.314885, 28.775256 ], [ -81.314913, 28.775254 ], [ -81.315591, 28.775264 ], [ -81.316072, 28.775267 ], [ -81.317515, 28.775276 ], [ -81.317996, 28.77528 ], [ -81.317995, 28.775145 ], [ -81.317992, 28.774819 ], [ -81.319803, 28.774804 ], [ -81.319823, 28.774899 ], [ -81.319826, 28.775618 ], [ -81.320118, 28.775625 ], [ -81.320125, 28.777433 ], [ -81.320588, 28.777433 ], [ -81.320946, 28.776262 ], [ -81.320973, 28.776243 ], [ -81.321537, 28.775913 ], [ -81.322071, 28.775911 ], [ -81.322211, 28.775927 ], [ -81.322214, 28.776086 ], [ -81.322236, 28.777415 ], [ -81.322235, 28.777878 ], [ -81.322234, 28.778476 ], [ -81.322157, 28.778782 ], [ -81.322173, 28.784865 ], [ -81.322206, 28.785151 ], [ -81.322307, 28.785351 ], [ -81.322265, 28.785965 ] ] ] ] } },
{ "type": "Feature", "properties": { "ZCTA5CE20": "32746", "GEOID20": "32746", "GEOIDFQ20": "860Z200US32746", "CLASSFP20": "B5", "MTFCC20": "G6350", "FUNCSTAT20": "S", "ALAND20": 54560473, "AWATER20": 3926766, "INTPTLAT20": "+28.7714464", "INTPTLON20": "-081.3530342" }, "geometry": { "type": "MultiPolygon", "coordinates": [ [ [ [ -81.416587, 28.756598 ], [ -81.416575, 28.756669 ], [ -81.416559, 28.756712 ], [ -81.416556, 28.756757 ], [ -81.416497, 28.75708 ], [ -81.416343, 28.757671 ], [ -81.416264, 28.757913 ], [ -81.416265, 28.758163 ], [ -81.416328, 28.75841 ], [ -81.416315, 28.758469 ], [ -81.416308, 28.758502 ], [ -81.416294, 28.758551 ], [ -81.416262, 28.75862 ], [ -81.416201, 28.758708 ], [ -81.416181, 28.758843 ], [ -81.416177, 28.758872 ], [ -81.416157, 28.758917 ], [ -81.416136, 28.758957 ], [ -81.416105, 28.759004 ], [ -81.416035, 28.759088 ], [ -81.416002, 28.759112 ], [ -81.415995, 28.75912 ], [ -81.41596, 28.75919 ], [ -81.415921, 28.759264 ], [ -81.415897, 28.759304 ], [ -81.415814, 28.759402 ], [ -81.415789, 28.759432 ], [ -81.415777, 28.759463 ], [ -81.415744, 28.759584 ], [ -81.415711, 28.759677 ], [ -81.415671, 28.759748 ], [ -81.415667, 28.759807 ], [ -81.415665, 28.759846 ], [ -81.415657, 28.759916 ], [ -81.415658, 28.760015 ], [ -81.415663, 28.760147 ], [ -81.415665, 28.760219 ], [ -81.415674, 28.760343 ], [ -81.415675, 28.760421 ], [ -81.415675, 28.760649 ], [ -81.415668, 28.760702 ], [ -81.415662, 28.76072 ], [ -81.415655, 28.760742 ], [ -81.415641, 28.760773 ], [ -81.415629, 28.760799 ], [ -81.415606, 28.760832 ], [ -81.415585, 28.760863 ], [ -81.415569, 28.760891 ], [ -81.415523, 28.76097 ], [ -81.415516, 28.760988 ], [ -81.415506, 28.761011 ], [ -81.415466, 28.761754 ], [ -81.415471, 28.7619 ], [ -81.41548, 28.761966 ], [ -81.415543, 28.762175 ], [ -81.415544, 28.762219 ], [ -81.415539, 28.762311 ], [ -81.41553, 28.762333 ], [ -81.415508, 28.762361 ], [ -81.415478, 28.762401 ], [ -81.415441, 28.76245 ], [ -81.415402, 28.762558 ], [ -81.415388, 28.7626 ], [ -81.415382, 28.762637 ], [ -81.415336, 28.762922 ], [ -81.41533, 28.762961 ], [ -81.415305, 28.763225 ], [ -81.4153, 28.76327 ], [ -81.41529, 28.763295 ], [ -81.415264, 28.763339 ], [ -81.41524, 28.763391 ], [ -81.415231, 28.763411 ], [ -81.415228, 28.76342 ], [ -81.415214, 28.763475 ], [ -81.415209, 28.763522 ], [ -81.415211, 28.763571 ], [ -81.415215, 28.763672 ], [ -81.415237, 28.763769 ], [ -81.415266, 28.76385 ], [ -81.415289, 28.763895 ], [ -81.415308, 28.763928 ], [ -81.415325, 28.763948 ], [ -81.415534, 28.764159 ], [ -81.415714, 28.76434 ], [ -81.415834, 28.764468 ], [ -81.415844, 28.764525 ], [ -81.415846, 28.764568 ], [ -81.415847, 28.764638 ], [ -81.415845, 28.764683 ], [ -81.415838, 28.764745 ], [ -81.415807, 28.764852 ], [ -81.41568, 28.765344 ], [ -81.415614, 28.765599 ], [ -81.41561, 28.765636 ], [ -81.415613, 28.76579 ], [ -81.415645, 28.765913 ], [ -81.415664, 28.765999 ], [ -81.415669, 28.766078 ], [ -81.415667, 28.766146 ], [ -81.415659, 28.766202 ], [ -81.415656, 28.766211 ], [ -81.415632, 28.766299 ], [ -81.415629, 28.766324 ], [ -81.415629, 28.76638 ], [ -81.415639, 28.766502 ], [ -81.415752, 28.766763 ], [ -81.415868, 28.766963 ], [ -81.41588, 28.766984 ], [ -81.415954, 28.767112 ], [ -81.415973, 28.76714 ], [ -81.416013, 28.767251 ], [ -81.416027, 28.767289 ], [ -81.416058, 28.767339 ], [ -81.41609, 28.767382 ], [ -81.416108, 28.767409 ], [ -81.416135, 28.767458 ], [ -81.41615, 28.767502 ], [ -81.41616, 28.767688 ], [ -81.416169, 28.768022 ], [ -81.416176, 28.768553 ], [ -81.416191, 28.768636 ], [ -81.416226, 28.768846 ], [ -81.416231, 28.769081 ], [ -81.416299, 28.769275 ], [ -81.416363, 28.769432 ], [ -81.416365, 28.769463 ], [ -81.41637, 28.769519 ], [ -81.416092, 28.77055 ], [ -81.415841, 28.771057 ], [ -81.415815, 28.771455 ], [ -81.415803, 28.771698 ], [ -81.415763, 28.772047 ], [ -81.415692, 28.772213 ], [ -81.415629, 28.772404 ], [ -81.415616, 28.772504 ], [ -81.415597, 28.772807 ], [ -81.415659, 28.772949 ], [ -81.415796, 28.773129 ], [ -81.415835, 28.773384 ], [ -81.415668, 28.773822 ], [ -81.415425, 28.773973 ], [ -81.415394, 28.773999 ], [ -81.415363, 28.774025 ], [ -81.41535, 28.774036 ], [ -81.415253, 28.774143 ], [ -81.415057, 28.774348 ], [ -81.415011, 28.774416 ], [ -81.414961, 28.77449 ], [ -81.414941, 28.774529 ], [ -81.414896, 28.77463 ], [ -81.414887, 28.774656 ], [ -81.414882, 28.774679 ], [ -81.414869, 28.77478 ], [ -81.414855, 28.774868 ], [ -81.414852, 28.774908 ], [ -81.41487, 28.77519 ], [ -81.414879, 28.775249 ], [ -81.414895, 28.775353 ], [ -81.414892, 28.775395 ], [ -81.414883, 28.775492 ], [ -81.414863, 28.775622 ], [ -81.414871, 28.775683 ], [ -81.414878, 28.775701 ], [ -81.414887, 28.775723 ], [ -81.4149, 28.775757 ], [ -81.41491, 28.775785 ], [ -81.41492, 28.776169 ], [ -81.414915, 28.77621 ], [ -81.414889, 28.77626 ], [ -81.414888, 28.77631 ], [ -81.41488, 28.776325 ], [ -81.41483, 28.776427 ], [ -81.414796, 28.776495 ], [ -81.414774, 28.77654 ], [ -81.41476, 28.776581 ], [ -81.414751, 28.77662 ], [ -81.414742, 28.776634 ], [ -81.414685, 28.776804 ], [ -81.414688, 28.777039 ], [ -81.414751, 28.777269 ], [ -81.414773, 28.777353 ], [ -81.414794, 28.777511 ], [ -81.414901, 28.777889 ], [ -81.414948, 28.778022 ], [ -81.415013, 28.778116 ], [ -81.415019, 28.778124 ], [ -81.415045, 28.77816 ], [ -81.415054, 28.778168 ], [ -81.41509, 28.778193 ], [ -81.415125, 28.778224 ], [ -81.415139, 28.778242 ], [ -81.415188, 28.778304 ], [ -81.415205, 28.778341 ], [ -81.415238, 28.778371 ], [ -81.415302, 28.778474 ], [ -81.41533, 28.778529 ], [ -81.415336, 28.778547 ], [ -81.415345, 28.778581 ], [ -81.41536, 28.778739 ], [ -81.41536, 28.77894 ], [ -81.415355, 28.779017 ], [ -81.415308, 28.779184 ], [ -81.415226, 28.779404 ], [ -81.415204, 28.779557 ], [ -81.415198, 28.779607 ], [ -81.415175, 28.779691 ], [ -81.415148, 28.779793 ], [ -81.415129, 28.779954 ], [ -81.415134, 28.780259 ], [ -81.415142, 28.780272 ], [ -81.4152, 28.780341 ], [ -81.41529, 28.780434 ], [ -81.415355, 28.780519 ], [ -81.4154, 28.780601 ], [ -81.415446, 28.780693 ], [ -81.415461, 28.780735 ], [ -81.415476, 28.780812 ], [ -81.41549, 28.780886 ], [ -81.415497, 28.780937 ], [ -81.415502, 28.781172 ], [ -81.415509, 28.781732 ], [ -81.415531, 28.782051 ], [ -81.415534, 28.782233 ], [ -81.415553, 28.78231 ], [ -81.415561, 28.782376 ], [ -81.415577, 28.782431 ], [ -81.415577, 28.782483 ], [ -81.41557, 28.782531 ], [ -81.415526, 28.782664 ], [ -81.41537, 28.782905 ], [ -81.415327, 28.783006 ], [ -81.415291, 28.783225 ], [ -81.415262, 28.783443 ], [ -81.415248, 28.783624 ], [ -81.415242, 28.783828 ], [ -81.415248, 28.78407 ], [ -81.415229, 28.784229 ], [ -81.415198, 28.784328 ], [ -81.415167, 28.784407 ], [ -81.415132, 28.784482 ], [ -81.415088, 28.78455 ], [ -81.415033, 28.78462 ], [ -81.414679, 28.78482 ], [ -81.414602, 28.784846 ], [ -81.414478, 28.784906 ], [ -81.414446, 28.784955 ], [ -81.414418, 28.785041 ], [ -81.414414, 28.785067 ], [ -81.414412, 28.785102 ], [ -81.414417, 28.785124 ], [ -81.414424, 28.785148 ], [ -81.414439, 28.785186 ], [ -81.414444, 28.7852 ], [ -81.41445, 28.785212 ], [ -81.414456, 28.785226 ], [ -81.414462, 28.785239 ], [ -81.414467, 28.785254 ], [ -81.414474, 28.785268 ], [ -81.414482, 28.785282 ], [ -81.414487, 28.785294 ], [ -81.414492, 28.785305 ], [ -81.414569, 28.785564 ], [ -81.414663, 28.785564 ], [ -81.414682, 28.785564 ], [ -81.414688, 28.785584 ], [ -81.414752, 28.785778 ], [ -81.414821, 28.785839 ], [ -81.414842, 28.785838 ], [ -81.414919, 28.785837 ], [ -81.41504, 28.785825 ], [ -81.415049, 28.785838 ], [ -81.415064, 28.78586 ], [ -81.415076, 28.785878 ], [ -81.415086, 28.785892 ], [ -81.415275, 28.78588 ], [ -81.415345, 28.785882 ], [ -81.415529, 28.78589 ], [ -81.415681, 28.785966 ], [ -81.415716, 28.786022 ], [ -81.415709, 28.786138 ], [ -81.415515, 28.786288 ], [ -81.415444, 28.786344 ], [ -81.415352, 28.786487 ], [ -81.41536, 28.786513 ], [ -81.41537, 28.786541 ], [ -81.415373, 28.786594 ], [ -81.415376, 28.786622 ], [ -81.415359, 28.78675 ], [ -81.415335, 28.786806 ], [ -81.415142, 28.787279 ], [ -81.41516, 28.787336 ], [ -81.41522, 28.787518 ], [ -81.415208, 28.787538 ], [ -81.415175, 28.7876 ], [ -81.415165, 28.787621 ], [ -81.415085, 28.78777 ], [ -81.414847, 28.788219 ], [ -81.414786, 28.788335 ], [ -81.414769, 28.78837 ], [ -81.414691, 28.788524 ], [ -81.414576, 28.788757 ], [ -81.41446, 28.788989 ], [ -81.414383, 28.789144 ], [ -81.414242, 28.789384 ], [ -81.414009, 28.789783 ], [ -81.413981, 28.790044 ], [ -81.413951, 28.790152 ], [ -81.413878, 28.790422 ], [ -81.413858, 28.790518 ], [ -81.413828, 28.790664 ], [ -81.413798, 28.790808 ], [ -81.413778, 28.790905 ], [ -81.413762, 28.790985 ], [ -81.413725, 28.791215 ], [ -81.413683, 28.791488 ], [ -81.413638, 28.791839 ], [ -81.41369, 28.79215 ], [ -81.413742, 28.792461 ], [ -81.413745, 28.792489 ], [ -81.413757, 28.792575 ], [ -81.413762, 28.792604 ], [ -81.413673, 28.792603 ], [ -81.413645, 28.792602 ], [ -81.413584, 28.792602 ], [ -81.41338, 28.7926 ], [ -81.413294, 28.792599 ], [ -81.413177, 28.792598 ], [ -81.411665, 28.792668 ], [ -81.407131, 28.79288 ], [ -81.40562, 28.792952 ], [ -81.405607, 28.792816 ], [ -81.405582, 28.792736 ], [ -81.405489, 28.792696 ], [ -81.405297, 28.792649 ], [ -81.405031, 28.792612 ], [ -81.400423, 28.792635 ], [ -81.397505, 28.792651 ], [ -81.39696, 28.792642 ], [ -81.394772, 28.792607 ], [ -81.394092, 28.792652 ], [ -81.393781, 28.792647 ], [ -81.393489, 28.79266 ], [ -81.393287, 28.792619 ], [ -81.391857, 28.792361 ], [ -81.391078, 28.792165 ], [ -81.390316, 28.792038 ], [ -81.389992, 28.791994 ], [ -81.389342, 28.791906 ], [ -81.389023, 28.791867 ], [ -81.38793, 28.791713 ], [ -81.387499, 28.791663 ], [ -81.38715, 28.791602 ], [ -81.386726, 28.791552 ], [ -81.386625, 28.791547 ], [ -81.3865, 28.791547 ], [ -81.3862, 28.791564 ], [ -81.385876, 28.791602 ], [ -81.385635, 28.791648 ], [ -81.385519, 28.79167 ], [ -81.385476, 28.791679 ], [ -81.385186, 28.791786 ], [ -81.385076, 28.791827 ], [ -81.384857, 28.791948 ], [ -81.384507, 28.792124 ], [ -81.384357, 28.792212 ], [ -81.38402, 28.792366 ], [ -81.38387, 28.792443 ], [ -81.383847, 28.792452 ], [ -81.383589, 28.792558 ], [ -81.383445, 28.792624 ], [ -81.383258, 28.792696 ], [ -81.38307, 28.792751 ], [ -81.382927, 28.792789 ], [ -81.382671, 28.792833 ], [ -81.382296, 28.792916 ], [ -81.381927, 28.79297 ], [ -81.381571, 28.793003 ], [ -81.381334, 28.793031 ], [ -81.380622, 28.79308 ], [ -81.379797, 28.793161 ], [ -81.37896, 28.793244 ], [ -81.378426, 28.793301 ], [ -81.378142, 28.793332 ], [ -81.37808, 28.793335 ], [ -81.377039, 28.793389 ], [ -81.376693, 28.793408 ], [ -81.376593, 28.793397 ], [ -81.37638, 28.793353 ], [ -81.375, 28.792934 ], [ -81.374737, 28.792895 ], [ -81.3742, 28.792835 ], [ -81.373989, 28.792836 ], [ -81.373352, 28.79284 ], [ -81.373119, 28.792842 ], [ -81.372445, 28.792847 ], [ -81.370796, 28.792853 ], [ -81.369347, 28.792865 ], [ -81.368654, 28.792871 ], [ -81.366699, 28.792888 ], [ -81.366505, 28.792871 ], [ -81.365861, 28.792696 ], [ -81.365712, 28.792679 ], [ -81.365683, 28.792678 ], [ -81.364194, 28.792658 ], [ -81.362907, 28.792653 ], [ -81.362907, 28.792921 ], [ -81.362907, 28.793648 ], [ -81.358161, 28.793653 ], [ -81.358171, 28.79312 ], [ -81.356957, 28.792154 ], [ -81.356725, 28.792427 ], [ -81.35659, 28.792531 ], [ -81.356564, 28.792573 ], [ -81.356027, 28.793059 ], [ -81.355407, 28.793621 ], [ -81.35492, 28.794307 ], [ -81.35463, 28.79488 ], [ -81.354491, 28.795157 ], [ -81.354403, 28.795482 ], [ -81.353374, 28.79555 ], [ -81.352901, 28.795556 ], [ -81.352546, 28.795536 ], [ -81.3521, 28.795497 ], [ -81.351758, 28.795438 ], [ -81.351489, 28.795418 ], [ -81.351193, 28.795392 ], [ -81.350878, 28.795392 ], [ -81.35051, 28.795458 ], [ -81.349964, 28.795582 ], [ -81.349609, 28.795673 ], [ -81.349685, 28.795628 ], [ -81.350001, 28.795269 ], [ -81.350166, 28.794853 ], [ -81.350195, 28.794444 ], [ -81.350159, 28.794114 ], [ -81.349994, 28.793769 ], [ -81.349025, 28.792298 ], [ -81.348831, 28.791932 ], [ -81.348649, 28.791368 ], [ -81.348608, 28.79102 ], [ -81.348601, 28.79077 ], [ -81.348609, 28.790374 ], [ -81.349332, 28.788992 ], [ -81.349626, 28.788431 ], [ -81.349866, 28.787947 ], [ -81.350022, 28.787632 ], [ -81.35049, 28.786689 ], [ -81.350519, 28.786632 ], [ -81.350606, 28.786445 ], [ -81.350643, 28.786373 ], [ -81.350514, 28.78637 ], [ -81.350331, 28.786368 ], [ -81.35013, 28.786363 ], [ -81.350037, 28.786362 ], [ -81.350003, 28.786361 ], [ -81.349619, 28.786346 ], [ -81.348895, 28.786346 ], [ -81.347449, 28.786347 ], [ -81.347296, 28.786347 ], [ -81.347152, 28.786347 ], [ -81.346855, 28.786352 ], [ -81.346352, 28.786363 ], [ -81.345966, 28.786354 ], [ -81.345834, 28.786352 ], [ -81.345672, 28.78633 ], [ -81.345528, 28.786308 ], [ -81.34522, 28.786193 ], [ -81.345191, 28.786182 ], [ -81.344891, 28.786034 ], [ -81.344385, 28.785737 ], [ -81.344197, 28.78566 ], [ -81.343951, 28.785559 ], [ -81.343941, 28.785555 ], [ -81.34371, 28.785522 ], [ -81.343523, 28.7855 ], [ -81.343482, 28.785501 ], [ -81.343104, 28.785506 ], [ -81.342893, 28.785539 ], [ -81.342755, 28.785561 ], [ -81.342249, 28.785688 ], [ -81.341699, 28.785842 ], [ -81.341523, 28.785892 ], [ -81.341177, 28.785989 ], [ -81.341131, 28.786002 ], [ -81.340902, 28.786067 ], [ -81.340608, 28.786151 ], [ -81.340578, 28.786159 ], [ -81.34052, 28.786176 ], [ -81.340432, 28.786201 ], [ -81.339838, 28.78637 ], [ -81.33952, 28.786429 ], [ -81.339388, 28.786453 ], [ -81.339261, 28.786456 ], [ -81.339182, 28.786458 ], [ -81.33848, 28.786462 ], [ -81.338288, 28.786463 ], [ -81.33822, 28.786464 ], [ -81.337762, 28.786464 ], [ -81.337077, 28.786464 ], [ -81.336388, 28.786464 ], [ -81.336153, 28.786465 ], [ -81.335931, 28.786464 ], [ -81.335579, 28.786462 ], [ -81.334891, 28.786459 ], [ -81.334526, 28.786459 ], [ -81.334175, 28.786459 ], [ -81.333881, 28.786459 ], [ -81.332998, 28.786459 ], [ -81.332705, 28.78646 ], [ -81.331914, 28.786467 ], [ -81.331475, 28.786471 ], [ -81.329542, 28.786471 ], [ -81.328752, 28.786471 ], [ -81.328694, 28.786471 ], [ -81.328498, 28.786471 ], [ -81.328177, 28.786471 ], [ -81.326953, 28.786477 ], [ -81.326835, 28.786477 ], [ -81.326728, 28.786477 ], [ -81.326524, 28.786478 ], [ -81.325594, 28.78648 ], [ -81.32541, 28.786481 ], [ -81.325284, 28.786482 ], [ -81.325191, 28.786482 ], [ -81.325169, 28.786482 ], [ -81.324915, 28.786482 ], [ -81.324823, 28.786483 ], [ -81.324542, 28.786485 ], [ -81.323698, 28.786491 ], [ -81.323418, 28.786494 ], [ -81.323189, 28.786496 ], [ -81.322503, 28.786502 ], [ -81.322275, 28.786505 ], [ -81.322269, 28.786216 ], [ -81.322265, 28.785965 ], [ -81.322307, 28.785351 ], [ -81.322206, 28.785151 ], [ -81.322173, 28.784865 ], [ -81.322157, 28.778782 ], [ -81.322234, 28.778476 ], [ -81.322235, 28.777878 ], [ -81.322236, 28.777415 ], [ -81.322214, 28.776086 ], [ -81.322211, 28.775927 ], [ -81.322071, 28.775911 ], [ -81.321537, 28.775913 ], [ -81.320973, 28.776243 ], [ -81.320946, 28.776262 ], [ -81.320588, 28.777433 ], [ -81.320125, 28.777433 ], [ -81.320118, 28.775625 ], [ -81.319826, 28.775618 ], [ -81.319823, 28.774899 ], [ -81.319803, 28.774804 ], [ -81.317992, 28.774819 ], [ -81.317995, 28.775145 ], [ -81.317996, 28.77528 ], [ -81.317515, 28.775276 ], [ -81.316072, 28.775267 ], [ -81.315591, 28.775264 ], [ -81.314913, 28.775254 ], [ -81.314885, 28.775256 ], [ -81.314879, 28.775314 ], [ -81.314829, 28.775445 ], [ -81.314729, 28.775572 ], [ -81.314611, 28.775699 ], [ -81.314486, 28.775737 ], [ -81.314305, 28.775726 ], [ -81.314192, 28.775682 ], [ -81.314067, 28.775644 ], [ -81.314024, 28.775638 ], [ -81.313905, 28.77566 ], [ -81.313932, 28.77607 ], [ -81.314128, 28.776738 ], [ -81.314214, 28.77689 ], [ -81.314274, 28.77698 ], [ -81.314291, 28.776988 ], [ -81.314542, 28.77711 ], [ -81.314741, 28.777225 ], [ -81.314761, 28.777269 ], [ -81.31478, 28.777309 ], [ -81.314759, 28.777612 ], [ -81.314734, 28.777877 ], [ -81.31471, 28.778108 ], [ -81.314657, 28.778212 ], [ -81.314588, 28.778279 ], [ -81.314473, 28.77831 ], [ -81.314249, 28.778321 ], [ -81.314151, 28.77831 ], [ -81.314134, 28.778293 ], [ -81.314218, 28.778163 ], [ -81.314315, 28.777956 ], [ -81.314354, 28.77772 ], [ -81.31435, 28.777497 ], [ -81.314291, 28.777329 ], [ -81.314247, 28.777286 ], [ -81.314165, 28.777207 ], [ -81.314078, 28.777151 ], [ -81.313999, 28.777127 ], [ -81.313952, 28.777129 ], [ -81.313896, 28.777135 ], [ -81.31381, 28.777364 ], [ -81.313733, 28.777818 ], [ -81.31353, 28.778195 ], [ -81.313258, 28.778334 ], [ -81.312986, 28.778376 ], [ -81.312735, 28.778341 ], [ -81.312546, 28.778132 ], [ -81.312553, 28.777951 ], [ -81.312609, 28.777685 ], [ -81.312811, 28.77735 ], [ -81.313028, 28.777148 ], [ -81.313265, 28.777057 ], [ -81.313468, 28.776987 ], [ -81.313648, 28.776878 ], [ -81.313851, 28.776436 ], [ -81.313872, 28.776045 ], [ -81.31381, 28.775651 ], [ -81.313274, 28.775407 ], [ -81.312984, 28.775396 ], [ -81.312621, 28.775333 ], [ -81.312412, 28.775201 ], [ -81.312363, 28.775082 ], [ -81.312349, 28.774705 ], [ -81.31239, 28.774551 ], [ -81.312135, 28.774191 ], [ -81.311732, 28.774204 ], [ -81.31156, 28.774259 ], [ -81.311372, 28.774314 ], [ -81.311086, 28.774342 ], [ -81.31087, 28.77437 ], [ -81.310618, 28.774154 ], [ -81.310535, 28.773938 ], [ -81.3105, 28.7737 ], [ -81.310555, 28.773554 ], [ -81.310821, 28.773442 ], [ -81.311086, 28.773372 ], [ -81.311358, 28.773282 ], [ -81.311547, 28.773219 ], [ -81.311723, 28.773147 ], [ -81.311635, 28.773106 ], [ -81.311095, 28.772719 ], [ -81.308948, 28.772704 ], [ -81.308815, 28.773614 ], [ -81.308848, 28.774138 ], [ -81.308802, 28.774451 ], [ -81.307907, 28.774583 ], [ -81.307878, 28.774291 ], [ -81.307065, 28.774856 ], [ -81.307092, 28.774961 ], [ -81.30701, 28.775121 ], [ -81.306985, 28.775275 ], [ -81.306917, 28.775467 ], [ -81.306842, 28.775539 ], [ -81.306754, 28.775643 ], [ -81.306598, 28.775787 ], [ -81.306561, 28.775831 ], [ -81.306504, 28.775913 ], [ -81.306479, 28.776056 ], [ -81.306486, 28.776139 ], [ -81.306523, 28.776194 ], [ -81.30656, 28.776237 ], [ -81.306629, 28.776315 ], [ -81.306729, 28.776419 ], [ -81.306835, 28.776507 ], [ -81.307141, 28.776694 ], [ -81.307447, 28.776887 ], [ -81.307597, 28.777003 ], [ -81.307697, 28.777096 ], [ -81.307797, 28.777206 ], [ -81.30786, 28.7773 ], [ -81.307972, 28.777531 ], [ -81.308003, 28.777619 ], [ -81.307991, 28.777652 ], [ -81.307928, 28.777696 ], [ -81.307941, 28.777734 ], [ -81.307959, 28.777751 ], [ -81.307991, 28.777756 ], [ -81.308028, 28.777745 ], [ -81.308047, 28.777734 ], [ -81.308077, 28.777734 ], [ -81.308097, 28.77774 ], [ -81.308121, 28.777761 ], [ -81.308128, 28.777778 ], [ -81.308197, 28.777844 ], [ -81.308272, 28.777883 ], [ -81.308434, 28.777955 ], [ -81.308472, 28.777993 ], [ -81.308534, 28.778076 ], [ -81.308634, 28.778274 ], [ -81.308664, 28.778354 ], [ -81.30869, 28.778422 ], [ -81.308697, 28.778549 ], [ -81.308497, 28.778837 ], [ -81.308417, 28.778975 ], [ -81.308356, 28.779157 ], [ -81.308307, 28.779428 ], [ -81.30827, 28.779682 ], [ -81.308281, 28.779845 ], [ -81.308305, 28.780195 ], [ -81.3084, 28.780526 ], [ -81.308481, 28.780641 ], [ -81.308671, 28.780784 ], [ -81.30874, 28.780827 ], [ -81.30884, 28.780844 ], [ -81.30894, 28.780843 ], [ -81.308984, 28.780832 ], [ -81.309039, 28.780803 ], [ -81.309059, 28.780799 ], [ -81.309103, 28.780804 ], [ -81.309122, 28.780814 ], [ -81.309142, 28.780838 ], [ -81.30914, 28.780864 ], [ -81.309146, 28.780944 ], [ -81.309169, 28.780945 ], [ -81.309212, 28.780947 ], [ -81.309221, 28.781852 ], [ -81.309869, 28.781844 ], [ -81.309873, 28.782419 ], [ -81.309306, 28.783326 ], [ -81.30864, 28.784371 ], [ -81.308268, 28.784243 ], [ -81.307745, 28.784237 ], [ -81.307347, 28.784415 ], [ -81.306731, 28.784992 ], [ -81.306543, 28.785391 ], [ -81.305768, 28.785382 ], [ -81.305643, 28.785388 ], [ -81.305673, 28.785603 ], [ -81.305695, 28.786207 ], [ -81.305704, 28.78645 ], [ -81.305498, 28.786444 ], [ -81.305192, 28.786466 ], [ -81.304089, 28.786466 ], [ -81.302705, 28.786466 ], [ -81.301599, 28.786466 ], [ -81.301451, 28.786466 ], [ -81.301331, 28.786466 ], [ -81.301006, 28.784318 ], [ -81.300876, 28.783669 ], [ -81.300371, 28.782212 ], [ -81.299918, 28.781192 ], [ -81.298985, 28.779834 ], [ -81.298156, 28.778819 ], [ -81.297894, 28.778526 ], [ -81.297577, 28.778207 ], [ -81.297532, 28.778159 ], [ -81.297532, 28.778017 ], [ -81.297532, 28.777741 ], [ -81.297528, 28.777357 ], [ -81.297582, 28.772078 ], [ -81.297858, 28.771939 ], [ -81.299568, 28.771059 ], [ -81.299758, 28.771017 ], [ -81.303525, 28.771014 ], [ -81.302553, 28.769543 ], [ -81.304874, 28.768353 ], [ -81.305403, 28.768082 ], [ -81.305375, 28.768039 ], [ -81.304744, 28.767084 ], [ -81.304683, 28.766992 ], [ -81.304678, 28.76613 ], [ -81.304727, 28.766123 ], [ -81.304779, 28.766124 ], [ -81.305491, 28.766127 ], [ -81.305726, 28.766129 ], [ -81.305752, 28.764837 ], [ -81.30576, 28.764431 ], [ -81.308986, 28.765756 ], [ -81.30901, 28.765692 ], [ -81.309079, 28.765514 ], [ -81.309243, 28.765187 ], [ -81.309421, 28.764847 ], [ -81.309596, 28.764561 ], [ -81.309716, 28.764373 ], [ -81.309805, 28.764245 ], [ -81.310015, 28.763946 ], [ -81.310282, 28.763565 ], [ -81.310489, 28.763264 ], [ -81.310569, 28.763147 ], [ -81.310652, 28.763028 ], [ -81.310963, 28.76266 ], [ -81.311191, 28.762434 ], [ -81.311331, 28.762302 ], [ -81.31141, 28.762229 ], [ -81.311642, 28.762052 ], [ -81.311873, 28.761886 ], [ -81.311957, 28.761831 ], [ -81.312113, 28.76173 ], [ -81.312516, 28.7615 ], [ -81.312816, 28.761341 ], [ -81.312892, 28.761302 ], [ -81.313687, 28.760909 ], [ -81.313916, 28.760796 ], [ -81.313916, 28.759948 ], [ -81.313914, 28.756323 ], [ -81.313409, 28.756333 ], [ -81.311588, 28.756369 ], [ -81.3058, 28.756416 ], [ -81.305329, 28.756416 ], [ -81.303972, 28.756436 ], [ -81.303633, 28.756434 ], [ -81.303239, 28.756437 ], [ -81.30206, 28.756448 ], [ -81.301754, 28.756451 ], [ -81.301668, 28.756452 ], [ -81.301526, 28.756453 ], [ -81.301461, 28.756453 ], [ -81.30084, 28.756458 ], [ -81.300634, 28.75646 ], [ -81.300417, 28.756461 ], [ -81.300417, 28.756084 ], [ -81.299995, 28.756085 ], [ -81.299996, 28.755717 ], [ -81.299762, 28.755507 ], [ -81.299092, 28.755506 ], [ -81.299092, 28.75549 ], [ -81.299094, 28.755336 ], [ -81.299066, 28.754565 ], [ -81.299092, 28.754461 ], [ -81.299205, 28.754327 ], [ -81.299603, 28.753897 ], [ -81.299947, 28.753625 ], [ -81.300324, 28.753456 ], [ -81.300438, 28.753374 ], [ -81.300612, 28.753289 ], [ -81.300727, 28.753208 ], [ -81.300812, 28.753101 ], [ -81.300898, 28.753046 ], [ -81.300923, 28.752915 ], [ -81.301005, 28.752731 ], [ -81.301027, 28.752521 ], [ -81.301009, 28.752025 ], [ -81.300971, 28.750965 ], [ -81.300821, 28.750246 ], [ -81.300657, 28.749452 ], [ -81.300709, 28.748575 ], [ -81.300805, 28.748296 ], [ -81.300948, 28.74813 ], [ -81.300959, 28.748118 ], [ -81.301451, 28.747593 ], [ -81.301495, 28.746986 ], [ -81.301555, 28.746155 ], [ -81.301512, 28.74602 ], [ -81.301529, 28.745166 ], [ -81.301543, 28.744558 ], [ -81.302073, 28.744604 ], [ -81.304234, 28.744653 ], [ -81.304267, 28.744735 ], [ -81.304283, 28.744834 ], [ -81.305235, 28.744832 ], [ -81.305338, 28.744422 ], [ -81.305524, 28.742452 ], [ -81.305522, 28.741875 ], [ -81.305522, 28.741799 ], [ -81.302796, 28.741804 ], [ -81.301491, 28.741813 ], [ -81.301491, 28.741878 ], [ -81.299331, 28.741907 ], [ -81.299245, 28.741812 ], [ -81.299112, 28.741662 ], [ -81.299147, 28.741625 ], [ -81.299489, 28.741271 ], [ -81.299603, 28.741153 ], [ -81.299657, 28.741097 ], [ -81.299726, 28.741025 ], [ -81.299819, 28.740928 ], [ -81.299874, 28.740873 ], [ -81.299912, 28.740833 ], [ -81.300026, 28.740715 ], [ -81.300065, 28.740676 ], [ -81.30027, 28.740464 ], [ -81.300401, 28.740328 ], [ -81.301412, 28.739285 ], [ -81.30175, 28.738938 ], [ -81.302478, 28.738188 ], [ -81.304662, 28.735938 ], [ -81.30539, 28.735188 ], [ -81.305564, 28.735008 ], [ -81.306087, 28.734468 ], [ -81.306262, 28.734289 ], [ -81.306314, 28.734236 ], [ -81.306426, 28.734118 ], [ -81.306645, 28.733889 ], [ -81.306919, 28.733606 ], [ -81.307084, 28.733436 ], [ -81.307179, 28.733337 ], [ -81.307466, 28.733041 ], [ -81.307556, 28.732947 ], [ -81.307753, 28.733073 ], [ -81.307593, 28.733219 ], [ -81.307787, 28.733284 ], [ -81.308312, 28.733435 ], [ -81.308769, 28.733468 ], [ -81.309255, 28.73339 ], [ -81.309616, 28.73324 ], [ -81.309741, 28.733183 ], [ -81.309919, 28.733033 ], [ -81.310237, 28.732687 ], [ -81.310639, 28.732279 ], [ -81.310963, 28.732034 ], [ -81.311066, 28.731978 ], [ -81.311227, 28.731891 ], [ -81.3116, 28.731688 ], [ -81.311426, 28.731532 ], [ -81.311671, 28.731446 ], [ -81.311882, 28.731374 ], [ -81.312375, 28.731237 ], [ -81.312427, 28.731223 ], [ -81.312495, 28.731204 ], [ -81.31251, 28.731199 ], [ -81.312555, 28.731187 ], [ -81.312571, 28.731183 ], [ -81.312623, 28.731168 ], [ -81.31278, 28.731124 ], [ -81.312833, 28.73111 ], [ -81.31294, 28.73108 ], [ -81.31326, 28.730991 ], [ -81.313368, 28.730962 ], [ -81.31374, 28.730859 ], [ -81.314855, 28.730552 ], [ -81.315228, 28.73045 ], [ -81.315692, 28.730321 ], [ -81.316845, 28.730004 ], [ -81.317083, 28.729931 ], [ -81.317544, 28.72979 ], [ -81.317622, 28.729768 ], [ -81.317857, 28.729704 ], [ -81.317888, 28.729696 ], [ -81.317933, 28.729674 ], [ -81.318728, 28.729293 ], [ -81.319498, 28.728926 ], [ -81.320391, 28.728491 ], [ -81.321114, 28.728153 ], [ -81.321914, 28.727781 ], [ -81.321924, 28.72826 ], [ -81.321954, 28.7297 ], [ -81.321964, 28.73018 ], [ -81.321962, 28.730283 ], [ -81.321959, 28.730593 ], [ -81.321959, 28.730697 ], [ -81.321958, 28.730777 ], [ -81.321958, 28.730821 ], [ -81.321956, 28.731012 ], [ -81.321956, 28.731092 ], [ -81.321953, 28.731326 ], [ -81.321952, 28.731501 ], [ -81.321895, 28.731721 ], [ -81.321872, 28.731791 ], [ -81.321978, 28.731924 ], [ -81.321979, 28.732112 ], [ -81.321986, 28.734408 ], [ -81.324558, 28.734412 ], [ -81.324589, 28.734412 ], [ -81.324617, 28.734412 ], [ -81.328399, 28.734416 ], [ -81.330472, 28.734416 ], [ -81.334127, 28.734375 ], [ -81.334239, 28.734376 ], [ -81.334238, 28.734318 ], [ -81.334232, 28.733993 ], [ -81.334231, 28.733918 ], [ -81.334231, 28.733893 ], [ -81.334228, 28.733682 ], [ -81.334222, 28.733051 ], [ -81.33422, 28.732841 ], [ -81.334214, 28.732284 ], [ -81.334213, 28.732273 ], [ -81.334212, 28.73206 ], [ -81.334262, 28.731395 ], [ -81.334293, 28.731279 ], [ -81.334399, 28.730943 ], [ -81.334466, 28.73078 ], [ -81.346313, 28.730653 ], [ -81.346565, 28.730628 ], [ -81.346526, 28.727038 ], [ -81.34747, 28.727078 ], [ -81.34757, 28.727094 ], [ -81.352247, 28.726904 ], [ -81.352888, 28.726878 ], [ -81.352988, 28.726884 ], [ -81.353419, 28.72688 ], [ -81.354286, 28.726872 ], [ -81.354374, 28.726889 ], [ -81.354555, 28.726938 ], [ -81.354549, 28.728761 ], [ -81.358609, 28.728733 ], [ -81.358607, 28.727689 ], [ -81.358606, 28.726882 ], [ -81.35876, 28.7268 ], [ -81.360497, 28.726761 ], [ -81.361005, 28.726753 ], [ -81.361206, 28.726885 ], [ -81.361755, 28.72688 ], [ -81.362116, 28.726879 ], [ -81.362243, 28.726876 ], [ -81.362333, 28.726875 ], [ -81.36246, 28.726874 ], [ -81.36246, 28.726915 ], [ -81.362716, 28.727078 ], [ -81.363003, 28.727149 ], [ -81.363226, 28.727285 ], [ -81.363423, 28.727471 ], [ -81.363623, 28.727472 ], [ -81.364031, 28.727472 ], [ -81.364613, 28.727473 ], [ -81.365096, 28.727473 ], [ -81.365795, 28.727475 ], [ -81.368364, 28.727478 ], [ -81.36839, 28.727478 ], [ -81.370726, 28.727481 ], [ -81.373015, 28.727484 ], [ -81.37301, 28.727498 ], [ -81.373184, 28.727498 ], [ -81.373343, 28.727499 ], [ -81.373348, 28.727484 ], [ -81.374645, 28.723803 ], [ -81.375002, 28.722792 ], [ -81.37502, 28.72275 ], [ -81.37603, 28.719872 ], [ -81.376155, 28.719553 ], [ -81.376743, 28.717889 ], [ -81.37699, 28.71719 ], [ -81.378062, 28.714156 ], [ -81.378456, 28.713077 ], [ -81.378487, 28.712978 ], [ -81.378576, 28.712981 ], [ -81.378625, 28.712984 ], [ -81.378793, 28.712978 ], [ -81.379086, 28.712968 ], [ -81.379257, 28.712967 ], [ -81.38065, 28.712959 ], [ -81.381115, 28.712957 ], [ -81.381107, 28.713131 ], [ -81.381084, 28.713656 ], [ -81.381077, 28.713832 ], [ -81.381095, 28.714399 ], [ -81.381072, 28.714747 ], [ -81.381064, 28.714883 ], [ -81.381014, 28.714993 ], [ -81.380926, 28.715109 ], [ -81.38082, 28.715197 ], [ -81.380695, 28.715246 ], [ -81.380564, 28.715274 ], [ -81.380184, 28.715279 ], [ -81.379753, 28.715268 ], [ -81.37956, 28.715284 ], [ -81.379422, 28.715312 ], [ -81.379291, 28.715383 ], [ -81.37921, 28.715455 ], [ -81.379122, 28.715548 ], [ -81.379066, 28.715653 ], [ -81.379047, 28.715774 ], [ -81.379041, 28.715895 ], [ -81.379044, 28.71594 ], [ -81.37906, 28.716126 ], [ -81.379103, 28.716396 ], [ -81.379259, 28.716825 ], [ -81.379315, 28.716984 ], [ -81.379343, 28.717054 ], [ -81.379458, 28.717337 ], [ -81.379483, 28.717584 ], [ -81.379454, 28.717763 ], [ -81.379352, 28.717986 ], [ -81.379265, 28.718129 ], [ -81.379199, 28.718258 ], [ -81.379083, 28.718492 ], [ -81.379015, 28.718806 ], [ -81.37899, 28.719004 ], [ -81.379002, 28.719159 ], [ -81.379027, 28.719471 ], [ -81.379008, 28.719906 ], [ -81.379001, 28.720231 ], [ -81.379014, 28.720533 ], [ -81.37907, 28.720753 ], [ -81.379213, 28.721095 ], [ -81.37925, 28.721282 ], [ -81.37925, 28.721458 ], [ -81.379206, 28.722008 ], [ -81.379194, 28.722481 ], [ -81.379069, 28.722525 ], [ -81.378875, 28.722498 ], [ -81.378164, 28.722486 ], [ -81.377746, 28.722471 ], [ -81.377708, 28.72247 ], [ -81.377458, 28.72253 ], [ -81.377358, 28.722629 ], [ -81.377277, 28.722805 ], [ -81.377277, 28.722932 ], [ -81.377308, 28.723113 ], [ -81.377433, 28.723669 ], [ -81.377495, 28.724071 ], [ -81.377501, 28.724456 ], [ -81.377445, 28.724902 ], [ -81.377307, 28.725375 ], [ -81.377251, 28.725661 ], [ -81.37725, 28.725925 ], [ -81.377255, 28.726497 ], [ -81.377275, 28.727262 ], [ -81.377337, 28.727592 ], [ -81.377405, 28.72784 ], [ -81.377399, 28.727939 ], [ -81.377193, 28.727988 ], [ -81.376887, 28.728038 ], [ -81.376547, 28.728066 ], [ -81.376506, 28.72807 ], [ -81.376119, 28.72807 ], [ -81.375614, 28.728081 ], [ -81.375139, 28.728097 ], [ -81.375049, 28.728133 ], [ -81.375005, 28.728152 ], [ -81.374881, 28.728185 ], [ -81.374837, 28.728229 ], [ -81.374799, 28.728278 ], [ -81.374725, 28.728388 ], [ -81.374513, 28.728999 ], [ -81.374232, 28.729814 ], [ -81.373969, 28.730585 ], [ -81.373752, 28.731223 ], [ -81.373728, 28.731432 ], [ -81.373491, 28.73212 ], [ -81.373316, 28.732648 ], [ -81.373306, 28.732925 ], [ -81.373292, 28.733319 ], [ -81.373298, 28.733539 ], [ -81.373354, 28.733732 ], [ -81.373486, 28.733803 ], [ -81.373648, 28.733853 ], [ -81.373732, 28.733852 ], [ -81.374944, 28.733852 ], [ -81.375003, 28.733852 ], [ -81.375056, 28.733853 ], [ -81.375348, 28.733853 ], [ -81.375442, 28.734206 ], [ -81.37546, 28.734271 ], [ -81.375491, 28.734601 ], [ -81.375497, 28.734871 ], [ -81.375404, 28.735262 ], [ -81.375399, 28.735287 ], [ -81.375335, 28.735647 ], [ -81.375049, 28.735647 ], [ -81.374997, 28.735646 ], [ -81.374022, 28.735652 ], [ -81.373274, 28.735658 ], [ -81.372344, 28.735702 ], [ -81.372226, 28.735746 ], [ -81.372151, 28.735796 ], [ -81.372095, 28.735873 ], [ -81.371443, 28.737709 ], [ -81.371203, 28.738388 ], [ -81.371172, 28.738531 ], [ -81.371185, 28.738707 ], [ -81.371279, 28.73896 ], [ -81.371354, 28.739015 ], [ -81.371428, 28.739081 ], [ -81.371591, 28.73918 ], [ -81.371649, 28.7392 ], [ -81.371747, 28.739235 ], [ -81.371916, 28.739257 ], [ -81.372975, 28.739245 ], [ -81.37342, 28.73924 ], [ -81.374333, 28.739248 ], [ -81.375, 28.739255 ], [ -81.375052, 28.739262 ], [ -81.375102, 28.739267 ], [ -81.375245, 28.739344 ], [ -81.375345, 28.73946 ], [ -81.375382, 28.739719 ], [ -81.375375, 28.740648 ], [ -81.375389, 28.741111 ], [ -81.375418, 28.742024 ], [ -81.37561, 28.742026 ], [ -81.376187, 28.742032 ], [ -81.37638, 28.742035 ], [ -81.37633, 28.742481 ], [ -81.376323, 28.742505 ], [ -81.376261, 28.742723 ], [ -81.37608, 28.743042 ], [ -81.375861, 28.743229 ], [ -81.375415, 28.743533 ], [ -81.375024, 28.743801 ], [ -81.375002, 28.743811 ], [ -81.374077, 28.744425 ], [ -81.373991, 28.744483 ], [ -81.373536, 28.744643 ], [ -81.372668, 28.744676 ], [ -81.37225, 28.744699 ], [ -81.371856, 28.744952 ], [ -81.371569, 28.745238 ], [ -81.371476, 28.745447 ], [ -81.371663, 28.745722 ], [ -81.371743, 28.745776 ], [ -81.371988, 28.745942 ], [ -81.372194, 28.746129 ], [ -81.372207, 28.74669 ], [ -81.372258, 28.752882 ], [ -81.376448, 28.7529 ], [ -81.376863, 28.752874 ], [ -81.376847, 28.753508 ], [ -81.376867, 28.754165 ], [ -81.376845, 28.754505 ], [ -81.37682, 28.754701 ], [ -81.376626, 28.755209 ], [ -81.376927, 28.755972 ], [ -81.377167, 28.756191 ], [ -81.377393, 28.756253 ], [ -81.377597, 28.756782 ], [ -81.377906, 28.756819 ], [ -81.378191, 28.756853 ], [ -81.37819, 28.756935 ], [ -81.378188, 28.75716 ], [ -81.380809, 28.75717 ], [ -81.381166, 28.757172 ], [ -81.381796, 28.757167 ], [ -81.382133, 28.757189 ], [ -81.382065, 28.757365 ], [ -81.381676, 28.75839 ], [ -81.38072, 28.760913 ], [ -81.380664, 28.761117 ], [ -81.380639, 28.761177 ], [ -81.380639, 28.761238 ], [ -81.380787, 28.761238 ], [ -81.388815, 28.761252 ], [ -81.391751, 28.761247 ], [ -81.393437, 28.76126 ], [ -81.395799, 28.761279 ], [ -81.399148, 28.761343 ], [ -81.403004, 28.761277 ], [ -81.404816, 28.761214 ], [ -81.405267, 28.76126 ], [ -81.405823, 28.761318 ], [ -81.406079, 28.760494 ], [ -81.406265, 28.759788 ], [ -81.406079, 28.759463 ], [ -81.405522, 28.7593 ], [ -81.405399, 28.759246 ], [ -81.405345, 28.757622 ], [ -81.405337, 28.757075 ], [ -81.404842, 28.757021 ], [ -81.404381, 28.757059 ], [ -81.40445, 28.756657 ], [ -81.405369, 28.756667 ], [ -81.415433, 28.756791 ], [ -81.415477, 28.756753 ], [ -81.415521, 28.756703 ], [ -81.415564, 28.756665 ], [ -81.415627, 28.756626 ], [ -81.415696, 28.756588 ], [ -81.415727, 28.756549 ], [ -81.415746, 28.756538 ], [ -81.415752, 28.756511 ], [ -81.415789, 28.756467 ], [ -81.41582, 28.756335 ], [ -81.415864, 28.756208 ], [ -81.415902, 28.756131 ], [ -81.415939, 28.756071 ], [ -81.415977, 28.755988 ], [ -81.416089, 28.755768 ], [ -81.416102, 28.755702 ], [ -81.416198, 28.755752 ], [ -81.416411, 28.755699 ], [ -81.41646, 28.755697 ], [ -81.416462, 28.755888 ], [ -81.416467, 28.75604 ], [ -81.41648, 28.756169 ], [ -81.416579, 28.756532 ], [ -81.416587, 28.756598 ] ], [ [ -81.371004, 28.743883 ], [ -81.370031, 28.743859 ], [ -81.369952, 28.74398 ], [ -81.369759, 28.744553 ], [ -81.369762, 28.745054 ], [ -81.369797, 28.745225 ], [ -81.370001, 28.74525 ], [ -81.37101, 28.745247 ], [ -81.371004, 28.743883 ] ] ] ] } },
{ "type": "Feature", "properties": { "ZCTA5CE20": "34748", "GEOID20": "34748", "GEOIDFQ20": "860Z200US34748", "CLASSFP20": "B5", "MTFCC20": "G6350", "FUNCSTAT20": "S", "ALAND20": 102131796, "AWATER20": 19473939, "INTPTLAT20": "+28.7730010", "INTPTLON20": "-081.8826219" }, "geometry": { "type": "MultiPolygon", "coordinates": [ [ [ [ -81.953685, 28.812772 ], [ -81.953636, 28.81433 ], [ -81.953579, 28.816187 ], [ -81.953577, 28.818319 ], [ -81.953591, 28.819008 ], [ -81.95362, 28.820378 ], [ -81.953624, 28.820568 ], [ -81.953624, 28.820606 ], [ -81.953627, 28.820721 ], [ -81.953628, 28.82076 ], [ -81.953628, 28.820774 ], [ -81.953622, 28.820816 ], [ -81.95363, 28.820834 ], [ -81.953619, 28.820855 ], [ -81.95359, 28.820918 ], [ -81.95358, 28.82094 ], [ -81.95355, 28.82115 ], [ -81.953552, 28.821193 ], [ -81.95359, 28.82186 ], [ -81.953592, 28.821959 ], [ -81.9536, 28.822215 ], [ -81.953608, 28.822528 ], [ -81.953614, 28.82275 ], [ -81.95362, 28.82296 ], [ -81.953624, 28.823467 ], [ -81.953628, 28.823781 ], [ -81.95363, 28.82393 ], [ -81.953624, 28.824214 ], [ -81.953605, 28.825195 ], [ -81.9536, 28.82549 ], [ -81.953601, 28.825516 ], [ -81.95362, 28.82595 ], [ -81.953625, 28.826298 ], [ -81.95363, 28.82664 ], [ -81.95363, 28.826692 ], [ -81.95363, 28.82708 ], [ -81.95363, 28.827343 ], [ -81.95363, 28.82766 ], [ -81.95363, 28.827692 ], [ -81.95363, 28.827814 ], [ -81.95363, 28.827933 ], [ -81.95363, 28.82818 ], [ -81.95363, 28.828303 ], [ -81.95363, 28.828316 ], [ -81.95363, 28.828356 ], [ -81.95363, 28.82837 ], [ -81.953626, 28.828879 ], [ -81.953624, 28.829176 ], [ -81.953622, 28.829597 ], [ -81.953598, 28.833282 ], [ -81.953591, 28.83451 ], [ -81.953584, 28.83568 ], [ -81.95358, 28.836434 ], [ -81.950625, 28.836433 ], [ -81.947403, 28.836392 ], [ -81.945988, 28.836375 ], [ -81.943985, 28.836351 ], [ -81.932798, 28.836213 ], [ -81.932302, 28.836207 ], [ -81.932302, 28.836111 ], [ -81.932279, 28.836033 ], [ -81.931723, 28.836024 ], [ -81.928819, 28.836002 ], [ -81.926196, 28.835994 ], [ -81.924693, 28.835973 ], [ -81.924538, 28.835973 ], [ -81.924541, 28.83607 ], [ -81.924533, 28.837117 ], [ -81.924514, 28.838836 ], [ -81.924242, 28.838825 ], [ -81.92424, 28.839006 ], [ -81.924237, 28.839584 ], [ -81.923998, 28.839528 ], [ -81.923885, 28.83944 ], [ -81.923654, 28.839446 ], [ -81.923441, 28.839468 ], [ -81.923279, 28.839473 ], [ -81.922723, 28.839737 ], [ -81.922517, 28.839809 ], [ -81.922548, 28.839858 ], [ -81.922592, 28.839897 ], [ -81.922617, 28.839952 ], [ -81.922585, 28.840012 ], [ -81.922417, 28.840089 ], [ -81.922235, 28.840232 ], [ -81.921942, 28.840595 ], [ -81.921723, 28.840733 ], [ -81.921542, 28.840887 ], [ -81.921367, 28.840959 ], [ -81.921186, 28.841047 ], [ -81.921098, 28.841107 ], [ -81.921067, 28.841234 ], [ -81.921104, 28.8413 ], [ -81.921129, 28.841448 ], [ -81.921111, 28.841553 ], [ -81.92083, 28.841703 ], [ -81.920579, 28.841839 ], [ -81.920467, 28.841943 ], [ -81.920404, 28.842031 ], [ -81.920336, 28.842169 ], [ -81.920379, 28.842466 ], [ -81.920454, 28.842598 ], [ -81.920363, 28.843292 ], [ -81.916333, 28.843251 ], [ -81.916322, 28.844223 ], [ -81.916317, 28.844474 ], [ -81.916314, 28.844734 ], [ -81.91621, 28.844731 ], [ -81.916211, 28.844614 ], [ -81.916213, 28.844472 ], [ -81.916217, 28.844225 ], [ -81.916219, 28.844041 ], [ -81.91622, 28.843907 ], [ -81.916112, 28.843906 ], [ -81.914857, 28.843908 ], [ -81.914871, 28.84322 ], [ -81.914458, 28.843218 ], [ -81.914463, 28.842309 ], [ -81.916124, 28.842317 ], [ -81.91624, 28.842318 ], [ -81.916246, 28.841334 ], [ -81.916246, 28.841256 ], [ -81.916249, 28.840724 ], [ -81.916262, 28.839717 ], [ -81.916147, 28.839724 ], [ -81.912129, 28.839713 ], [ -81.912139, 28.838756 ], [ -81.912163, 28.836474 ], [ -81.912163, 28.836336 ], [ -81.912167, 28.836007 ], [ -81.912168, 28.835949 ], [ -81.91114, 28.835946 ], [ -81.90926, 28.835946 ], [ -81.909175, 28.835946 ], [ -81.908446, 28.83595 ], [ -81.908427, 28.835922 ], [ -81.908207, 28.835944 ], [ -81.908058, 28.835944 ], [ -81.908059, 28.836115 ], [ -81.908072, 28.836185 ], [ -81.908041, 28.837756 ], [ -81.906596, 28.837754 ], [ -81.905852, 28.837728 ], [ -81.904282, 28.837752 ], [ -81.903932, 28.837751 ], [ -81.903931, 28.837803 ], [ -81.903914, 28.839559 ], [ -81.90428, 28.839565 ], [ -81.904473, 28.839565 ], [ -81.905972, 28.839563 ], [ -81.90597, 28.839607 ], [ -81.905967, 28.839701 ], [ -81.905952, 28.841187 ], [ -81.905935, 28.843185 ], [ -81.90512, 28.843182 ], [ -81.904538, 28.84318 ], [ -81.903881, 28.84318 ], [ -81.90388, 28.843309 ], [ -81.903877, 28.844595 ], [ -81.903875, 28.845572 ], [ -81.903875, 28.845726 ], [ -81.903875, 28.8459 ], [ -81.903875, 28.845994 ], [ -81.90382, 28.846136 ], [ -81.903785, 28.846185 ], [ -81.903763, 28.846217 ], [ -81.903745, 28.84624 ], [ -81.903555, 28.846501 ], [ -81.903367, 28.846351 ], [ -81.903092, 28.846155 ], [ -81.902974, 28.846082 ], [ -81.902925, 28.846052 ], [ -81.90289, 28.84603 ], [ -81.902822, 28.845971 ], [ -81.902797, 28.84595 ], [ -81.902773, 28.845882 ], [ -81.902687, 28.845843 ], [ -81.902363, 28.845751 ], [ -81.901929, 28.845535 ], [ -81.901781, 28.845477 ], [ -81.901608, 28.845424 ], [ -81.900805, 28.845195 ], [ -81.900185, 28.845007 ], [ -81.899775, 28.844874 ], [ -81.899565, 28.844796 ], [ -81.89919, 28.844637 ], [ -81.898988, 28.844544 ], [ -81.898795, 28.844455 ], [ -81.898565, 28.844338 ], [ -81.898122, 28.844088 ], [ -81.897982, 28.844024 ], [ -81.897922, 28.844011 ], [ -81.897855, 28.844011 ], [ -81.897821, 28.844015 ], [ -81.897789, 28.844019 ], [ -81.897722, 28.844038 ], [ -81.897607, 28.844086 ], [ -81.897476, 28.844142 ], [ -81.897386, 28.844183 ], [ -81.897379, 28.844171 ], [ -81.897366, 28.844147 ], [ -81.897309, 28.844182 ], [ -81.897235, 28.844219 ], [ -81.897218, 28.844195 ], [ -81.897179, 28.844195 ], [ -81.896645, 28.844194 ], [ -81.896411, 28.844194 ], [ -81.896177, 28.844194 ], [ -81.895943, 28.844194 ], [ -81.895708, 28.844194 ], [ -81.89563, 28.844194 ], [ -81.894929, 28.844195 ], [ -81.89494, 28.84421 ], [ -81.894951, 28.844223 ], [ -81.895121, 28.84442 ], [ -81.89519, 28.844656 ], [ -81.895134, 28.844975 ], [ -81.895, 28.845245 ], [ -81.894994, 28.845258 ], [ -81.894425, 28.845258 ], [ -81.894421, 28.845596 ], [ -81.894417, 28.845962 ], [ -81.894457, 28.845961 ], [ -81.894446, 28.845976 ], [ -81.894258, 28.846191 ], [ -81.894102, 28.846257 ], [ -81.893883, 28.846229 ], [ -81.893446, 28.84586 ], [ -81.89231, 28.846603 ], [ -81.891519, 28.846609 ], [ -81.891398, 28.84661 ], [ -81.891269, 28.846614 ], [ -81.891123, 28.846618 ], [ -81.889062, 28.846622 ], [ -81.888173, 28.846623 ], [ -81.887651, 28.846616 ], [ -81.887542, 28.84662 ], [ -81.887432, 28.846613 ], [ -81.887414, 28.846603 ], [ -81.887389, 28.846572 ], [ -81.88738, 28.846546 ], [ -81.887375, 28.846262 ], [ -81.887261, 28.846273 ], [ -81.887062, 28.846271 ], [ -81.886215, 28.846268 ], [ -81.885916, 28.846265 ], [ -81.881723, 28.84784 ], [ -81.877538, 28.849857 ], [ -81.877488, 28.848809 ], [ -81.876565, 28.847327 ], [ -81.874709, 28.84606 ], [ -81.874244, 28.845595 ], [ -81.873829, 28.84467 ], [ -81.872503, 28.841664 ], [ -81.871742, 28.840734 ], [ -81.870137, 28.838779 ], [ -81.867194, 28.836327 ], [ -81.864637, 28.835068 ], [ -81.861237, 28.834601 ], [ -81.85617, 28.835087 ], [ -81.852276, 28.83558 ], [ -81.849911, 28.836097 ], [ -81.848885, 28.83642 ], [ -81.848771, 28.83528 ], [ -81.847686, 28.830235 ], [ -81.847519, 28.829011 ], [ -81.84639, 28.829304 ], [ -81.844215, 28.833035 ], [ -81.838945, 28.82433 ], [ -81.839101, 28.823063 ], [ -81.839018, 28.822949 ], [ -81.838888, 28.822998 ], [ -81.838704, 28.823004 ], [ -81.838519, 28.822943 ], [ -81.838404, 28.822877 ], [ -81.838285, 28.822834 ], [ -81.838187, 28.822922 ], [ -81.837577, 28.823213 ], [ -81.837588, 28.823188 ], [ -81.837605, 28.823129 ], [ -81.837616, 28.823078 ], [ -81.837609, 28.823024 ], [ -81.837604, 28.822996 ], [ -81.837593, 28.822959 ], [ -81.837394, 28.822625 ], [ -81.837156, 28.822315 ], [ -81.837103, 28.822304 ], [ -81.837123, 28.822334 ], [ -81.837134, 28.822365 ], [ -81.837172, 28.822432 ], [ -81.837235, 28.822538 ], [ -81.837251, 28.822564 ], [ -81.837272, 28.8226 ], [ -81.837321, 28.822684 ], [ -81.837495, 28.822967 ], [ -81.837509, 28.822999 ], [ -81.837517, 28.823032 ], [ -81.83752, 28.823065 ], [ -81.837518, 28.823099 ], [ -81.837498, 28.823126 ], [ -81.837473, 28.823149 ], [ -81.837445, 28.82317 ], [ -81.837413, 28.823186 ], [ -81.837379, 28.823197 ], [ -81.837344, 28.823204 ], [ -81.837314, 28.823206 ], [ -81.837299, 28.823204 ], [ -81.837271, 28.823194 ], [ -81.837258, 28.823186 ], [ -81.836899, 28.822555 ], [ -81.836446, 28.822757 ], [ -81.836807, 28.822774 ], [ -81.836922, 28.822806 ], [ -81.836936, 28.822806 ], [ -81.836966, 28.822818 ], [ -81.836989, 28.822874 ], [ -81.836993, 28.823003 ], [ -81.837009, 28.823064 ], [ -81.83703, 28.823119 ], [ -81.837054, 28.823204 ], [ -81.837076, 28.823268 ], [ -81.837027, 28.823414 ], [ -81.836975, 28.823453 ], [ -81.836924, 28.823493 ], [ -81.836855, 28.823525 ], [ -81.836801, 28.823563 ], [ -81.836764, 28.823624 ], [ -81.836731, 28.82368 ], [ -81.836715, 28.823735 ], [ -81.836673, 28.823792 ], [ -81.836638, 28.823751 ], [ -81.836571, 28.823707 ], [ -81.836541, 28.823758 ], [ -81.836514, 28.823847 ], [ -81.83653, 28.823904 ], [ -81.836531, 28.823966 ], [ -81.836496, 28.824025 ], [ -81.836479, 28.824105 ], [ -81.836415, 28.824155 ], [ -81.836348, 28.824145 ], [ -81.836278, 28.824121 ], [ -81.836221, 28.824154 ], [ -81.836128, 28.824133 ], [ -81.836103, 28.824061 ], [ -81.836045, 28.824074 ], [ -81.835976, 28.824137 ], [ -81.835906, 28.824195 ], [ -81.835841, 28.824233 ], [ -81.835782, 28.824275 ], [ -81.835824, 28.824332 ], [ -81.835896, 28.824358 ], [ -81.835969, 28.824397 ], [ -81.836045, 28.824514 ], [ -81.836053, 28.824535 ], [ -81.836068, 28.824563 ], [ -81.836067, 28.824635 ], [ -81.836043, 28.824726 ], [ -81.836022, 28.824751 ], [ -81.835989, 28.824788 ], [ -81.835938, 28.824889 ], [ -81.835929, 28.824969 ], [ -81.83593, 28.825037 ], [ -81.835955, 28.825112 ], [ -81.835971, 28.825223 ], [ -81.835927, 28.825277 ], [ -81.835871, 28.825325 ], [ -81.83588, 28.82544 ], [ -81.835882, 28.825477 ], [ -81.835884, 28.825503 ], [ -81.835884, 28.825517 ], [ -81.835903, 28.82555 ], [ -81.835929, 28.825592 ], [ -81.835965, 28.825642 ], [ -81.835978, 28.82566 ], [ -81.836032, 28.825721 ], [ -81.836099, 28.825753 ], [ -81.836127, 28.825803 ], [ -81.836165, 28.825878 ], [ -81.836201, 28.825916 ], [ -81.836223, 28.825938 ], [ -81.836245, 28.825972 ], [ -81.836254, 28.825987 ], [ -81.836278, 28.826052 ], [ -81.836301, 28.826127 ], [ -81.836323, 28.826182 ], [ -81.836341, 28.826217 ], [ -81.836355, 28.826242 ], [ -81.836375, 28.826273 ], [ -81.836389, 28.826294 ], [ -81.836403, 28.826314 ], [ -81.836426, 28.82639 ], [ -81.836431, 28.826407 ], [ -81.836434, 28.826437 ], [ -81.836355, 28.826436 ], [ -81.835141, 28.826429 ], [ -81.834673, 28.826426 ], [ -81.83436, 28.826424 ], [ -81.832856, 28.826413 ], [ -81.83283, 28.826413 ], [ -81.831751, 28.826406 ], [ -81.831682, 28.826405 ], [ -81.831737, 28.826267 ], [ -81.8318, 28.826285 ], [ -81.831868, 28.826129 ], [ -81.831941, 28.825973 ], [ -81.832018, 28.82582 ], [ -81.832099, 28.825672 ], [ -81.832185, 28.825525 ], [ -81.832377, 28.825225 ], [ -81.83235, 28.825211 ], [ -81.832455, 28.825063 ], [ -81.832565, 28.824917 ], [ -81.832679, 28.824775 ], [ -81.832797, 28.824635 ], [ -81.832831, 28.824597 ], [ -81.832543, 28.824755 ], [ -81.832609, 28.824665 ], [ -81.832721, 28.824522 ], [ -81.833148, 28.824046 ], [ -81.833234, 28.82398 ], [ -81.832883, 28.824016 ], [ -81.832802, 28.823867 ], [ -81.832787, 28.823823 ], [ -81.832776, 28.82379 ], [ -81.83276, 28.823714 ], [ -81.832755, 28.823628 ], [ -81.832777, 28.822792 ], [ -81.832778, 28.822769 ], [ -81.832795, 28.822193 ], [ -81.832801, 28.82178 ], [ -81.832717, 28.821988 ], [ -81.832668, 28.822127 ], [ -81.832569, 28.822301 ], [ -81.832511, 28.822383 ], [ -81.832447, 28.82246 ], [ -81.832377, 28.822532 ], [ -81.832275, 28.822621 ], [ -81.832094, 28.822768 ], [ -81.831864, 28.822956 ], [ -81.83174, 28.823059 ], [ -81.831607, 28.823202 ], [ -81.831498, 28.823363 ], [ -81.831413, 28.823538 ], [ -81.831356, 28.823724 ], [ -81.831327, 28.823916 ], [ -81.831331, 28.824054 ], [ -81.831337, 28.824204 ], [ -81.831425, 28.824777 ], [ -81.831432, 28.82503 ], [ -81.831217, 28.825175 ], [ -81.829898, 28.826001 ], [ -81.824381, 28.829223 ], [ -81.824402, 28.828982 ], [ -81.824574, 28.828882 ], [ -81.824398, 28.828647 ], [ -81.824189, 28.828377 ], [ -81.824189, 28.828282 ], [ -81.824393, 28.828001 ], [ -81.824404, 28.827913 ], [ -81.824418, 28.826358 ], [ -81.82438, 28.826357 ], [ -81.82403, 28.826352 ], [ -81.823933, 28.826351 ], [ -81.822834, 28.826346 ], [ -81.822884, 28.826264 ], [ -81.822909, 28.826187 ], [ -81.822915, 28.826082 ], [ -81.82289, 28.825895 ], [ -81.822809, 28.825664 ], [ -81.822803, 28.825598 ], [ -81.822815, 28.825471 ], [ -81.82284, 28.825422 ], [ -81.822909, 28.82535 ], [ -81.823009, 28.82529 ], [ -81.823165, 28.825229 ], [ -81.823471, 28.825169 ], [ -81.823796, 28.825075 ], [ -81.82404, 28.824971 ], [ -81.824221, 28.82491 ], [ -81.824352, 28.82485 ], [ -81.824415, 28.824811 ], [ -81.824377, 28.820943 ], [ -81.824377, 28.819443 ], [ -81.824383, 28.819238 ], [ -81.824376, 28.819149 ], [ -81.82437, 28.819067 ], [ -81.820878, 28.819047 ], [ -81.820356, 28.819043 ], [ -81.820304, 28.819044 ], [ -81.820305, 28.818876 ], [ -81.820316, 28.815402 ], [ -81.820335, 28.813845 ], [ -81.820165, 28.813842 ], [ -81.82019, 28.811205 ], [ -81.820206, 28.810113 ], [ -81.820233, 28.808206 ], [ -81.820184, 28.808191 ], [ -81.81994, 28.808113 ], [ -81.81964, 28.808074 ], [ -81.819565, 28.808047 ], [ -81.819537, 28.808013 ], [ -81.818339, 28.807998 ], [ -81.818313, 28.809463 ], [ -81.818312, 28.809856 ], [ -81.817855, 28.809845 ], [ -81.816576, 28.809851 ], [ -81.816343, 28.809851 ], [ -81.816276, 28.809846 ], [ -81.816238, 28.809842 ], [ -81.816239, 28.809704 ], [ -81.816251, 28.809133 ], [ -81.816252, 28.808829 ], [ -81.816329, 28.808498 ], [ -81.817116, 28.807178 ], [ -81.817391, 28.806551 ], [ -81.817822, 28.805109 ], [ -81.817897, 28.804476 ], [ -81.818272, 28.804064 ], [ -81.818409, 28.803882 ], [ -81.818653, 28.803662 ], [ -81.819009, 28.803409 ], [ -81.819308, 28.803112 ], [ -81.819983, 28.801852 ], [ -81.82042, 28.801197 ], [ -81.820914, 28.800069 ], [ -81.821095, 28.799645 ], [ -81.821145, 28.799178 ], [ -81.821313, 28.798776 ], [ -81.821419, 28.798572 ], [ -81.82165, 28.79838 ], [ -81.821882, 28.798149 ], [ -81.822069, 28.79789 ], [ -81.8222, 28.797764 ], [ -81.822505, 28.797514 ], [ -81.822831, 28.797246 ], [ -81.823174, 28.796999 ], [ -81.823437, 28.796762 ], [ -81.824267, 28.796173 ], [ -81.824542, 28.795909 ], [ -81.824811, 28.795766 ], [ -81.826147, 28.79493 ], [ -81.826441, 28.794776 ], [ -81.827034, 28.79439 ], [ -81.82734, 28.794093 ], [ -81.827958, 28.793367 ], [ -81.828595, 28.792294 ], [ -81.828683, 28.792046 ], [ -81.828757, 28.791925 ], [ -81.828876, 28.791656 ], [ -81.829045, 28.79143 ], [ -81.829151, 28.791144 ], [ -81.829607, 28.790847 ], [ -81.829832, 28.790715 ], [ -81.830088, 28.790572 ], [ -81.830662, 28.790181 ], [ -81.831205, 28.789724 ], [ -81.831569, 28.789231 ], [ -81.831624, 28.789157 ], [ -81.831855, 28.788761 ], [ -81.832073, 28.788189 ], [ -81.832204, 28.787369 ], [ -81.832379, 28.787028 ], [ -81.832916, 28.786714 ], [ -81.833085, 28.786665 ], [ -81.833285, 28.786615 ], [ -81.833609, 28.786615 ], [ -81.833978, 28.786692 ], [ -81.834296, 28.786786 ], [ -81.83474, 28.787022 ], [ -81.835377, 28.787352 ], [ -81.836164, 28.787913 ], [ -81.836576, 28.787968 ], [ -81.837457, 28.788386 ], [ -81.83773, 28.788569 ], [ -81.838222, 28.788642 ], [ -81.838306, 28.788645 ], [ -81.838144, 28.788447 ], [ -81.838069, 28.788254 ], [ -81.838075, 28.788127 ], [ -81.838113, 28.78805 ], [ -81.838238, 28.787979 ], [ -81.83835, 28.787885 ], [ -81.838543, 28.787792 ], [ -81.838743, 28.787687 ], [ -81.839624, 28.787076 ], [ -81.839998, 28.786801 ], [ -81.84023, 28.786697 ], [ -81.840604, 28.786647 ], [ -81.841023, 28.786768 ], [ -81.841279, 28.786927 ], [ -81.84226, 28.787972 ], [ -81.842609, 28.788308 ], [ -81.842966, 28.788594 ], [ -81.843097, 28.788699 ], [ -81.843653, 28.789051 ], [ -81.844352, 28.78943 ], [ -81.844646, 28.789551 ], [ -81.84577, 28.789831 ], [ -81.84657, 28.790112 ], [ -81.847113, 28.790244 ], [ -81.848387, 28.790628 ], [ -81.848875, 28.790843 ], [ -81.849256, 28.791085 ], [ -81.849856, 28.791635 ], [ -81.850143, 28.791937 ], [ -81.850737, 28.792845 ], [ -81.850949, 28.793417 ], [ -81.851168, 28.794187 ], [ -81.851318, 28.795508 ], [ -81.851425, 28.795937 ], [ -81.8516, 28.796344 ], [ -81.851737, 28.796559 ], [ -81.852206, 28.797054 ], [ -81.852169, 28.797114 ], [ -81.852019, 28.79707 ], [ -81.851925, 28.79701 ], [ -81.851869, 28.797054 ], [ -81.851944, 28.797373 ], [ -81.852044, 28.797417 ], [ -81.852212, 28.797257 ], [ -81.852325, 28.797252 ], [ -81.853281, 28.798198 ], [ -81.853551, 28.798465 ], [ -81.853603, 28.798532 ], [ -81.853624, 28.79855 ], [ -81.853659, 28.798578 ], [ -81.853709, 28.798624 ], [ -81.853773, 28.79867 ], [ -81.85382, 28.798705 ], [ -81.853962, 28.798827 ], [ -81.854003, 28.798848 ], [ -81.854036, 28.798865 ], [ -81.854117, 28.79891 ], [ -81.854172, 28.798943 ], [ -81.854233, 28.798987 ], [ -81.85429, 28.799035 ], [ -81.854332, 28.799082 ], [ -81.854374, 28.799139 ], [ -81.854413, 28.799165 ], [ -81.854428, 28.799243 ], [ -81.854487, 28.799534 ], [ -81.854499, 28.799754 ], [ -81.8545, 28.800073 ], [ -81.854443, 28.80031 ], [ -81.854319, 28.800547 ], [ -81.854237, 28.800783 ], [ -81.854225, 28.801069 ], [ -81.85445, 28.802335 ], [ -81.854413, 28.80294 ], [ -81.854363, 28.803072 ], [ -81.854182, 28.803188 ], [ -81.853982, 28.803204 ], [ -81.85382, 28.803155 ], [ -81.853733, 28.803204 ], [ -81.853708, 28.803435 ], [ -81.853776, 28.8036 ], [ -81.854726, 28.804255 ], [ -81.855055, 28.804234 ], [ -81.855569, 28.8042 ], [ -81.856194, 28.803836 ], [ -81.856462, 28.803616 ], [ -81.856625, 28.803346 ], [ -81.856756, 28.80322 ], [ -81.857399, 28.80295 ], [ -81.857824, 28.802724 ], [ -81.858042, 28.802559 ], [ -81.858329, 28.80224 ], [ -81.858504, 28.801943 ], [ -81.858617, 28.801618 ], [ -81.85866, 28.801398 ], [ -81.858816, 28.8012 ], [ -81.859116, 28.801007 ], [ -81.859166, 28.80093 ], [ -81.859272, 28.800743 ], [ -81.859434, 28.800182 ], [ -81.859485, 28.800135 ], [ -81.859563, 28.800112 ], [ -81.859622, 28.800087 ], [ -81.859688, 28.800065 ], [ -81.859754, 28.80003 ], [ -81.859826, 28.799996 ], [ -81.859894, 28.799997 ], [ -81.859978, 28.800018 ], [ -81.860047, 28.800017 ], [ -81.860118, 28.799966 ], [ -81.860144, 28.799907 ], [ -81.86017, 28.799843 ], [ -81.860243, 28.799824 ], [ -81.860324, 28.799819 ], [ -81.86042, 28.799821 ], [ -81.860509, 28.799816 ], [ -81.860573, 28.799805 ], [ -81.860627, 28.799807 ], [ -81.860702, 28.79981 ], [ -81.860764, 28.799811 ], [ -81.860868, 28.79982 ], [ -81.860972, 28.79982 ], [ -81.861061, 28.79982 ], [ -81.861156, 28.799815 ], [ -81.861264, 28.799815 ], [ -81.861354, 28.799819 ], [ -81.861455, 28.799809 ], [ -81.861545, 28.799779 ], [ -81.861619, 28.799755 ], [ -81.861699, 28.799737 ], [ -81.861777, 28.799726 ], [ -81.861844, 28.799719 ], [ -81.86193, 28.799702 ], [ -81.862, 28.799684 ], [ -81.862066, 28.799662 ], [ -81.862144, 28.799634 ], [ -81.862212, 28.799618 ], [ -81.862291, 28.79959 ], [ -81.862379, 28.799549 ], [ -81.862457, 28.799517 ], [ -81.862525, 28.799493 ], [ -81.862599, 28.799465 ], [ -81.862662, 28.799436 ], [ -81.862738, 28.79941 ], [ -81.862764, 28.799401 ], [ -81.862843, 28.799374 ], [ -81.862911, 28.799356 ], [ -81.863001, 28.799339 ], [ -81.863079, 28.799328 ], [ -81.863149, 28.799319 ], [ -81.863227, 28.799295 ], [ -81.863278, 28.799276 ], [ -81.863302, 28.799267 ], [ -81.863318, 28.799262 ], [ -81.863364, 28.799246 ], [ -81.863435, 28.799225 ], [ -81.863506, 28.799211 ], [ -81.863688, 28.799177 ], [ -81.863773, 28.799161 ], [ -81.864147, 28.799084 ], [ -81.864213, 28.799079 ], [ -81.864281, 28.799072 ], [ -81.864346, 28.799071 ], [ -81.864424, 28.799077 ], [ -81.864619, 28.79909 ], [ -81.864649, 28.799093 ], [ -81.864864, 28.799127 ], [ -81.865004, 28.799146 ], [ -81.865047, 28.799116 ], [ -81.865064, 28.799078 ], [ -81.865328, 28.79909 ], [ -81.865381, 28.799108 ], [ -81.865434, 28.799126 ], [ -81.865482, 28.799143 ], [ -81.865622, 28.799191 ], [ -81.865647, 28.799195 ], [ -81.86588, 28.799234 ], [ -81.865985, 28.799271 ], [ -81.866086, 28.7993 ], [ -81.866172, 28.79932 ], [ -81.866245, 28.799346 ], [ -81.866308, 28.799374 ], [ -81.866337, 28.799389 ], [ -81.866373, 28.799408 ], [ -81.866451, 28.799456 ], [ -81.866526, 28.799502 ], [ -81.866577, 28.799545 ], [ -81.866653, 28.799599 ], [ -81.866758, 28.799678 ], [ -81.866967, 28.799735 ], [ -81.866999, 28.79974 ], [ -81.86704, 28.799746 ], [ -81.867086, 28.799753 ], [ -81.867174, 28.799767 ], [ -81.867253, 28.799784 ], [ -81.867311, 28.799816 ], [ -81.867393, 28.799843 ], [ -81.867468, 28.799868 ], [ -81.867843, 28.799871 ], [ -81.868194, 28.799874 ], [ -81.868467, 28.799857 ], [ -81.868806, 28.79989 ], [ -81.868871, 28.799907 ], [ -81.868937, 28.799966 ], [ -81.86897, 28.80003 ], [ -81.868941, 28.800083 ], [ -81.868877, 28.800103 ], [ -81.868796, 28.800101 ], [ -81.86867, 28.800078 ], [ -81.868605, 28.800113 ], [ -81.868593, 28.800172 ], [ -81.86863, 28.800227 ], [ -81.868704, 28.800292 ], [ -81.868765, 28.800351 ], [ -81.868834, 28.800425 ], [ -81.868913, 28.800498 ], [ -81.868992, 28.80058 ], [ -81.86907, 28.800645 ], [ -81.869133, 28.800689 ], [ -81.869183, 28.800767 ], [ -81.869241, 28.800839 ], [ -81.869303, 28.800858 ], [ -81.869389, 28.800877 ], [ -81.869512, 28.800922 ], [ -81.869597, 28.800984 ], [ -81.869661, 28.801037 ], [ -81.86972, 28.801111 ], [ -81.869771, 28.801189 ], [ -81.869806, 28.801264 ], [ -81.869837, 28.801338 ], [ -81.869892, 28.801399 ], [ -81.869955, 28.801444 ], [ -81.870014, 28.801493 ], [ -81.870071, 28.801573 ], [ -81.870112, 28.801647 ], [ -81.870154, 28.801702 ], [ -81.870214, 28.801789 ], [ -81.87025, 28.801867 ], [ -81.870278, 28.801923 ], [ -81.870376, 28.80222 ], [ -81.87039, 28.80228 ], [ -81.870402, 28.802355 ], [ -81.870415, 28.802447 ], [ -81.870432, 28.802535 ], [ -81.870449, 28.802614 ], [ -81.870468, 28.802678 ], [ -81.870484, 28.802736 ], [ -81.870498, 28.802792 ], [ -81.870517, 28.802853 ], [ -81.870531, 28.802917 ], [ -81.87055, 28.802981 ], [ -81.870593, 28.803083 ], [ -81.870636, 28.803151 ], [ -81.870707, 28.803218 ], [ -81.870786, 28.803283 ], [ -81.870852, 28.80335 ], [ -81.870931, 28.803436 ], [ -81.870983, 28.803495 ], [ -81.871063, 28.803657 ], [ -81.871081, 28.803723 ], [ -81.87109, 28.803784 ], [ -81.871102, 28.803846 ], [ -81.871106, 28.803907 ], [ -81.871109, 28.803986 ], [ -81.871056, 28.8044 ], [ -81.871054, 28.804707 ], [ -81.871054, 28.804781 ], [ -81.871053, 28.804939 ], [ -81.871065, 28.804982 ], [ -81.871108, 28.805071 ], [ -81.871096, 28.805134 ], [ -81.871052, 28.805148 ], [ -81.871047, 28.80586 ], [ -81.871046, 28.805918 ], [ -81.871113, 28.80592 ], [ -81.871365, 28.805955 ], [ -81.871443, 28.805966 ], [ -81.871516, 28.805966 ], [ -81.871601, 28.80596 ], [ -81.871672, 28.805937 ], [ -81.871681, 28.805876 ], [ -81.871658, 28.805824 ], [ -81.871628, 28.805767 ], [ -81.871607, 28.805708 ], [ -81.871576, 28.805642 ], [ -81.871535, 28.805568 ], [ -81.871505, 28.805519 ], [ -81.871482, 28.805467 ], [ -81.871454, 28.805403 ], [ -81.87143, 28.80533 ], [ -81.871406, 28.805266 ], [ -81.871368, 28.805189 ], [ -81.871335, 28.805125 ], [ -81.871301, 28.805053 ], [ -81.871273, 28.804989 ], [ -81.871241, 28.804877 ], [ -81.871229, 28.80481 ], [ -81.87123, 28.804784 ], [ -81.871232, 28.804751 ], [ -81.871229, 28.80468 ], [ -81.871285, 28.80449 ], [ -81.871285, 28.804425 ], [ -81.871299, 28.804364 ], [ -81.871389, 28.804203 ], [ -81.871514, 28.804107 ], [ -81.871596, 28.804 ], [ -81.871797, 28.803972 ], [ -81.871888, 28.803966 ], [ -81.871957, 28.80397 ], [ -81.872045, 28.803978 ], [ -81.872115, 28.803995 ], [ -81.87218, 28.804021 ], [ -81.872262, 28.804048 ], [ -81.872324, 28.804071 ], [ -81.872387, 28.804103 ], [ -81.872446, 28.804143 ], [ -81.872501, 28.804177 ], [ -81.872567, 28.804211 ], [ -81.872652, 28.804261 ], [ -81.873017, 28.804459 ], [ -81.873073, 28.804489 ], [ -81.873124, 28.804523 ], [ -81.873185, 28.804578 ], [ -81.873218, 28.804625 ], [ -81.87326, 28.804677 ], [ -81.873307, 28.804732 ], [ -81.873347, 28.804781 ], [ -81.873401, 28.804826 ], [ -81.873585, 28.804817 ], [ -81.873672, 28.804726 ], [ -81.873769, 28.804709 ], [ -81.873848, 28.804709 ], [ -81.874013, 28.804732 ], [ -81.874077, 28.804736 ], [ -81.874141, 28.804737 ], [ -81.874232, 28.804739 ], [ -81.874322, 28.804745 ], [ -81.8744, 28.804745 ], [ -81.874482, 28.804747 ], [ -81.874558, 28.804753 ], [ -81.874909, 28.804744 ], [ -81.874829, 28.800789 ], [ -81.874739, 28.800759 ], [ -81.874648, 28.800732 ], [ -81.874602, 28.800719 ], [ -81.87451, 28.800696 ], [ -81.874417, 28.800676 ], [ -81.874075, 28.80061 ], [ -81.873724, 28.800555 ], [ -81.873333, 28.800519 ], [ -81.873097, 28.800494 ], [ -81.872822, 28.800453 ], [ -81.872688, 28.800427 ], [ -81.872619, 28.80041 ], [ -81.872558, 28.800376 ], [ -81.872516, 28.800321 ], [ -81.872516, 28.800252 ], [ -81.872495, 28.800194 ], [ -81.87249, 28.800051 ], [ -81.87249, 28.799978 ], [ -81.872498, 28.799924 ], [ -81.872527, 28.79987 ], [ -81.872565, 28.799813 ], [ -81.87261, 28.799749 ], [ -81.872661, 28.799702 ], [ -81.872707, 28.799654 ], [ -81.872752, 28.799586 ], [ -81.872795, 28.799528 ], [ -81.872825, 28.799479 ], [ -81.872865, 28.799407 ], [ -81.872894, 28.799335 ], [ -81.872913, 28.79928 ], [ -81.872939, 28.799221 ], [ -81.872973, 28.799151 ], [ -81.872999, 28.799096 ], [ -81.873035, 28.799032 ], [ -81.873055, 28.799011 ], [ -81.873106, 28.798957 ], [ -81.873288, 28.798805 ], [ -81.873335, 28.798765 ], [ -81.873381, 28.798721 ], [ -81.873427, 28.798666 ], [ -81.873481, 28.798602 ], [ -81.873508, 28.798551 ], [ -81.873528, 28.798494 ], [ -81.873546, 28.798411 ], [ -81.873561, 28.798342 ], [ -81.873565, 28.798322 ], [ -81.873577, 28.79827 ], [ -81.87361, 28.798233 ], [ -81.873677, 28.798158 ], [ -81.873809, 28.798101 ], [ -81.873862, 28.798068 ], [ -81.873906, 28.798019 ], [ -81.873979, 28.797927 ], [ -81.874049, 28.797837 ], [ -81.874087, 28.797763 ], [ -81.874114, 28.797703 ], [ -81.874144, 28.797683 ], [ -81.874204, 28.797642 ], [ -81.874236, 28.79762 ], [ -81.874298, 28.797578 ], [ -81.874348, 28.797544 ], [ -81.874429, 28.797465 ], [ -81.874453, 28.797436 ], [ -81.87457, 28.797294 ], [ -81.874579, 28.797211 ], [ -81.87457, 28.797201 ], [ -81.874581, 28.797189 ], [ -81.874604, 28.797166 ], [ -81.874701, 28.797068 ], [ -81.874745, 28.797024 ], [ -81.874811, 28.796959 ], [ -81.874832, 28.796938 ], [ -81.874893, 28.796891 ], [ -81.874954, 28.796877 ], [ -81.875025, 28.796854 ], [ -81.875098, 28.796821 ], [ -81.875161, 28.796788 ], [ -81.875202, 28.796741 ], [ -81.875228, 28.796673 ], [ -81.875279, 28.796613 ], [ -81.875416, 28.796501 ], [ -81.875465, 28.796462 ], [ -81.875511, 28.796423 ], [ -81.875562, 28.796371 ], [ -81.875606, 28.79633 ], [ -81.875671, 28.796303 ], [ -81.875745, 28.79625 ], [ -81.87579, 28.796202 ], [ -81.875829, 28.796157 ], [ -81.875885, 28.796122 ], [ -81.875951, 28.796112 ], [ -81.876014, 28.796075 ], [ -81.876055, 28.796015 ], [ -81.876062, 28.795997 ], [ -81.876077, 28.795955 ], [ -81.876106, 28.795911 ], [ -81.876165, 28.795874 ], [ -81.876269, 28.795816 ], [ -81.876375, 28.795681 ], [ -81.876396, 28.795654 ], [ -81.876464, 28.795613 ], [ -81.876517, 28.795568 ], [ -81.87658, 28.795522 ], [ -81.876645, 28.79547 ], [ -81.876691, 28.795419 ], [ -81.876721, 28.795383 ], [ -81.876746, 28.795354 ], [ -81.876787, 28.795312 ], [ -81.876845, 28.79527 ], [ -81.876901, 28.795231 ], [ -81.876962, 28.795184 ], [ -81.877001, 28.795139 ], [ -81.877047, 28.795083 ], [ -81.877105, 28.795042 ], [ -81.877158, 28.795009 ], [ -81.877207, 28.794972 ], [ -81.87726, 28.794922 ], [ -81.877324, 28.794859 ], [ -81.87739, 28.794798 ], [ -81.877467, 28.794743 ], [ -81.877589, 28.794632 ], [ -81.877641, 28.794586 ], [ -81.877684, 28.794532 ], [ -81.877872, 28.794299 ], [ -81.878106, 28.79428 ], [ -81.878341, 28.794251 ], [ -81.87852, 28.794233 ], [ -81.878575, 28.794215 ], [ -81.87879, 28.794103 ], [ -81.87881, 28.794096 ], [ -81.878857, 28.79408 ], [ -81.879045, 28.794016 ], [ -81.879293, 28.793931 ], [ -81.879358, 28.793903 ], [ -81.8794, 28.793885 ], [ -81.87957, 28.793811 ], [ -81.879643, 28.79379 ], [ -81.879709, 28.793759 ], [ -81.87979, 28.793709 ], [ -81.879865, 28.793665 ], [ -81.879931, 28.793639 ], [ -81.880009, 28.793622 ], [ -81.880072, 28.793602 ], [ -81.880239, 28.793548 ], [ -81.880147, 28.7934 ], [ -81.880085, 28.793392 ], [ -81.879865, 28.793029 ], [ -81.880123, 28.793334 ], [ -81.880274, 28.793538 ], [ -81.880326, 28.793521 ], [ -81.880464, 28.793478 ], [ -81.880514, 28.793255 ], [ -81.880542, 28.793185 ], [ -81.880569, 28.793126 ], [ -81.880585, 28.793096 ], [ -81.880603, 28.79306 ], [ -81.880627, 28.793003 ], [ -81.88067, 28.79292 ], [ -81.880696, 28.792861 ], [ -81.88073, 28.792795 ], [ -81.880775, 28.792707 ], [ -81.880815, 28.792613 ], [ -81.880837, 28.792557 ], [ -81.880852, 28.79253 ], [ -81.880867, 28.7925 ], [ -81.880887, 28.792466 ], [ -81.880909, 28.79243 ], [ -81.880938, 28.79236 ], [ -81.880959, 28.792292 ], [ -81.88099, 28.792212 ], [ -81.881016, 28.792144 ], [ -81.881043, 28.792089 ], [ -81.881056, 28.792058 ], [ -81.881076, 28.792011 ], [ -81.88111, 28.791936 ], [ -81.881136, 28.791873 ], [ -81.881155, 28.791799 ], [ -81.881172, 28.791736 ], [ -81.881187, 28.791666 ], [ -81.881197, 28.791631 ], [ -81.881206, 28.791601 ], [ -81.881219, 28.791546 ], [ -81.881255, 28.791478 ], [ -81.881288, 28.791416 ], [ -81.881336, 28.791354 ], [ -81.881394, 28.791292 ], [ -81.881438, 28.791251 ], [ -81.881476, 28.791173 ], [ -81.881495, 28.791133 ], [ -81.88152, 28.791079 ], [ -81.88165, 28.790952 ], [ -81.881705, 28.790899 ], [ -81.881749, 28.790845 ], [ -81.881783, 28.790792 ], [ -81.881814, 28.79072 ], [ -81.881866, 28.790653 ], [ -81.881924, 28.790604 ], [ -81.881979, 28.79054 ], [ -81.882001, 28.79048 ], [ -81.882029, 28.79045 ], [ -81.882052, 28.790425 ], [ -81.882129, 28.790391 ], [ -81.882183, 28.790358 ], [ -81.882227, 28.790313 ], [ -81.882256, 28.790259 ], [ -81.882288, 28.790209 ], [ -81.882329, 28.790154 ], [ -81.882385, 28.79011 ], [ -81.88247, 28.790059 ], [ -81.882501, 28.790015 ], [ -81.882546, 28.78996 ], [ -81.882586, 28.789915 ], [ -81.882808, 28.789798 ], [ -81.882864, 28.789771 ], [ -81.882944, 28.789723 ], [ -81.883028, 28.789671 ], [ -81.883098, 28.789631 ], [ -81.883168, 28.789588 ], [ -81.883233, 28.789548 ], [ -81.883299, 28.789522 ], [ -81.883388, 28.78949 ], [ -81.883449, 28.789459 ], [ -81.883545, 28.789418 ], [ -81.883595, 28.789397 ], [ -81.883652, 28.789367 ], [ -81.88367, 28.789357 ], [ -81.883745, 28.789314 ], [ -81.883798, 28.789281 ], [ -81.883864, 28.789237 ], [ -81.883938, 28.789189 ], [ -81.884188, 28.789014 ], [ -81.884239, 28.788979 ], [ -81.884324, 28.788911 ], [ -81.884378, 28.788874 ], [ -81.884434, 28.788839 ], [ -81.884492, 28.788794 ], [ -81.884561, 28.788729 ], [ -81.884619, 28.788667 ], [ -81.884681, 28.788596 ], [ -81.884729, 28.788539 ], [ -81.884794, 28.788483 ], [ -81.884866, 28.788437 ], [ -81.884903, 28.788405 ], [ -81.884929, 28.788383 ], [ -81.885008, 28.788318 ], [ -81.885075, 28.788321 ], [ -81.885148, 28.788352 ], [ -81.885211, 28.788401 ], [ -81.885278, 28.788469 ], [ -81.88556, 28.788585 ], [ -81.885637, 28.788637 ], [ -81.885676, 28.78867 ], [ -81.88572, 28.788725 ], [ -81.885766, 28.78881 ], [ -81.885788, 28.788875 ], [ -81.88579, 28.78894 ], [ -81.885794, 28.788997 ], [ -81.885794, 28.789091 ], [ -81.885792, 28.789175 ], [ -81.885793, 28.789265 ], [ -81.885788, 28.789351 ], [ -81.885796, 28.789423 ], [ -81.885803, 28.78951 ], [ -81.885811, 28.789598 ], [ -81.885823, 28.78969 ], [ -81.885832, 28.789771 ], [ -81.885828, 28.789828 ], [ -81.885855, 28.789805 ], [ -81.885973, 28.789811 ], [ -81.885992, 28.789711 ], [ -81.886007, 28.789639 ], [ -81.88601, 28.789599 ], [ -81.886013, 28.78954 ], [ -81.886011, 28.789459 ], [ -81.886045, 28.789407 ], [ -81.886096, 28.78935 ], [ -81.886037, 28.789228 ], [ -81.886039, 28.789144 ], [ -81.886049, 28.789066 ], [ -81.886047, 28.788921 ], [ -81.886094, 28.788877 ], [ -81.886143, 28.788844 ], [ -81.886208, 28.788807 ], [ -81.886282, 28.788766 ], [ -81.886369, 28.788749 ], [ -81.886616, 28.788718 ], [ -81.886715, 28.788699 ], [ -81.886793, 28.788695 ], [ -81.886874, 28.788676 ], [ -81.886949, 28.788649 ], [ -81.887029, 28.788614 ], [ -81.887109, 28.788591 ], [ -81.887207, 28.788578 ], [ -81.887233, 28.788579 ], [ -81.887268, 28.788582 ], [ -81.887345, 28.788583 ], [ -81.887361, 28.788572 ], [ -81.88737, 28.787642 ], [ -81.887376, 28.786832 ], [ -81.886752, 28.786832 ], [ -81.886764, 28.785182 ], [ -81.887388, 28.78518 ], [ -81.887429, 28.784689 ], [ -81.887319, 28.784108 ], [ -81.887315, 28.783852 ], [ -81.88731, 28.783574 ], [ -81.887252, 28.783538 ], [ -81.887188, 28.783469 ], [ -81.88715, 28.7834 ], [ -81.88711, 28.783338 ], [ -81.887074, 28.783264 ], [ -81.887053, 28.783202 ], [ -81.886851, 28.783064 ], [ -81.886733, 28.782983 ], [ -81.886564, 28.782889 ], [ -81.886352, 28.782807 ], [ -81.885959, 28.782735 ], [ -81.885728, 28.782652 ], [ -81.884797, 28.782008 ], [ -81.884523, 28.781744 ], [ -81.884248, 28.781425 ], [ -81.883898, 28.781188 ], [ -81.883499, 28.781006 ], [ -81.882931, 28.7807 ], [ -81.882887, 28.780676 ], [ -81.8825, 28.780362 ], [ -81.882051, 28.779944 ], [ -81.881501, 28.779311 ], [ -81.88137, 28.779118 ], [ -81.881096, 28.778546 ], [ -81.880909, 28.777759 ], [ -81.880572, 28.77673 ], [ -81.880494, 28.776355 ], [ -81.88045, 28.776147 ], [ -81.88044, 28.776112 ], [ -81.88042, 28.776003 ], [ -81.880274, 28.775301 ], [ -81.880248, 28.774811 ], [ -81.880236, 28.774557 ], [ -81.88026, 28.774402 ], [ -81.88028, 28.774276 ], [ -81.88028, 28.774106 ], [ -81.880312, 28.773489 ], [ -81.880224, 28.773302 ], [ -81.880187, 28.773071 ], [ -81.880225, 28.772829 ], [ -81.880218, 28.772741 ], [ -81.880106, 28.772516 ], [ -81.880087, 28.772455 ], [ -81.880112, 28.772389 ], [ -81.880169, 28.772317 ], [ -81.880169, 28.772295 ], [ -81.880144, 28.772257 ], [ -81.880081, 28.772086 ], [ -81.879988, 28.771646 ], [ -81.879807, 28.771432 ], [ -81.879782, 28.771366 ], [ -81.879763, 28.771222 ], [ -81.879738, 28.7712 ], [ -81.879607, 28.771189 ], [ -81.87957, 28.77114 ], [ -81.879567, 28.771118 ], [ -81.879533, 28.770832 ], [ -81.87957, 28.770799 ], [ -81.879664, 28.770793 ], [ -81.879714, 28.770804 ], [ -81.880219, 28.77081 ], [ -81.880263, 28.770832 ], [ -81.880382, 28.770937 ], [ -81.880457, 28.770942 ], [ -81.880488, 28.770931 ], [ -81.8805, 28.770882 ], [ -81.880475, 28.770832 ], [ -81.880419, 28.770772 ], [ -81.880313, 28.770727 ], [ -81.880285, 28.770728 ], [ -81.880252, 28.770728 ], [ -81.879536, 28.770732 ], [ -81.879534, 28.770136 ], [ -81.879427, 28.77016 ], [ -81.879371, 28.770149 ], [ -81.879196, 28.769957 ], [ -81.87919, 28.769924 ], [ -81.879196, 28.769885 ], [ -81.879271, 28.769836 ], [ -81.879296, 28.769781 ], [ -81.87929, 28.769737 ], [ -81.879227, 28.769693 ], [ -81.879202, 28.769616 ], [ -81.879227, 28.769577 ], [ -81.879296, 28.769517 ], [ -81.879334, 28.769451 ], [ -81.879377, 28.769308 ], [ -81.879371, 28.769258 ], [ -81.87934, 28.769164 ], [ -81.879265, 28.769065 ], [ -81.879103, 28.768918 ], [ -81.87909, 28.768906 ], [ -81.878953, 28.768735 ], [ -81.878853, 28.768477 ], [ -81.878828, 28.768212 ], [ -81.878897, 28.767866 ], [ -81.878991, 28.76758 ], [ -81.878991, 28.76753 ], [ -81.87896, 28.767448 ], [ -81.878879, 28.767365 ], [ -81.878679, 28.767206 ], [ -81.878729, 28.7672 ], [ -81.878823, 28.76714 ], [ -81.878841, 28.76709 ], [ -81.878823, 28.766969 ], [ -81.878783, 28.766844 ], [ -81.878493, 28.766701 ], [ -81.878488, 28.766543 ], [ -81.878361, 28.765718 ], [ -81.878407, 28.765458 ], [ -81.878565, 28.765352 ], [ -81.878803, 28.765309 ], [ -81.87932, 28.765368 ], [ -81.879654, 28.765345 ], [ -81.880199, 28.764991 ], [ -81.880649, 28.764582 ], [ -81.880749, 28.764573 ], [ -81.880903, 28.76456 ], [ -81.881154, 28.764677 ], [ -81.881195, 28.764704 ], [ -81.88116, 28.764638 ], [ -81.881124, 28.764573 ], [ -81.880929, 28.764445 ], [ -81.880791, 28.764444 ], [ -81.880741, 28.764499 ], [ -81.880714, 28.764509 ], [ -81.88041, 28.76462 ], [ -81.880285, 28.764681 ], [ -81.880179, 28.764763 ], [ -81.879867, 28.765143 ], [ -81.879561, 28.765264 ], [ -81.879323, 28.765264 ], [ -81.878899, 28.765126 ], [ -81.878693, 28.765148 ], [ -81.878474, 28.765258 ], [ -81.878243, 28.765494 ], [ -81.878174, 28.765709 ], [ -81.878174, 28.76578 ], [ -81.878286, 28.766276 ], [ -81.878342, 28.766358 ], [ -81.878353, 28.766722 ], [ -81.878355, 28.766806 ], [ -81.878342, 28.76682 ], [ -81.878305, 28.767029 ], [ -81.878098, 28.767233 ], [ -81.877399, 28.767717 ], [ -81.87713, 28.767992 ], [ -81.877068, 28.767997 ], [ -81.876687, 28.767986 ], [ -81.876549, 28.768002 ], [ -81.876456, 28.767958 ], [ -81.876237, 28.7677 ], [ -81.876082, 28.767558 ], [ -81.876063, 28.767551 ], [ -81.875963, 28.767567 ], [ -81.875894, 28.767474 ], [ -81.875863, 28.767452 ], [ -81.875757, 28.767479 ], [ -81.875644, 28.767441 ], [ -81.875426, 28.767408 ], [ -81.875313, 28.767452 ], [ -81.875113, 28.767391 ], [ -81.874999, 28.767378 ], [ -81.874774, 28.767142 ], [ -81.874723, 28.766696 ], [ -81.874742, 28.766669 ], [ -81.875002, 28.766648 ], [ -81.875282, 28.766692 ], [ -81.875308, 28.766659 ], [ -81.875077, 28.76661 ], [ -81.875002, 28.766577 ], [ -81.874967, 28.766493 ], [ -81.874911, 28.766449 ], [ -81.874923, 28.766394 ], [ -81.874948, 28.766361 ], [ -81.874898, 28.766344 ], [ -81.874786, 28.766344 ], [ -81.874723, 28.76646 ], [ -81.874667, 28.766443 ], [ -81.874605, 28.766366 ], [ -81.874548, 28.766487 ], [ -81.874399, 28.766685 ], [ -81.874336, 28.766674 ], [ -81.874218, 28.766487 ], [ -81.87418, 28.766509 ], [ -81.874174, 28.766713 ], [ -81.874093, 28.766796 ], [ -81.874005, 28.766796 ], [ -81.873968, 28.766818 ], [ -81.873924, 28.766933 ], [ -81.873856, 28.767093 ], [ -81.873781, 28.767214 ], [ -81.8736, 28.767241 ], [ -81.873381, 28.767126 ], [ -81.873269, 28.767093 ], [ -81.873194, 28.76717 ], [ -81.873175, 28.76722 ], [ -81.8731, 28.76728 ], [ -81.872851, 28.767247 ], [ -81.872788, 28.767308 ], [ -81.872794, 28.767374 ], [ -81.872882, 28.767412 ], [ -81.872982, 28.767489 ], [ -81.872976, 28.767654 ], [ -81.872901, 28.768133 ], [ -81.872708, 28.768458 ], [ -81.872514, 28.768529 ], [ -81.872164, 28.768601 ], [ -81.872002, 28.768414 ], [ -81.872071, 28.768298 ], [ -81.872095, 28.768056 ], [ -81.872139, 28.767963 ], [ -81.872145, 28.767688 ], [ -81.872026, 28.767506 ], [ -81.871939, 28.767242 ], [ -81.871795, 28.767011 ], [ -81.871739, 28.766973 ], [ -81.871614, 28.766984 ], [ -81.871583, 28.767011 ], [ -81.871533, 28.767039 ], [ -81.871477, 28.767198 ], [ -81.871465, 28.767787 ], [ -81.87134, 28.767875 ], [ -81.871196, 28.767782 ], [ -81.870834, 28.767628 ], [ -81.870472, 28.767369 ], [ -81.870397, 28.76732 ], [ -81.870403, 28.767265 ], [ -81.870453, 28.767226 ], [ -81.870553, 28.767204 ], [ -81.870727, 28.767133 ], [ -81.870784, 28.767056 ], [ -81.870771, 28.766984 ], [ -81.87084, 28.766808 ], [ -81.870744, 28.76675 ], [ -81.870621, 28.766676 ], [ -81.870821, 28.766456 ], [ -81.870964, 28.766263 ], [ -81.871027, 28.766153 ], [ -81.871058, 28.766032 ], [ -81.871076, 28.765735 ], [ -81.871126, 28.765262 ], [ -81.871132, 28.76524 ], [ -81.871126, 28.764827 ], [ -81.871151, 28.764514 ], [ -81.871219, 28.764123 ], [ -81.871225, 28.763886 ], [ -81.871262, 28.7636 ], [ -81.871269, 28.763369 ], [ -81.871281, 28.763237 ], [ -81.871281, 28.763061 ], [ -81.871306, 28.762934 ], [ -81.871318, 28.762764 ], [ -81.871318, 28.762698 ], [ -81.871356, 28.762626 ], [ -81.871387, 28.762549 ], [ -81.871468, 28.762478 ], [ -81.87158, 28.762423 ], [ -81.871985, 28.762233 ], [ -81.863029, 28.762164 ], [ -81.862985, 28.762135 ], [ -81.862991, 28.761911 ], [ -81.862996, 28.761374 ], [ -81.862993, 28.760247 ], [ -81.862992, 28.758993 ], [ -81.862992, 28.758764 ], [ -81.863029, 28.758436 ], [ -81.863605, 28.758432 ], [ -81.865086, 28.758436 ], [ -81.865107, 28.757524 ], [ -81.865169, 28.75478 ], [ -81.863002, 28.754794 ], [ -81.863002, 28.754467 ], [ -81.863028, 28.753657 ], [ -81.86304, 28.753118 ], [ -81.863042, 28.752238 ], [ -81.863026, 28.751652 ], [ -81.862994, 28.751156 ], [ -81.863069, 28.751148 ], [ -81.86307, 28.751004 ], [ -81.863116, 28.747474 ], [ -81.861058, 28.747447 ], [ -81.861041, 28.747448 ], [ -81.861034, 28.748358 ], [ -81.861027, 28.748915 ], [ -81.861025, 28.74911 ], [ -81.861024, 28.749275 ], [ -81.860333, 28.749265 ], [ -81.860323, 28.751021 ], [ -81.860324, 28.751114 ], [ -81.859008, 28.751051 ], [ -81.858937, 28.751048 ], [ -81.858252, 28.751015 ], [ -81.858209, 28.751013 ], [ -81.857791, 28.750993 ], [ -81.856581, 28.750935 ], [ -81.854188, 28.750821 ], [ -81.854062, 28.750815 ], [ -81.854072, 28.75068 ], [ -81.854083, 28.750543 ], [ -81.854079, 28.749989 ], [ -81.854109, 28.749957 ], [ -81.854257, 28.7498 ], [ -81.854435, 28.749588 ], [ -81.854473, 28.749501 ], [ -81.854487, 28.749368 ], [ -81.8544, 28.749225 ], [ -81.854304, 28.749127 ], [ -81.85414, 28.748978 ], [ -81.854118, 28.748908 ], [ -81.85405, 28.748458 ], [ -81.85405, 28.748234 ], [ -81.854031, 28.748053 ], [ -81.854005, 28.748054 ], [ -81.850345, 28.748026 ], [ -81.850351, 28.746061 ], [ -81.84828, 28.746095 ], [ -81.848273, 28.745874 ], [ -81.84828, 28.745204 ], [ -81.848256, 28.745141 ], [ -81.847261, 28.745141 ], [ -81.847261, 28.74512 ], [ -81.846239, 28.745113 ], [ -81.846222, 28.745067 ], [ -81.846204, 28.745006 ], [ -81.846207, 28.743796 ], [ -81.846197, 28.743295 ], [ -81.846206, 28.741995 ], [ -81.846194, 28.741565 ], [ -81.846194, 28.74137 ], [ -81.846226, 28.737323 ], [ -81.846229, 28.737155 ], [ -81.846244, 28.736098 ], [ -81.846245, 28.736023 ], [ -81.845981, 28.736017 ], [ -81.843916, 28.735998 ], [ -81.843494, 28.735995 ], [ -81.843165, 28.735992 ], [ -81.843089, 28.735962 ], [ -81.842952, 28.735857 ], [ -81.842914, 28.735797 ], [ -81.842833, 28.735588 ], [ -81.84282, 28.735346 ], [ -81.842845, 28.734619 ], [ -81.842839, 28.73457 ], [ -81.842739, 28.734427 ], [ -81.842726, 28.734355 ], [ -81.842726, 28.734256 ], [ -81.842814, 28.733998 ], [ -81.842814, 28.733921 ], [ -81.842751, 28.733844 ], [ -81.842689, 28.733811 ], [ -81.842139, 28.733717 ], [ -81.84207, 28.733698 ], [ -81.842066, 28.733559 ], [ -81.842034, 28.732378 ], [ -81.84212, 28.732364 ], [ -81.842204, 28.732322 ], [ -81.842242, 28.732298 ], [ -81.842302, 28.73225 ], [ -81.842329, 28.732214 ], [ -81.849617, 28.732241 ], [ -81.85067, 28.732197 ], [ -81.851186, 28.732196 ], [ -81.854187, 28.73219 ], [ -81.854245, 28.731216 ], [ -81.85424, 28.730855 ], [ -81.854235, 28.730155 ], [ -81.854208, 28.729696 ], [ -81.85421, 28.729512 ], [ -81.854211, 28.729383 ], [ -81.854213, 28.729206 ], [ -81.854238, 28.729206 ], [ -81.854572, 28.729204 ], [ -81.85483, 28.729203 ], [ -81.854837, 28.728733 ], [ -81.854849, 28.727834 ], [ -81.854225, 28.72783 ], [ -81.854226, 28.727807 ], [ -81.854232, 28.727071 ], [ -81.8529, 28.727059 ], [ -81.852705, 28.727057 ], [ -81.852725, 28.725442 ], [ -81.852729, 28.725132 ], [ -81.852924, 28.725134 ], [ -81.853372, 28.725137 ], [ -81.853472, 28.725137 ], [ -81.853478, 28.724627 ], [ -81.853479, 28.724312 ], [ -81.853603, 28.724313 ], [ -81.854147, 28.724316 ], [ -81.854257, 28.724318 ], [ -81.854294, 28.724318 ], [ -81.854297, 28.723843 ], [ -81.854302, 28.722873 ], [ -81.862104, 28.722925 ], [ -81.862481, 28.724792 ], [ -81.862504, 28.724905 ], [ -81.862531, 28.725041 ], [ -81.862739, 28.725007 ], [ -81.862616, 28.724416 ], [ -81.862404, 28.723318 ], [ -81.861648, 28.719579 ], [ -81.861401, 28.718363 ], [ -81.861311, 28.717916 ], [ -81.860661, 28.714718 ], [ -81.859621, 28.714711 ], [ -81.85882, 28.714707 ], [ -81.857872, 28.714701 ], [ -81.8574, 28.714697 ], [ -81.854378, 28.714679 ], [ -81.854383, 28.714801 ], [ -81.85049, 28.71085 ], [ -81.850474, 28.710834 ], [ -81.850478, 28.710472 ], [ -81.854406, 28.710517 ], [ -81.854409, 28.709182 ], [ -81.854428, 28.709084 ], [ -81.854411, 28.709024 ], [ -81.854398, 28.70891 ], [ -81.854439, 28.707768 ], [ -81.854439, 28.707566 ], [ -81.854425, 28.707458 ], [ -81.854396, 28.707355 ], [ -81.854356, 28.707263 ], [ -81.85429, 28.707167 ], [ -81.85424, 28.707117 ], [ -81.854177, 28.70707 ], [ -81.854071, 28.707016 ], [ -81.854047, 28.707007 ], [ -81.853601, 28.706926 ], [ -81.853528, 28.706913 ], [ -81.853213, 28.706873 ], [ -81.852708, 28.706831 ], [ -81.852569, 28.706793 ], [ -81.852463, 28.706753 ], [ -81.852365, 28.706702 ], [ -81.852298, 28.706641 ], [ -81.852144, 28.706498 ], [ -81.851834, 28.706181 ], [ -81.851595, 28.705958 ], [ -81.851042, 28.705503 ], [ -81.850902, 28.705368 ], [ -81.850599, 28.705052 ], [ -81.850546, 28.705048 ], [ -81.850508, 28.70506 ], [ -81.850476, 28.705084 ], [ -81.850459, 28.705117 ], [ -81.850451, 28.705207 ], [ -81.850458, 28.705393 ], [ -81.850452, 28.70632 ], [ -81.850459, 28.706687 ], [ -81.85042, 28.706737 ], [ -81.850382, 28.706769 ], [ -81.850335, 28.706791 ], [ -81.850286, 28.706803 ], [ -81.849414, 28.706767 ], [ -81.849039, 28.70678 ], [ -81.848885, 28.706796 ], [ -81.848744, 28.706801 ], [ -81.848317, 28.706789 ], [ -81.847388, 28.706773 ], [ -81.846471, 28.706773 ], [ -81.844599, 28.704963 ], [ -81.841604, 28.702476 ], [ -81.839534, 28.701421 ], [ -81.838295, 28.700792 ], [ -81.835556, 28.699403 ], [ -81.83211, 28.697654 ], [ -81.830032, 28.6966 ], [ -81.830047, 28.695734 ], [ -81.83089, 28.695715 ], [ -81.831741, 28.695713 ], [ -81.83212, 28.695717 ], [ -81.833141, 28.695729 ], [ -81.834702, 28.695725 ], [ -81.835404, 28.695737 ], [ -81.835958, 28.695731 ], [ -81.836688, 28.695736 ], [ -81.837249, 28.695727 ], [ -81.838253, 28.695745 ], [ -81.838324, 28.695745 ], [ -81.840387, 28.695752 ], [ -81.84046, 28.695753 ], [ -81.840855, 28.695755 ], [ -81.841116, 28.695753 ], [ -81.843104, 28.695745 ], [ -81.84451, 28.695755 ], [ -81.84627, 28.695769 ], [ -81.84705, 28.695756 ], [ -81.84814, 28.695775 ], [ -81.848892, 28.695764 ], [ -81.850557, 28.695778 ], [ -81.851474, 28.696123 ], [ -81.853484, 28.696111 ], [ -81.854157, 28.69633 ], [ -81.854427, 28.696428 ], [ -81.854745, 28.69647 ], [ -81.856254, 28.696514 ], [ -81.856562, 28.696527 ], [ -81.856706, 28.696522 ], [ -81.856982, 28.696493 ], [ -81.857182, 28.696471 ], [ -81.857169, 28.696408 ], [ -81.857017, 28.695652 ], [ -81.854997, 28.685655 ], [ -81.854928, 28.685315 ], [ -81.854267, 28.682029 ], [ -81.854059, 28.682028 ], [ -81.853929, 28.681376 ], [ -81.853739, 28.680423 ], [ -81.853556, 28.679467 ], [ -81.85339, 28.678424 ], [ -81.853265, 28.677317 ], [ -81.853226, 28.676783 ], [ -81.853222, 28.676478 ], [ -81.85322, 28.676325 ], [ -81.853213, 28.676157 ], [ -81.853195, 28.675715 ], [ -81.853184, 28.675412 ], [ -81.853179, 28.675199 ], [ -81.852932, 28.675064 ], [ -81.851244, 28.674194 ], [ -81.850961, 28.674052 ], [ -81.849334, 28.673234 ], [ -81.847857, 28.672475 ], [ -81.846943, 28.672013 ], [ -81.844961, 28.67101 ], [ -81.843004, 28.669977 ], [ -81.841695, 28.669341 ], [ -81.841072, 28.669006 ], [ -81.840829, 28.668875 ], [ -81.840229, 28.668568 ], [ -81.839334, 28.668118 ], [ -81.838584, 28.667758 ], [ -81.836178, 28.666551 ], [ -81.83533, 28.66611 ], [ -81.829439, 28.663126 ], [ -81.827414, 28.662087 ], [ -81.826251, 28.661507 ], [ -81.823321, 28.66001 ], [ -81.824589, 28.659817 ], [ -81.824751, 28.659784 ], [ -81.825025, 28.659762 ], [ -81.826123, 28.65958 ], [ -81.826827, 28.659581 ], [ -81.826947, 28.65969 ], [ -81.827371, 28.659943 ], [ -81.827546, 28.66008 ], [ -81.827689, 28.660251 ], [ -81.827833, 28.66035 ], [ -81.828631, 28.660669 ], [ -81.828906, 28.660735 ], [ -81.829093, 28.660735 ], [ -81.829561, 28.660641 ], [ -81.829997, 28.660509 ], [ -81.830384, 28.660443 ], [ -81.830405, 28.660437 ], [ -81.830409, 28.661201 ], [ -81.830419, 28.663187 ], [ -81.831642, 28.663183 ], [ -81.833674, 28.663175 ], [ -81.833972, 28.663174 ], [ -81.836447, 28.663166 ], [ -81.840709, 28.663151 ], [ -81.840717, 28.663949 ], [ -81.840771, 28.663952 ], [ -81.840921, 28.663902 ], [ -81.841276, 28.663671 ], [ -81.841663, 28.663577 ], [ -81.841825, 28.663572 ], [ -81.841994, 28.663605 ], [ -81.842293, 28.663753 ], [ -81.843061, 28.664287 ], [ -81.843801, 28.664959 ], [ -81.843872, 28.665024 ], [ -81.844159, 28.665194 ], [ -81.84439, 28.665211 ], [ -81.844508, 28.665189 ], [ -81.844633, 28.665106 ], [ -81.844695, 28.664985 ], [ -81.844706, 28.664956 ], [ -81.844751, 28.664842 ], [ -81.844863, 28.66433 ], [ -81.844963, 28.66411 ], [ -81.845169, 28.663775 ], [ -81.845275, 28.663362 ], [ -81.845387, 28.663213 ], [ -81.845543, 28.663147 ], [ -81.846011, 28.663147 ], [ -81.846348, 28.663032 ], [ -81.84656, 28.662927 ], [ -81.846834, 28.662685 ], [ -81.847077, 28.662344 ], [ -81.847127, 28.662245 ], [ -81.847302, 28.662041 ], [ -81.847576, 28.661903 ], [ -81.847925, 28.661573 ], [ -81.848063, 28.661469 ], [ -81.848119, 28.661447 ], [ -81.848393, 28.66127 ], [ -81.848462, 28.661199 ], [ -81.848674, 28.660858 ], [ -81.848817, 28.660726 ], [ -81.848873, 28.660697 ], [ -81.848967, 28.660648 ], [ -81.84916, 28.660615 ], [ -81.849247, 28.660643 ], [ -81.849341, 28.660698 ], [ -81.849547, 28.660863 ], [ -81.849678, 28.661011 ], [ -81.849886, 28.661303 ], [ -81.85039, 28.661305 ], [ -81.850308, 28.661183 ], [ -81.850288, 28.661155 ], [ -81.849961, 28.660708 ], [ -81.849716, 28.660399 ], [ -81.849241, 28.659832 ], [ -81.84877, 28.659313 ], [ -81.848421, 28.658967 ], [ -81.847953, 28.658523 ], [ -81.847434, 28.658077 ], [ -81.846872, 28.657616 ], [ -81.846565, 28.65739 ], [ -81.846716, 28.657264 ], [ -81.847049, 28.657524 ], [ -81.847569, 28.657951 ], [ -81.848061, 28.658374 ], [ -81.848307, 28.658601 ], [ -81.848804, 28.659083 ], [ -81.849078, 28.659372 ], [ -81.849224, 28.659535 ], [ -81.850298, 28.659472 ], [ -81.850757, 28.65947 ], [ -81.850754, 28.658431 ], [ -81.850739, 28.658443 ], [ -81.850582, 28.658574 ], [ -81.850338, 28.658695 ], [ -81.850039, 28.6587 ], [ -81.849821, 28.658651 ], [ -81.849552, 28.658547 ], [ -81.849328, 28.658359 ], [ -81.849184, 28.658194 ], [ -81.849084, 28.657903 ], [ -81.849022, 28.657573 ], [ -81.849009, 28.656995 ], [ -81.849078, 28.656703 ], [ -81.849134, 28.656582 ], [ -81.84924, 28.656395 ], [ -81.849333, 28.65628 ], [ -81.849682, 28.656043 ], [ -81.849926, 28.655966 ], [ -81.850007, 28.655872 ], [ -81.850013, 28.655828 ], [ -81.849969, 28.655718 ], [ -81.849851, 28.655575 ], [ -81.849757, 28.655394 ], [ -81.849732, 28.655223 ], [ -81.849769, 28.655086 ], [ -81.849919, 28.654948 ], [ -81.850056, 28.654926 ], [ -81.850499, 28.65503 ], [ -81.85058, 28.65503 ], [ -81.850743, 28.654986 ], [ -81.851023, 28.654876 ], [ -81.85121, 28.654832 ], [ -81.851678, 28.654816 ], [ -81.852021, 28.654705 ], [ -81.852239, 28.654606 ], [ -81.852476, 28.654469 ], [ -81.852551, 28.654447 ], [ -81.852745, 28.654441 ], [ -81.853019, 28.654507 ], [ -81.853293, 28.654518 ], [ -81.853568, 28.654573 ], [ -81.853711, 28.654573 ], [ -81.853948, 28.654496 ], [ -81.854098, 28.654408 ], [ -81.854235, 28.654287 ], [ -81.854397, 28.654072 ], [ -81.854547, 28.653923 ], [ -81.854778, 28.653593 ], [ -81.854884, 28.653373 ], [ -81.854946, 28.653301 ], [ -81.855021, 28.653109 ], [ -81.854983, 28.652718 ], [ -81.855552, 28.652581 ], [ -81.855808, 28.65269 ], [ -81.855925, 28.652839 ], [ -81.855947, 28.652867 ], [ -81.856667, 28.653339 ], [ -81.856823, 28.653373 ], [ -81.856839, 28.65338 ], [ -81.856936, 28.653422 ], [ -81.857574, 28.653457 ], [ -81.857687, 28.653463 ], [ -81.85793, 28.653627 ], [ -81.857895, 28.653885 ], [ -81.857879, 28.654006 ], [ -81.857532, 28.654316 ], [ -81.856918, 28.654628 ], [ -81.856799, 28.654606 ], [ -81.856543, 28.65456 ], [ -81.856381, 28.654443 ], [ -81.856296, 28.654042 ], [ -81.85552, 28.654119 ], [ -81.855067, 28.654453 ], [ -81.854639, 28.654623 ], [ -81.854616, 28.655025 ], [ -81.854575, 28.655068 ], [ -81.854657, 28.655065 ], [ -81.854653, 28.65721 ], [ -81.854704, 28.657169 ], [ -81.854773, 28.657114 ], [ -81.854854, 28.657109 ], [ -81.855297, 28.657543 ], [ -81.855453, 28.657626 ], [ -81.85564, 28.657697 ], [ -81.855834, 28.657736 ], [ -81.856283, 28.657791 ], [ -81.856464, 28.657846 ], [ -81.856669, 28.65795 ], [ -81.85685, 28.658099 ], [ -81.85715, 28.658577 ], [ -81.857244, 28.658649 ], [ -81.857257, 28.658663 ], [ -81.85735, 28.658704 ], [ -81.857593, 28.658742 ], [ -81.858011, 28.658753 ], [ -81.858653, 28.658824 ], [ -81.858928, 28.65883 ], [ -81.859259, 28.658885 ], [ -81.85934, 28.658885 ], [ -81.859402, 28.658868 ], [ -81.859477, 28.658841 ], [ -81.85967, 28.658835 ], [ -81.860163, 28.658719 ], [ -81.860681, 28.658713 ], [ -81.860974, 28.658752 ], [ -81.861192, 28.658823 ], [ -81.861748, 28.658955 ], [ -81.861997, 28.658999 ], [ -81.862047, 28.658988 ], [ -81.862128, 28.65895 ], [ -81.862159, 28.658911 ], [ -81.862228, 28.65874 ], [ -81.862228, 28.658619 ], [ -81.86219, 28.65852 ], [ -81.862165, 28.658306 ], [ -81.86219, 28.658108 ], [ -81.862265, 28.657893 ], [ -81.862371, 28.657723 ], [ -81.862545, 28.657557 ], [ -81.862732, 28.657486 ], [ -81.862976, 28.657458 ], [ -81.863054, 28.657463 ], [ -81.863144, 28.657469 ], [ -81.863614, 28.657587 ], [ -81.86361, 28.654162 ], [ -81.863614, 28.653127 ], [ -81.863616, 28.653059 ], [ -81.864254, 28.653054 ], [ -81.867733, 28.653076 ], [ -81.867733, 28.646439 ], [ -81.867738, 28.645817 ], [ -81.867739, 28.645762 ], [ -81.867781, 28.645762 ], [ -81.867951, 28.645764 ], [ -81.87154, 28.645774 ], [ -81.871909, 28.645778 ], [ -81.871919, 28.64381 ], [ -81.871898, 28.64381 ], [ -81.871881, 28.643625 ], [ -81.871516, 28.643606 ], [ -81.870627, 28.643561 ], [ -81.870645, 28.643286 ], [ -81.871922, 28.643352 ], [ -81.871922, 28.643324 ], [ -81.871936, 28.640607 ], [ -81.871943, 28.639388 ], [ -81.872396, 28.6413 ], [ -81.872399, 28.642052 ], [ -81.872399, 28.642067 ], [ -81.872401, 28.642651 ], [ -81.872513, 28.643126 ], [ -81.872478, 28.643648 ], [ -81.872832, 28.644277 ], [ -81.873065, 28.644972 ], [ -81.8737, 28.646863 ], [ -81.873946, 28.648219 ], [ -81.873469, 28.649942 ], [ -81.873482, 28.650169 ], [ -81.873566, 28.650169 ], [ -81.873643, 28.650835 ], [ -81.873504, 28.65136 ], [ -81.873673, 28.651466 ], [ -81.873677, 28.651901 ], [ -81.874117, 28.652317 ], [ -81.874786, 28.652274 ], [ -81.875692, 28.652216 ], [ -81.875923, 28.652322 ], [ -81.876567, 28.652618 ], [ -81.877265, 28.653314 ], [ -81.877629, 28.653956 ], [ -81.878081, 28.655039 ], [ -81.87794, 28.6566 ], [ -81.877478, 28.658095 ], [ -81.877576, 28.658757 ], [ -81.877743, 28.659869 ], [ -81.877779, 28.65997 ], [ -81.877878, 28.659863 ], [ -81.878229, 28.660254 ], [ -81.878405, 28.660974 ], [ -81.878523, 28.661746 ], [ -81.879402, 28.663392 ], [ -81.879461, 28.663932 ], [ -81.879452, 28.663962 ], [ -81.878962, 28.665527 ], [ -81.879138, 28.665836 ], [ -81.879285, 28.666068 ], [ -81.879255, 28.666402 ], [ -81.879183, 28.666459 ], [ -81.879023, 28.666479 ], [ -81.878843, 28.666508 ], [ -81.878517, 28.666573 ], [ -81.878179, 28.666798 ], [ -81.877962, 28.667079 ], [ -81.877831, 28.667332 ], [ -81.877768, 28.667822 ], [ -81.877762, 28.667992 ], [ -81.877818, 28.668196 ], [ -81.877998, 28.668532 ], [ -81.878198, 28.668724 ], [ -81.878822, 28.668989 ], [ -81.879065, 28.669214 ], [ -81.879133, 28.669357 ], [ -81.879089, 28.669919 ], [ -81.879095, 28.670106 ], [ -81.879214, 28.670419 ], [ -81.879426, 28.67065 ], [ -81.8796, 28.670744 ], [ -81.87995, 28.670799 ], [ -81.880474, 28.670777 ], [ -81.880967, 28.67053 ], [ -81.881248, 28.67047 ], [ -81.881304, 28.670459 ], [ -81.881522, 28.670591 ], [ -81.881927, 28.670987 ], [ -81.882264, 28.67146 ], [ -81.88237, 28.671923 ], [ -81.882445, 28.672033 ], [ -81.882594, 28.672187 ], [ -81.882912, 28.672457 ], [ -81.883093, 28.672545 ], [ -81.883623, 28.672671 ], [ -81.883973, 28.672991 ], [ -81.884166, 28.673095 ], [ -81.884222, 28.67315 ], [ -81.884247, 28.673266 ], [ -81.88396, 28.673442 ], [ -81.883797, 28.673656 ], [ -81.88376, 28.673937 ], [ -81.883797, 28.674019 ], [ -81.883897, 28.674097 ], [ -81.88414, 28.67413 ], [ -81.884178, 28.674179 ], [ -81.884172, 28.674322 ], [ -81.884065, 28.674537 ], [ -81.88404, 28.674652 ], [ -81.884022, 28.674828 ], [ -81.88409, 28.675175 ], [ -81.884165, 28.67539 ], [ -81.884277, 28.675577 ], [ -81.885094, 28.676155 ], [ -81.885294, 28.676226 ], [ -81.885574, 28.676292 ], [ -81.88563, 28.676315 ], [ -81.886017, 28.676375 ], [ -81.886148, 28.67648 ], [ -81.886154, 28.676595 ], [ -81.886017, 28.676727 ], [ -81.885718, 28.676771 ], [ -81.885568, 28.676865 ], [ -81.885468, 28.677096 ], [ -81.885343, 28.677261 ], [ -81.885249, 28.677332 ], [ -81.885068, 28.677349 ], [ -81.884781, 28.677338 ], [ -81.884563, 28.677387 ], [ -81.884564, 28.678039 ], [ -81.884689, 28.677932 ], [ -81.884945, 28.67817 ], [ -81.884606, 28.678456 ], [ -81.884796, 28.679039 ], [ -81.884705, 28.679075 ], [ -81.884558, 28.679134 ], [ -81.884552, 28.679607 ], [ -81.884551, 28.679675 ], [ -81.885152, 28.679681 ], [ -81.885441, 28.679673 ], [ -81.88568, 28.679654 ], [ -81.886081, 28.679589 ], [ -81.886274, 28.679539 ], [ -81.886286, 28.679588 ], [ -81.8863, 28.679613 ], [ -81.886299, 28.679988 ], [ -81.886284, 28.68064 ], [ -81.886278, 28.68081 ], [ -81.885765, 28.681074 ], [ -81.885307, 28.681131 ], [ -81.885329, 28.681063 ], [ -81.885323, 28.680683 ], [ -81.88521, 28.680408 ], [ -81.885017, 28.68021 ], [ -81.884874, 28.6801 ], [ -81.884637, 28.680066 ], [ -81.884543, 28.680011 ], [ -81.88463, 28.679764 ], [ -81.884506, 28.679764 ], [ -81.884393, 28.679764 ], [ -81.884056, 28.680099 ], [ -81.883963, 28.680138 ], [ -81.883414, 28.680138 ], [ -81.88327, 28.680182 ], [ -81.883052, 28.680347 ], [ -81.882914, 28.680611 ], [ -81.882852, 28.681386 ], [ -81.882783, 28.681579 ], [ -81.882683, 28.681733 ], [ -81.882465, 28.681892 ], [ -81.882408, 28.681914 ], [ -81.882202, 28.681892 ], [ -81.882096, 28.681821 ], [ -81.882084, 28.681771 ], [ -81.882246, 28.681606 ], [ -81.882371, 28.681535 ], [ -81.882346, 28.681513 ], [ -81.882065, 28.681573 ], [ -81.881803, 28.681722 ], [ -81.881304, 28.682128 ], [ -81.881067, 28.682409 ], [ -81.880936, 28.682645 ], [ -81.880523, 28.683036 ], [ -81.880143, 28.683591 ], [ -81.879987, 28.68358 ], [ -81.879325, 28.683503 ], [ -81.878882, 28.683327 ], [ -81.878527, 28.683244 ], [ -81.878396, 28.683178 ], [ -81.878246, 28.683052 ], [ -81.878122, 28.682809 ], [ -81.878141, 28.681533 ], [ -81.878172, 28.681324 ], [ -81.878173, 28.680289 ], [ -81.878098, 28.679948 ], [ -81.877961, 28.679827 ], [ -81.877424, 28.679788 ], [ -81.877106, 28.679799 ], [ -81.87705, 28.679805 ], [ -81.8768, 28.679788 ], [ -81.876657, 28.679816 ], [ -81.876489, 28.679865 ], [ -81.876457, 28.679964 ], [ -81.876651, 28.68008 ], [ -81.87675, 28.680267 ], [ -81.876968, 28.680927 ], [ -81.877005, 28.681742 ], [ -81.876862, 28.682017 ], [ -81.876699, 28.682154 ], [ -81.876181, 28.682275 ], [ -81.875988, 28.682374 ], [ -81.875726, 28.68239 ], [ -81.875557, 28.682335 ], [ -81.875451, 28.682252 ], [ -81.875321, 28.681966 ], [ -81.875202, 28.681829 ], [ -81.875077, 28.681774 ], [ -81.874839, 28.681736 ], [ -81.874764, 28.686493 ], [ -81.875, 28.686571 ], [ -81.875018, 28.686582 ], [ -81.875112, 28.686698 ], [ -81.87518, 28.686924 ], [ -81.875124, 28.687155 ], [ -81.875001, 28.687274 ], [ -81.874789, 28.687529 ], [ -81.874793, 28.689384 ], [ -81.874554, 28.689734 ], [ -81.874516, 28.689998 ], [ -81.874535, 28.690168 ], [ -81.874598, 28.690355 ], [ -81.874679, 28.690487 ], [ -81.874785, 28.69057 ], [ -81.874747, 28.694108 ], [ -81.875001, 28.6945 ], [ -81.875662, 28.695094 ], [ -81.875862, 28.695078 ], [ -81.876068, 28.69483 ], [ -81.876106, 28.694753 ], [ -81.876412, 28.69444 ], [ -81.876699, 28.694324 ], [ -81.876992, 28.694358 ], [ -81.877504, 28.694583 ], [ -81.877759, 28.694815 ], [ -81.87784, 28.694936 ], [ -81.877809, 28.695343 ], [ -81.877734, 28.69592 ], [ -81.877946, 28.696449 ], [ -81.877917, 28.69662 ], [ -81.878867, 28.696627 ], [ -81.884851, 28.696668 ], [ -81.889404, 28.696699 ], [ -81.891087, 28.696711 ], [ -81.891789, 28.696716 ], [ -81.893845, 28.696724 ], [ -81.895159, 28.696738 ], [ -81.895264, 28.69674 ], [ -81.895389, 28.698574 ], [ -81.895651, 28.702446 ], [ -81.895822, 28.704951 ], [ -81.895882, 28.705845 ], [ -81.896006, 28.707662 ], [ -81.896134, 28.709423 ], [ -81.896265, 28.711453 ], [ -81.896346, 28.712704 ], [ -81.896453, 28.714204 ], [ -81.896484, 28.714733 ], [ -81.896494, 28.714901 ], [ -81.896496, 28.715176 ], [ -81.89642, 28.715096 ], [ -81.896233, 28.71492 ], [ -81.89621, 28.714899 ], [ -81.892584, 28.711468 ], [ -81.889209, 28.708257 ], [ -81.889095, 28.708403 ], [ -81.888931, 28.708605 ], [ -81.895558, 28.714955 ], [ -81.895338, 28.714962 ], [ -81.895307, 28.714932 ], [ -81.894126, 28.714925 ], [ -81.89332, 28.714925 ], [ -81.893294, 28.717697 ], [ -81.893289, 28.718213 ], [ -81.893228, 28.72569 ], [ -81.892953, 28.725692 ], [ -81.892477, 28.725671 ], [ -81.891623, 28.725691 ], [ -81.890793, 28.725694 ], [ -81.889854, 28.725707 ], [ -81.889121, 28.725704 ], [ -81.888324, 28.725688 ], [ -81.888171, 28.725673 ], [ -81.888151, 28.725668 ], [ -81.88815, 28.725711 ], [ -81.888152, 28.72579 ], [ -81.888032, 28.725791 ], [ -81.886763, 28.725793 ], [ -81.892351, 28.728484 ], [ -81.893304, 28.728982 ], [ -81.894259, 28.729464 ], [ -81.894653, 28.729664 ], [ -81.896327, 28.730566 ], [ -81.896274, 28.734729 ], [ -81.894586, 28.734704 ], [ -81.892907, 28.733829 ], [ -81.892807, 28.733686 ], [ -81.892732, 28.733521 ], [ -81.892337, 28.732933 ], [ -81.892258, 28.732816 ], [ -81.892223, 28.732738 ], [ -81.892189, 28.732664 ], [ -81.892186, 28.733101 ], [ -81.89217, 28.734884 ], [ -81.892162, 28.735794 ], [ -81.892154, 28.736743 ], [ -81.892157, 28.73756 ], [ -81.892157, 28.737598 ], [ -81.892166, 28.737679 ], [ -81.892159, 28.738677 ], [ -81.890791, 28.738669 ], [ -81.888053, 28.738556 ], [ -81.886324, 28.738528 ], [ -81.885975, 28.738522 ], [ -81.8839, 28.738505 ], [ -81.883901, 28.738679 ], [ -81.883885, 28.740328 ], [ -81.883869, 28.741663 ], [ -81.883853, 28.743033 ], [ -81.887924, 28.743092 ], [ -81.887922, 28.743217 ], [ -81.887913, 28.74401 ], [ -81.887914, 28.744046 ], [ -81.887915, 28.744144 ], [ -81.886911, 28.744119 ], [ -81.886912, 28.744277 ], [ -81.886907, 28.744809 ], [ -81.886005, 28.744804 ], [ -81.885428, 28.745327 ], [ -81.885424, 28.745991 ], [ -81.883816, 28.745984 ], [ -81.88383, 28.747553 ], [ -81.883831, 28.747656 ], [ -81.887942, 28.74768 ], [ -81.888979, 28.747683 ], [ -81.889964, 28.747687 ], [ -81.892115, 28.747694 ], [ -81.894225, 28.747702 ], [ -81.894573, 28.747703 ], [ -81.89512, 28.747705 ], [ -81.895525, 28.747707 ], [ -81.895428, 28.747853 ], [ -81.895328, 28.747979 ], [ -81.89505, 28.748291 ], [ -81.894929, 28.748414 ], [ -81.894848, 28.748498 ], [ -81.890096, 28.752665 ], [ -81.889732, 28.752981 ], [ -81.888557, 28.754006 ], [ -81.88863, 28.754082 ], [ -81.888743, 28.754213 ], [ -81.888781, 28.754268 ], [ -81.888815, 28.754353 ], [ -81.888825, 28.754422 ], [ -81.888805, 28.754632 ], [ -81.888808, 28.754697 ], [ -81.888833, 28.754803 ], [ -81.888926, 28.755004 ], [ -81.888952, 28.755106 ], [ -81.888967, 28.755236 ], [ -81.888951, 28.756323 ], [ -81.888922, 28.7565 ], [ -81.889082, 28.756394 ], [ -81.88929, 28.756277 ], [ -81.889641, 28.756093 ], [ -81.890277, 28.755777 ], [ -81.890623, 28.755597 ], [ -81.890847, 28.75549 ], [ -81.891007, 28.755424 ], [ -81.891169, 28.755363 ], [ -81.891454, 28.755272 ], [ -81.891552, 28.755246 ], [ -81.891669, 28.755222 ], [ -81.891945, 28.755188 ], [ -81.892155, 28.755176 ], [ -81.892437, 28.755172 ], [ -81.893193, 28.755182 ], [ -81.893829, 28.755186 ], [ -81.895573, 28.755207 ], [ -81.896464, 28.75521 ], [ -81.896513, 28.755216 ], [ -81.896561, 28.755227 ], [ -81.896663, 28.755266 ], [ -81.8967, 28.755289 ], [ -81.896751, 28.755329 ], [ -81.896822, 28.755407 ], [ -81.896866, 28.755471 ], [ -81.896896, 28.755534 ], [ -81.896907, 28.755576 ], [ -81.896909, 28.755629 ], [ -81.896896, 28.75572 ], [ -81.896869, 28.755832 ], [ -81.896805, 28.756029 ], [ -81.896769, 28.756131 ], [ -81.896732, 28.756237 ], [ -81.896678, 28.75641 ], [ -81.896614, 28.756618 ], [ -81.896554, 28.756801 ], [ -81.896506, 28.75694 ], [ -81.896477, 28.757002 ], [ -81.896442, 28.757057 ], [ -81.896415, 28.757091 ], [ -81.896381, 28.757123 ], [ -81.89634, 28.757151 ], [ -81.896306, 28.757169 ], [ -81.896258, 28.757185 ], [ -81.896145, 28.757203 ], [ -81.895346, 28.757211 ], [ -81.894435, 28.757199 ], [ -81.893188, 28.757201 ], [ -81.892618, 28.757192 ], [ -81.892352, 28.757176 ], [ -81.892286, 28.757178 ], [ -81.892117, 28.757195 ], [ -81.892059, 28.757212 ], [ -81.891923, 28.757271 ], [ -81.891268, 28.757614 ], [ -81.890212, 28.758166 ], [ -81.889989, 28.758268 ], [ -81.889765, 28.758357 ], [ -81.88952, 28.75843 ], [ -81.889398, 28.758458 ], [ -81.889315, 28.758472 ], [ -81.889157, 28.758485 ], [ -81.889092, 28.758487 ], [ -81.888966, 28.75849 ], [ -81.888856, 28.758493 ], [ -81.888782, 28.758495 ], [ -81.888775, 28.758707 ], [ -81.888779, 28.759012 ], [ -81.888805, 28.759326 ], [ -81.888827, 28.759538 ], [ -81.888856, 28.759808 ], [ -81.888876, 28.759989 ], [ -81.888869, 28.760033 ], [ -81.888849, 28.760077 ], [ -81.888821, 28.760103 ], [ -81.888276, 28.760353 ], [ -81.888033, 28.760455 ], [ -81.887362, 28.760758 ], [ -81.886944, 28.760927 ], [ -81.886279, 28.76123 ], [ -81.885992, 28.761334 ], [ -81.885868, 28.761372 ], [ -81.885604, 28.76144 ], [ -81.885362, 28.761487 ], [ -81.885139, 28.761516 ], [ -81.884846, 28.761545 ], [ -81.884495, 28.761559 ], [ -81.884429, 28.76155 ], [ -81.884363, 28.761527 ], [ -81.884308, 28.761494 ], [ -81.884263, 28.761449 ], [ -81.883752, 28.76145 ], [ -81.883642, 28.761456 ], [ -81.883537, 28.761474 ], [ -81.883487, 28.761494 ], [ -81.883352, 28.761586 ], [ -81.882915, 28.761954 ], [ -81.882596, 28.762242 ], [ -81.882406, 28.762413 ], [ -81.882321, 28.762497 ], [ -81.882248, 28.762542 ], [ -81.882188, 28.762564 ], [ -81.882061, 28.762589 ], [ -81.881954, 28.762595 ], [ -81.881743, 28.762592 ], [ -81.881584, 28.762598 ], [ -81.881525, 28.762589 ], [ -81.881475, 28.762567 ], [ -81.881416, 28.762524 ], [ -81.881394, 28.76249 ], [ -81.881377, 28.762417 ], [ -81.881369, 28.762157 ], [ -81.881377, 28.762004 ], [ -81.881388, 28.761929 ], [ -81.881436, 28.761729 ], [ -81.881492, 28.761573 ], [ -81.881518, 28.761514 ], [ -81.8816, 28.761346 ], [ -81.881731, 28.761111 ], [ -81.88181, 28.760989 ], [ -81.881899, 28.760875 ], [ -81.881959, 28.76081 ], [ -81.882368, 28.760447 ], [ -81.882643, 28.760188 ], [ -81.882761, 28.760068 ], [ -81.882903, 28.759898 ], [ -81.883021, 28.759665 ], [ -81.883047, 28.759622 ], [ -81.883171, 28.759433 ], [ -81.883202, 28.759392 ], [ -81.883292, 28.759274 ], [ -81.88334, 28.759232 ], [ -81.883404, 28.759197 ], [ -81.883454, 28.759184 ], [ -81.883516, 28.759183 ], [ -81.883592, 28.759181 ], [ -81.883892, 28.759192 ], [ -81.884248, 28.759195 ], [ -81.88425, 28.759105 ], [ -81.884905, 28.759005 ], [ -81.885492, 28.758895 ], [ -81.885783, 28.75885 ], [ -81.885904, 28.758825 ], [ -81.885919, 28.758822 ], [ -81.886031, 28.758799 ], [ -81.88604, 28.758631 ], [ -81.886034, 28.758488 ], [ -81.886028, 28.758355 ], [ -81.886015, 28.758174 ], [ -81.88601, 28.757998 ], [ -81.886006, 28.757867 ], [ -81.886008, 28.757697 ], [ -81.886045, 28.757202 ], [ -81.886049, 28.756921 ], [ -81.886041, 28.756868 ], [ -81.886008, 28.756791 ], [ -81.88596, 28.756725 ], [ -81.885854, 28.756619 ], [ -81.885706, 28.756498 ], [ -81.88564, 28.756557 ], [ -81.883281, 28.758626 ], [ -81.882457, 28.759344 ], [ -81.882063, 28.759683 ], [ -81.881875, 28.759858 ], [ -81.881632, 28.760118 ], [ -81.881485, 28.760304 ], [ -81.881415, 28.760395 ], [ -81.881312, 28.760556 ], [ -81.881202, 28.760729 ], [ -81.881023, 28.761078 ], [ -81.880936, 28.761294 ], [ -81.880889, 28.76141 ], [ -81.880804, 28.761714 ], [ -81.880752, 28.762023 ], [ -81.880738, 28.762232 ], [ -81.880729, 28.762389 ], [ -81.88073, 28.762589 ], [ -81.880745, 28.762826 ], [ -81.880862, 28.763484 ], [ -81.880922, 28.763679 ], [ -81.880994, 28.763874 ], [ -81.881077, 28.764065 ], [ -81.881421, 28.7647 ], [ -81.881441, 28.764737 ], [ -81.881467, 28.764726 ], [ -81.881518, 28.764712 ], [ -81.881543, 28.76476 ], [ -81.88173, 28.764733 ], [ -81.882496, 28.764481 ], [ -81.882564, 28.764459 ], [ -81.883153, 28.76437 ], [ -81.883299, 28.764348 ], [ -81.883321, 28.764345 ], [ -81.883383, 28.764235 ], [ -81.883423, 28.764168 ], [ -81.883529, 28.764118 ], [ -81.883858, 28.763969 ], [ -81.884196, 28.763758 ], [ -81.884372, 28.763648 ], [ -81.884924, 28.763382 ], [ -81.885138, 28.763279 ], [ -81.885626, 28.763105 ], [ -81.885858, 28.762799 ], [ -81.886283, 28.762442 ], [ -81.88633, 28.762403 ], [ -81.88636, 28.76239 ], [ -81.886529, 28.762318 ], [ -81.887247, 28.76201 ], [ -81.888216, 28.761897 ], [ -81.8891, 28.76201 ], [ -81.889655, 28.762049 ], [ -81.890226, 28.761717 ], [ -81.890881, 28.761665 ], [ -81.891023, 28.761694 ], [ -81.891609, 28.761812 ], [ -81.892018, 28.761777 ], [ -81.89267, 28.761437 ], [ -81.893174, 28.761393 ], [ -81.89371, 28.761362 ], [ -81.894222, 28.761078 ], [ -81.894778, 28.760926 ], [ -81.895084, 28.761055 ], [ -81.89552, 28.761434 ], [ -81.896083, 28.76173 ], [ -81.896787, 28.761999 ], [ -81.896896, 28.76204 ], [ -81.896993, 28.762077 ], [ -81.897078, 28.76211 ], [ -81.89782, 28.762096 ], [ -81.898416, 28.762104 ], [ -81.899211, 28.762158 ], [ -81.900069, 28.762122 ], [ -81.900994, 28.761933 ], [ -81.902107, 28.761871 ], [ -81.902664, 28.762206 ], [ -81.903888, 28.762926 ], [ -81.905335, 28.763096 ], [ -81.906406, 28.763222 ], [ -81.906397, 28.765065 ], [ -81.906394, 28.766076 ], [ -81.912569, 28.766165 ], [ -81.91256, 28.768146 ], [ -81.912529, 28.769569 ], [ -81.91301, 28.76957 ], [ -81.913132, 28.76957 ], [ -81.916646, 28.769563 ], [ -81.917081, 28.769674 ], [ -81.921514, 28.770375 ], [ -81.922953, 28.770732 ], [ -81.924633, 28.771149 ], [ -81.927209, 28.772226 ], [ -81.931107, 28.773457 ], [ -81.93319, 28.774513 ], [ -81.934796, 28.775754 ], [ -81.936446, 28.777446 ], [ -81.93771, 28.778729 ], [ -81.939175, 28.780128 ], [ -81.940658, 28.781499 ], [ -81.944272, 28.784907 ], [ -81.944389, 28.784996 ], [ -81.944423, 28.785023 ], [ -81.947317, 28.787352 ], [ -81.949832, 28.78888 ], [ -81.949909, 28.78895 ], [ -81.950372, 28.789197 ], [ -81.950409, 28.789296 ], [ -81.950403, 28.789336 ], [ -81.953585, 28.791247 ], [ -81.953578, 28.791849 ], [ -81.95358, 28.792448 ], [ -81.953598, 28.796054 ], [ -81.953605, 28.797256 ], [ -81.953609, 28.798122 ], [ -81.953613, 28.798987 ], [ -81.953616, 28.799553 ], [ -81.953616, 28.799591 ], [ -81.953634, 28.803184 ], [ -81.953636, 28.803527 ], [ -81.953653, 28.8069 ], [ -81.953663, 28.808692 ], [ -81.953671, 28.810217 ], [ -81.953672, 28.810433 ], [ -81.953673, 28.810557 ], [ -81.953685, 28.812772 ] ] ] ] } },
{ "type": "Feature", "properties": { "ZCTA5CE20": "32811", "GEOID20": "32811", "GEOIDFQ20": "860Z200US32811", "CLASSFP20": "B5", "MTFCC20": "G6350", "FUNCSTAT20": "S", "ALAND20": 21512867, "AWATER20": 1474912, "INTPTLAT20": "+28.5210395", "INTPTLON20": "-081.4477315" }, "geometry": { "type": "MultiPolygon", "coordinates": [ [ [ [ -81.473212, 28.497397 ], [ -81.472282, 28.497404 ], [ -81.47223, 28.497404 ], [ -81.472047, 28.497409 ], [ -81.468266, 28.501009 ], [ -81.465995, 28.502523 ], [ -81.464084, 28.502793 ], [ -81.46231, 28.502618 ], [ -81.459108, 28.502613 ], [ -81.459128, 28.504661 ], [ -81.459101, 28.505607 ], [ -81.459108, 28.50634 ], [ -81.45912, 28.507045 ], [ -81.459128, 28.507177 ], [ -81.459135, 28.507879 ], [ -81.459124, 28.508216 ], [ -81.459133, 28.508684 ], [ -81.459139, 28.508964 ], [ -81.459137, 28.509076 ], [ -81.459164, 28.51049 ], [ -81.459259, 28.510488 ], [ -81.459389, 28.510503 ], [ -81.459474, 28.510522 ], [ -81.459597, 28.510564 ], [ -81.459674, 28.5106 ], [ -81.459746, 28.510651 ], [ -81.459807, 28.510711 ], [ -81.459859, 28.510779 ], [ -81.459888, 28.510825 ], [ -81.460072, 28.511114 ], [ -81.460103, 28.51116 ], [ -81.460382, 28.511572 ], [ -81.460449, 28.511662 ], [ -81.460513, 28.511731 ], [ -81.460583, 28.511795 ], [ -81.460658, 28.511854 ], [ -81.460738, 28.511908 ], [ -81.460823, 28.511956 ], [ -81.460912, 28.511998 ], [ -81.461004, 28.512034 ], [ -81.4611, 28.512063 ], [ -81.461197, 28.512086 ], [ -81.461358, 28.512107 ], [ -81.4615, 28.512114 ], [ -81.461602, 28.512109 ], [ -81.461703, 28.512096 ], [ -81.461802, 28.512077 ], [ -81.4619, 28.51205 ], [ -81.461994, 28.512016 ], [ -81.462086, 28.511976 ], [ -81.46217, 28.51193 ], [ -81.46232, 28.51183 ], [ -81.46291, 28.511314 ], [ -81.463001, 28.511391 ], [ -81.46313, 28.511524 ], [ -81.463167, 28.511559 ], [ -81.463232, 28.51162 ], [ -81.463299, 28.511684 ], [ -81.463374, 28.511756 ], [ -81.463412, 28.5118 ], [ -81.463478, 28.511894 ], [ -81.463528, 28.511995 ], [ -81.463562, 28.512102 ], [ -81.46358, 28.512211 ], [ -81.463585, 28.512485 ], [ -81.463592, 28.512841 ], [ -81.463595, 28.513041 ], [ -81.463605, 28.513642 ], [ -81.463609, 28.513843 ], [ -81.463848, 28.513868 ], [ -81.463864, 28.517718 ], [ -81.464499, 28.517716 ], [ -81.465222, 28.517711 ], [ -81.465634, 28.517709 ], [ -81.46578, 28.517715 ], [ -81.465926, 28.517734 ], [ -81.466068, 28.517764 ], [ -81.466207, 28.517805 ], [ -81.466341, 28.517858 ], [ -81.466482, 28.517925 ], [ -81.466627, 28.518018 ], [ -81.466706, 28.51808 ], [ -81.466785, 28.51815 ], [ -81.466855, 28.51822 ], [ -81.466947, 28.518329 ], [ -81.467045, 28.518484 ], [ -81.467078, 28.518549 ], [ -81.46709, 28.518571 ], [ -81.467121, 28.518641 ], [ -81.467166, 28.518786 ], [ -81.467184, 28.518875 ], [ -81.467197, 28.51897 ], [ -81.467203, 28.519065 ], [ -81.467205, 28.519254 ], [ -81.467212, 28.519822 ], [ -81.467219, 28.520391 ], [ -81.467226, 28.521535 ], [ -81.46722, 28.521624 ], [ -81.467202, 28.521713 ], [ -81.467162, 28.521829 ], [ -81.467126, 28.521898 ], [ -81.467083, 28.521964 ], [ -81.467032, 28.522026 ], [ -81.466975, 28.522084 ], [ -81.466943, 28.522109 ], [ -81.466911, 28.522135 ], [ -81.466842, 28.522181 ], [ -81.466767, 28.522221 ], [ -81.466689, 28.522254 ], [ -81.466608, 28.522279 ], [ -81.466092, 28.522409 ], [ -81.465991, 28.522445 ], [ -81.465896, 28.522492 ], [ -81.465716, 28.522625 ], [ -81.465637, 28.522699 ], [ -81.465567, 28.522781 ], [ -81.465505, 28.522873 ], [ -81.465467, 28.522947 ], [ -81.465435, 28.523022 ], [ -81.465411, 28.5231 ], [ -81.465393, 28.523179 ], [ -81.465383, 28.52326 ], [ -81.465379, 28.52334 ], [ -81.465383, 28.523421 ], [ -81.465395, 28.523501 ], [ -81.465413, 28.523581 ], [ -81.46575, 28.524647 ], [ -81.465789, 28.524784 ], [ -81.465804, 28.524881 ], [ -81.465804, 28.524978 ], [ -81.46579, 28.525074 ], [ -81.465761, 28.525168 ], [ -81.465718, 28.525257 ], [ -81.465663, 28.525341 ], [ -81.465595, 28.525417 ], [ -81.465516, 28.525485 ], [ -81.465428, 28.525543 ], [ -81.465332, 28.52559 ], [ -81.465267, 28.525615 ], [ -81.465041, 28.525676 ], [ -81.463584, 28.526036 ], [ -81.463181, 28.526123 ], [ -81.463106, 28.526136 ], [ -81.462962, 28.52615 ], [ -81.462699, 28.526156 ], [ -81.462397, 28.526153 ], [ -81.462276, 28.526153 ], [ -81.462162, 28.526146 ], [ -81.462049, 28.526129 ], [ -81.461939, 28.526101 ], [ -81.461833, 28.526063 ], [ -81.461733, 28.526015 ], [ -81.461638, 28.525958 ], [ -81.461551, 28.525892 ], [ -81.461473, 28.525819 ], [ -81.461417, 28.525755 ], [ -81.461388, 28.525715 ], [ -81.461344, 28.525652 ], [ -81.460955, 28.524884 ], [ -81.460863, 28.524722 ], [ -81.460846, 28.524699 ], [ -81.460819, 28.524662 ], [ -81.460769, 28.524604 ], [ -81.460716, 28.52455 ], [ -81.460595, 28.524453 ], [ -81.460529, 28.524411 ], [ -81.460459, 28.524373 ], [ -81.460387, 28.52434 ], [ -81.460312, 28.524311 ], [ -81.460235, 28.524288 ], [ -81.460115, 28.524267 ], [ -81.459914, 28.524249 ], [ -81.459322, 28.524252 ], [ -81.459329, 28.525703 ], [ -81.459362, 28.527003 ], [ -81.459395, 28.527986 ], [ -81.459419, 28.529018 ], [ -81.459419, 28.529318 ], [ -81.459419, 28.529462 ], [ -81.459428, 28.529644 ], [ -81.459436, 28.530408 ], [ -81.459403, 28.531569 ], [ -81.459386, 28.53206 ], [ -81.459349, 28.532226 ], [ -81.459321, 28.53235 ], [ -81.459288, 28.532492 ], [ -81.459152, 28.532975 ], [ -81.459097, 28.533171 ], [ -81.458927, 28.53371 ], [ -81.458851, 28.53395 ], [ -81.458831, 28.534009 ], [ -81.458718, 28.534285 ], [ -81.458554, 28.534829 ], [ -81.458367, 28.535592 ], [ -81.45828, 28.536426 ], [ -81.458264, 28.537629 ], [ -81.458262, 28.537842 ], [ -81.45826, 28.537989 ], [ -81.45826, 28.53803 ], [ -81.458316, 28.53802 ], [ -81.458383, 28.538011 ], [ -81.458577, 28.537987 ], [ -81.458665, 28.537981 ], [ -81.45907, 28.537974 ], [ -81.4593, 28.537971 ], [ -81.4593, 28.538293 ], [ -81.4593, 28.53926 ], [ -81.4593, 28.539583 ], [ -81.459301, 28.539824 ], [ -81.459306, 28.540422 ], [ -81.459312, 28.540548 ], [ -81.459326, 28.54079 ], [ -81.459336, 28.540966 ], [ -81.459336, 28.54098 ], [ -81.459343, 28.541355 ], [ -81.459339, 28.541552 ], [ -81.459336, 28.541743 ], [ -81.459324, 28.542025 ], [ -81.459317, 28.542195 ], [ -81.459314, 28.542874 ], [ -81.459314, 28.543157 ], [ -81.459321, 28.545026 ], [ -81.45842, 28.545041 ], [ -81.45823, 28.545045 ], [ -81.458065, 28.545992 ], [ -81.45749, 28.547646 ], [ -81.457229, 28.548285 ], [ -81.457042, 28.548849 ], [ -81.45669, 28.548721 ], [ -81.455727, 28.548496 ], [ -81.454876, 28.548342 ], [ -81.453748, 28.548219 ], [ -81.453275, 28.548178 ], [ -81.452611, 28.54817 ], [ -81.451548, 28.548181 ], [ -81.449949, 28.548203 ], [ -81.449468, 28.548204 ], [ -81.447507, 28.548211 ], [ -81.446705, 28.548214 ], [ -81.444629, 28.548219 ], [ -81.444107, 28.548226 ], [ -81.443467, 28.548235 ], [ -81.443238, 28.548238 ], [ -81.443205, 28.548234 ], [ -81.442958, 28.548243 ], [ -81.442702, 28.548229 ], [ -81.441828, 28.548231 ], [ -81.4415, 28.548234 ], [ -81.440754, 28.548236 ], [ -81.440349, 28.548244 ], [ -81.439766, 28.548256 ], [ -81.439496, 28.548255 ], [ -81.43869, 28.548253 ], [ -81.438421, 28.548253 ], [ -81.437968, 28.548236 ], [ -81.437053, 28.548258 ], [ -81.436443, 28.548251 ], [ -81.436095, 28.548247 ], [ -81.435919, 28.548236 ], [ -81.435663, 28.548193 ], [ -81.435587, 28.548185 ], [ -81.435499, 28.548175 ], [ -81.434831, 28.54804 ], [ -81.433835, 28.547668 ], [ -81.432718, 28.547113 ], [ -81.432404, 28.546949 ], [ -81.431775, 28.546621 ], [ -81.431703, 28.546584 ], [ -81.431433, 28.546449 ], [ -81.431183, 28.546324 ], [ -81.431017, 28.54625 ], [ -81.430751, 28.546152 ], [ -81.430601, 28.546102 ], [ -81.430317, 28.546006 ], [ -81.430318, 28.545766 ], [ -81.430316, 28.545724 ], [ -81.430312, 28.545631 ], [ -81.430309, 28.545581 ], [ -81.430303, 28.545434 ], [ -81.430301, 28.545385 ], [ -81.4303, 28.545371 ], [ -81.4303, 28.545342 ], [ -81.430296, 28.545241 ], [ -81.43029, 28.54502 ], [ -81.43029, 28.544938 ], [ -81.43029, 28.544904 ], [ -81.430291, 28.544838 ], [ -81.430291, 28.544776 ], [ -81.430292, 28.544592 ], [ -81.430293, 28.544531 ], [ -81.430295, 28.544352 ], [ -81.430303, 28.543817 ], [ -81.430306, 28.543639 ], [ -81.430306, 28.543526 ], [ -81.430306, 28.543493 ], [ -81.430308, 28.54319 ], [ -81.430309, 28.543079 ], [ -81.430309, 28.542882 ], [ -81.430309, 28.542827 ], [ -81.430301, 28.542291 ], [ -81.430299, 28.542095 ], [ -81.430298, 28.542072 ], [ -81.430298, 28.542005 ], [ -81.430298, 28.541983 ], [ -81.430297, 28.541962 ], [ -81.430297, 28.5419 ], [ -81.430297, 28.54188 ], [ -81.430295, 28.541696 ], [ -81.430394, 28.541695 ], [ -81.430436, 28.541695 ], [ -81.43075, 28.541695 ], [ -81.43119, 28.541694 ], [ -81.431248, 28.541694 ], [ -81.431228, 28.54026 ], [ -81.430827, 28.540239 ], [ -81.430825, 28.540085 ], [ -81.429708, 28.539805 ], [ -81.429595, 28.539575 ], [ -81.429455, 28.539288 ], [ -81.429487, 28.538617 ], [ -81.429711, 28.538265 ], [ -81.429693, 28.53808 ], [ -81.428721, 28.538081 ], [ -81.42801, 28.538082 ], [ -81.426078, 28.538082 ], [ -81.426077, 28.537928 ], [ -81.425564, 28.537939 ], [ -81.424933, 28.537953 ], [ -81.425628, 28.537022 ], [ -81.425781, 28.536759 ], [ -81.42612, 28.536181 ], [ -81.426675, 28.535264 ], [ -81.426992, 28.534352 ], [ -81.427406, 28.533569 ], [ -81.427599, 28.532978 ], [ -81.427856, 28.532365 ], [ -81.427964, 28.532109 ], [ -81.428173, 28.531291 ], [ -81.428196, 28.531196 ], [ -81.428293, 28.530801 ], [ -81.42832, 28.530693 ], [ -81.428186, 28.530693 ], [ -81.426209, 28.530695 ], [ -81.426196, 28.530641 ], [ -81.426193, 28.5302 ], [ -81.42619, 28.529221 ], [ -81.426194, 28.528815 ], [ -81.426154, 28.528778 ], [ -81.426138, 28.528747 ], [ -81.426137, 28.528653 ], [ -81.426137, 28.52832 ], [ -81.426103, 28.528107 ], [ -81.4261, 28.527924 ], [ -81.426098, 28.527733 ], [ -81.426095, 28.52716 ], [ -81.426094, 28.52697 ], [ -81.426091, 28.526795 ], [ -81.426084, 28.526273 ], [ -81.426082, 28.526099 ], [ -81.426078, 28.525918 ], [ -81.426078, 28.525879 ], [ -81.426064, 28.525588 ], [ -81.426062, 28.525376 ], [ -81.426062, 28.525196 ], [ -81.426061, 28.525122 ], [ -81.426061, 28.524903 ], [ -81.426061, 28.52483 ], [ -81.426059, 28.524541 ], [ -81.426054, 28.523674 ], [ -81.426053, 28.523385 ], [ -81.426053, 28.523292 ], [ -81.426053, 28.523016 ], [ -81.426053, 28.522924 ], [ -81.426053, 28.52283 ], [ -81.426053, 28.522551 ], [ -81.426054, 28.522518 ], [ -81.426051, 28.522458 ], [ -81.426047, 28.522357 ], [ -81.426043, 28.522245 ], [ -81.42604, 28.522054 ], [ -81.426039, 28.521954 ], [ -81.426038, 28.521872 ], [ -81.426035, 28.521625 ], [ -81.426034, 28.521544 ], [ -81.42603, 28.521159 ], [ -81.426031, 28.521106 ], [ -81.426044, 28.520447 ], [ -81.426042, 28.519794 ], [ -81.426042, 28.519357 ], [ -81.426043, 28.51912 ], [ -81.426035, 28.518891 ], [ -81.426027, 28.518622 ], [ -81.426025, 28.517655 ], [ -81.426018, 28.517495 ], [ -81.426001, 28.51703 ], [ -81.426002, 28.516915 ], [ -81.426007, 28.516569 ], [ -81.426009, 28.516455 ], [ -81.426006, 28.516382 ], [ -81.426, 28.516166 ], [ -81.425999, 28.516094 ], [ -81.425999, 28.51605 ], [ -81.425999, 28.51592 ], [ -81.425999, 28.515877 ], [ -81.425998, 28.5156 ], [ -81.425993, 28.515161 ], [ -81.425973, 28.513323 ], [ -81.425968, 28.513013 ], [ -81.425965, 28.51281 ], [ -81.425957, 28.512298 ], [ -81.425942, 28.511617 ], [ -81.425941, 28.511593 ], [ -81.42594, 28.511139 ], [ -81.425939, 28.509859 ], [ -81.425935, 28.509479 ], [ -81.425931, 28.508905 ], [ -81.425925, 28.508775 ], [ -81.425916, 28.508609 ], [ -81.425916, 28.50859 ], [ -81.425919, 28.508179 ], [ -81.425934, 28.508036 ], [ -81.425971, 28.507856 ], [ -81.426026, 28.507677 ], [ -81.426054, 28.50759 ], [ -81.426125, 28.507412 ], [ -81.426212, 28.50724 ], [ -81.426256, 28.507167 ], [ -81.426314, 28.507073 ], [ -81.42636, 28.507012 ], [ -81.426337, 28.506997 ], [ -81.426323, 28.50699 ], [ -81.426263, 28.506961 ], [ -81.426206, 28.506945 ], [ -81.426181, 28.506939 ], [ -81.426165, 28.506938 ], [ -81.42615, 28.506936 ], [ -81.426125, 28.506934 ], [ -81.426106, 28.506934 ], [ -81.426092, 28.506934 ], [ -81.426024, 28.506935 ], [ -81.425906, 28.506936 ], [ -81.425899, 28.506869 ], [ -81.425898, 28.506779 ], [ -81.425889, 28.505962 ], [ -81.424536, 28.505976 ], [ -81.423826, 28.505982 ], [ -81.423825, 28.505954 ], [ -81.423824, 28.505928 ], [ -81.423823, 28.505888 ], [ -81.423819, 28.505693 ], [ -81.423818, 28.505628 ], [ -81.423817, 28.50559 ], [ -81.423814, 28.505476 ], [ -81.423814, 28.505438 ], [ -81.423813, 28.505408 ], [ -81.423812, 28.505322 ], [ -81.423814, 28.505293 ], [ -81.423815, 28.505279 ], [ -81.423834, 28.505238 ], [ -81.423842, 28.505229 ], [ -81.423855, 28.505216 ], [ -81.423749, 28.505214 ], [ -81.423606, 28.505216 ], [ -81.423376, 28.505226 ], [ -81.423202, 28.505436 ], [ -81.422828, 28.505795 ], [ -81.422241, 28.506479 ], [ -81.422078, 28.506651 ], [ -81.421364, 28.507359 ], [ -81.42076, 28.507793 ], [ -81.420014, 28.508274 ], [ -81.419612, 28.508494 ], [ -81.419365, 28.508611 ], [ -81.418978, 28.508782 ], [ -81.418799, 28.508574 ], [ -81.418648, 28.508366 ], [ -81.418818, 28.508296 ], [ -81.41935, 28.50803 ], [ -81.419869, 28.507738 ], [ -81.420369, 28.507426 ], [ -81.420823, 28.507108 ], [ -81.420957, 28.506994 ], [ -81.421046, 28.50692 ], [ -81.42155, 28.506433 ], [ -81.422088, 28.505888 ], [ -81.422689, 28.50517 ], [ -81.422861, 28.504947 ], [ -81.423237, 28.504538 ], [ -81.423327, 28.504434 ], [ -81.423892, 28.503786 ], [ -81.424811, 28.502806 ], [ -81.425479, 28.50206 ], [ -81.425991, 28.501477 ], [ -81.427932, 28.499272 ], [ -81.429254, 28.497777 ], [ -81.430385, 28.496497 ], [ -81.432452, 28.494109 ], [ -81.432894, 28.4936 ], [ -81.433182, 28.493254 ], [ -81.433472, 28.492954 ], [ -81.433666, 28.492744 ], [ -81.434275, 28.492037 ], [ -81.436752, 28.489159 ], [ -81.440051, 28.486194 ], [ -81.440758, 28.485559 ], [ -81.440894, 28.485422 ], [ -81.44251, 28.484201 ], [ -81.442858, 28.483911 ], [ -81.443594, 28.48329 ], [ -81.444009, 28.482929 ], [ -81.444833, 28.482332 ], [ -81.44634, 28.481067 ], [ -81.44687, 28.480625 ], [ -81.447126, 28.480414 ], [ -81.447149, 28.480395 ], [ -81.447168, 28.48038 ], [ -81.447361, 28.480219 ], [ -81.448151, 28.479569 ], [ -81.449016, 28.47881 ], [ -81.449115, 28.478723 ], [ -81.449351, 28.479061 ], [ -81.45005, 28.479927 ], [ -81.450181, 28.480107 ], [ -81.451125, 28.48136 ], [ -81.451619, 28.482076 ], [ -81.451779, 28.482309 ], [ -81.452243, 28.482904 ], [ -81.453091, 28.484026 ], [ -81.454331, 28.485696 ], [ -81.454715, 28.486166 ], [ -81.454891, 28.486382 ], [ -81.455948, 28.487486 ], [ -81.456402, 28.487917 ], [ -81.456703, 28.488182 ], [ -81.457666, 28.488924 ], [ -81.458816, 28.489695 ], [ -81.459048, 28.489853 ], [ -81.462707, 28.492321 ], [ -81.463517, 28.492877 ], [ -81.464301, 28.49338 ], [ -81.464749, 28.493716 ], [ -81.465098, 28.493929 ], [ -81.465421, 28.494135 ], [ -81.466266, 28.49463 ], [ -81.466759, 28.494889 ], [ -81.467318, 28.495183 ], [ -81.468424, 28.495663 ], [ -81.469346, 28.496005 ], [ -81.471488, 28.496781 ], [ -81.472306, 28.497076 ], [ -81.472921, 28.497295 ], [ -81.473212, 28.497397 ] ], [ [ -81.464954, 28.494573 ], [ -81.464951, 28.494559 ], [ -81.464927, 28.494523 ], [ -81.464803, 28.494428 ], [ -81.464684, 28.494351 ], [ -81.464613, 28.494314 ], [ -81.464514, 28.494263 ], [ -81.464447, 28.49424 ], [ -81.464345, 28.494212 ], [ -81.464205, 28.494188 ], [ -81.463849, 28.494167 ], [ -81.463745, 28.494165 ], [ -81.463382, 28.494161 ], [ -81.463329, 28.494162 ], [ -81.462894, 28.494171 ], [ -81.462892, 28.494128 ], [ -81.462886, 28.493999 ], [ -81.462885, 28.493957 ], [ -81.462883, 28.493915 ], [ -81.462878, 28.493792 ], [ -81.462877, 28.493751 ], [ -81.462744, 28.493764 ], [ -81.462091, 28.493783 ], [ -81.462031, 28.493784 ], [ -81.461602, 28.493797 ], [ -81.46137, 28.493805 ], [ -81.461046, 28.493824 ], [ -81.460795, 28.493838 ], [ -81.460379, 28.493854 ], [ -81.460256, 28.493858 ], [ -81.460153, 28.493862 ], [ -81.459927, 28.493871 ], [ -81.459837, 28.493875 ], [ -81.459735, 28.49388 ], [ -81.459438, 28.493894 ], [ -81.459092, 28.493911 ], [ -81.459112, 28.495281 ], [ -81.45907, 28.495957 ], [ -81.459307, 28.495916 ], [ -81.459561, 28.495906 ], [ -81.459852, 28.496011 ], [ -81.460345, 28.496336 ], [ -81.460582, 28.496592 ], [ -81.460637, 28.496617 ], [ -81.460815, 28.49681 ], [ -81.460823, 28.496821 ], [ -81.460832, 28.49683 ], [ -81.460843, 28.496839 ], [ -81.460855, 28.496845 ], [ -81.460872, 28.496852 ], [ -81.460889, 28.496855 ], [ -81.460907, 28.496857 ], [ -81.460924, 28.496855 ], [ -81.460941, 28.496851 ], [ -81.460958, 28.496845 ], [ -81.460972, 28.496836 ], [ -81.460985, 28.496825 ], [ -81.461103, 28.496699 ], [ -81.46132, 28.496501 ], [ -81.461503, 28.496337 ], [ -81.461547, 28.496299 ], [ -81.461596, 28.496266 ], [ -81.46165, 28.496238 ], [ -81.461695, 28.496221 ], [ -81.461743, 28.496207 ], [ -81.461791, 28.496198 ], [ -81.461841, 28.496194 ], [ -81.461907, 28.496195 ], [ -81.461972, 28.496202 ], [ -81.462036, 28.496216 ], [ -81.46209, 28.496235 ], [ -81.46209, 28.496257 ], [ -81.462044, 28.496388 ], [ -81.462017, 28.49649 ], [ -81.462014, 28.49653 ], [ -81.462019, 28.49657 ], [ -81.462024, 28.496588 ], [ -81.46203, 28.496609 ], [ -81.462047, 28.496647 ], [ -81.46207, 28.496682 ], [ -81.462099, 28.496713 ], [ -81.462133, 28.49674 ], [ -81.46217, 28.496763 ], [ -81.462237, 28.496789 ], [ -81.462393, 28.496831 ], [ -81.462634, 28.496879 ], [ -81.46269, 28.496888 ], [ -81.462874, 28.496903 ], [ -81.46302, 28.496903 ], [ -81.463187, 28.496884 ], [ -81.46324, 28.496865 ], [ -81.463285, 28.496834 ], [ -81.463319, 28.496794 ], [ -81.463334, 28.496761 ], [ -81.4634, 28.496618 ], [ -81.463539, 28.496342 ], [ -81.463837, 28.495824 ], [ -81.463841, 28.495794 ], [ -81.463777, 28.495548 ], [ -81.463826, 28.49553 ], [ -81.463884, 28.495513 ], [ -81.463939, 28.495489 ], [ -81.46399, 28.49546 ], [ -81.464014, 28.495443 ], [ -81.464156, 28.495314 ], [ -81.464263, 28.4952 ], [ -81.46452, 28.494959 ], [ -81.464925, 28.49465 ], [ -81.464944, 28.494627 ], [ -81.464954, 28.494601 ], [ -81.464954, 28.494573 ] ] ] ] } },
{ "type": "Feature", "properties": { "ZCTA5CE20": "32808", "GEOID20": "32808", "GEOIDFQ20": "860Z200US32808", "CLASSFP20": "B5", "MTFCC20": "G6350", "FUNCSTAT20": "S", "ALAND20": 30760010, "AWATER20": 1726218, "INTPTLAT20": "+28.5801095", "INTPTLON20": "-081.4442995" }, "geometry": { "type": "MultiPolygon", "coordinates": [ [ [ [ -81.467941, 28.610128 ], [ -81.467938, 28.610196 ], [ -81.467934, 28.610327 ], [ -81.467928, 28.610456 ], [ -81.467925, 28.610556 ], [ -81.46791, 28.610674 ], [ -81.46788, 28.61079 ], [ -81.46786, 28.610834 ], [ -81.467807, 28.610952 ], [ -81.467758, 28.610932 ], [ -81.467592, 28.610874 ], [ -81.467513, 28.610847 ], [ -81.467341, 28.610792 ], [ -81.467163, 28.610749 ], [ -81.466928, 28.610712 ], [ -81.46687, 28.610703 ], [ -81.466702, 28.610687 ], [ -81.466644, 28.610681 ], [ -81.466507, 28.610676 ], [ -81.466415, 28.610673 ], [ -81.466092, 28.610685 ], [ -81.465925, 28.610695 ], [ -81.465731, 28.610708 ], [ -81.465452, 28.610725 ], [ -81.465235, 28.610739 ], [ -81.464618, 28.610773 ], [ -81.46434, 28.610789 ], [ -81.463732, 28.610825 ], [ -81.461908, 28.610935 ], [ -81.461789, 28.610943 ], [ -81.461674, 28.610939 ], [ -81.461301, 28.610972 ], [ -81.460976, 28.61099 ], [ -81.460004, 28.611048 ], [ -81.45968, 28.611068 ], [ -81.458974, 28.611095 ], [ -81.458779, 28.611103 ], [ -81.458034, 28.611124 ], [ -81.457396, 28.611147 ], [ -81.456856, 28.611161 ], [ -81.456151, 28.611181 ], [ -81.455716, 28.611198 ], [ -81.455276, 28.611211 ], [ -81.453184, 28.611275 ], [ -81.452653, 28.611281 ], [ -81.452116, 28.611289 ], [ -81.45178, 28.611311 ], [ -81.451733, 28.611082 ], [ -81.451726, 28.611007 ], [ -81.451725, 28.610994 ], [ -81.451721, 28.610333 ], [ -81.451724, 28.61008 ], [ -81.451725, 28.610013 ], [ -81.451719, 28.609772 ], [ -81.451404, 28.609768 ], [ -81.45046, 28.609758 ], [ -81.450208, 28.609756 ], [ -81.450176, 28.609764 ], [ -81.45015, 28.609778 ], [ -81.450137, 28.609789 ], [ -81.450119, 28.609813 ], [ -81.45011, 28.60984 ], [ -81.450112, 28.610086 ], [ -81.450115, 28.610269 ], [ -81.450138, 28.611052 ], [ -81.450148, 28.611374 ], [ -81.450148, 28.611408 ], [ -81.450149, 28.611417 ], [ -81.449995, 28.611443 ], [ -81.449782, 28.611486 ], [ -81.449724, 28.611497 ], [ -81.448533, 28.611722 ], [ -81.448278, 28.61177 ], [ -81.448251, 28.611775 ], [ -81.448234, 28.611778 ], [ -81.447679, 28.611888 ], [ -81.44757, 28.611912 ], [ -81.447114, 28.612001 ], [ -81.446718, 28.612072 ], [ -81.445639, 28.612281 ], [ -81.445163, 28.612369 ], [ -81.443842, 28.612633 ], [ -81.443622, 28.612672 ], [ -81.443603, 28.612678 ], [ -81.443572, 28.612681 ], [ -81.443339, 28.612722 ], [ -81.443025, 28.612763 ], [ -81.442699, 28.61279 ], [ -81.442416, 28.612798 ], [ -81.442252, 28.612798 ], [ -81.441814, 28.612784 ], [ -81.441714, 28.612782 ], [ -81.441158, 28.612772 ], [ -81.440837, 28.612764 ], [ -81.439874, 28.61274 ], [ -81.439553, 28.612732 ], [ -81.439348, 28.612726 ], [ -81.438733, 28.612711 ], [ -81.438528, 28.612706 ], [ -81.438325, 28.612701 ], [ -81.437915, 28.612692 ], [ -81.437718, 28.612685 ], [ -81.437516, 28.612678 ], [ -81.437314, 28.612672 ], [ -81.436708, 28.612655 ], [ -81.436506, 28.61265 ], [ -81.43619, 28.61264 ], [ -81.435531, 28.612642 ], [ -81.434744, 28.612654 ], [ -81.434458, 28.612664 ], [ -81.434397, 28.612663 ], [ -81.432564, 28.612786 ], [ -81.432337, 28.612685 ], [ -81.432225, 28.612603 ], [ -81.432132, 28.612535 ], [ -81.432054, 28.612478 ], [ -81.43178, 28.612312 ], [ -81.431635, 28.612225 ], [ -81.431514, 28.612152 ], [ -81.431472, 28.61213 ], [ -81.430886, 28.611823 ], [ -81.430755, 28.611755 ], [ -81.429975, 28.611329 ], [ -81.42955, 28.611031 ], [ -81.428692, 28.610517 ], [ -81.428393, 28.610307 ], [ -81.428429, 28.610263 ], [ -81.428449, 28.610239 ], [ -81.42854, 28.610125 ], [ -81.428431, 28.610033 ], [ -81.428387, 28.610005 ], [ -81.428316, 28.609961 ], [ -81.428242, 28.609914 ], [ -81.428159, 28.609861 ], [ -81.428075, 28.609808 ], [ -81.428015, 28.609769 ], [ -81.427942, 28.609722 ], [ -81.427857, 28.609667 ], [ -81.427779, 28.609616 ], [ -81.427274, 28.609285 ], [ -81.427167, 28.609215 ], [ -81.427044, 28.609135 ], [ -81.426931, 28.609297 ], [ -81.426903, 28.609337 ], [ -81.426824, 28.609287 ], [ -81.425781, 28.608585 ], [ -81.425788, 28.608577 ], [ -81.425885, 28.608471 ], [ -81.425938, 28.608414 ], [ -81.42601, 28.608336 ], [ -81.426215, 28.608104 ], [ -81.426334, 28.607956 ], [ -81.426477, 28.607779 ], [ -81.426484, 28.60777 ], [ -81.426556, 28.607694 ], [ -81.426601, 28.607654 ], [ -81.426637, 28.607624 ], [ -81.426726, 28.607563 ], [ -81.426822, 28.60751 ], [ -81.426924, 28.607467 ], [ -81.427074, 28.607432 ], [ -81.427085, 28.60743 ], [ -81.427249, 28.607406 ], [ -81.427281, 28.60754 ], [ -81.427301, 28.607592 ], [ -81.427332, 28.607668 ], [ -81.427375, 28.607751 ], [ -81.427426, 28.60783 ], [ -81.427526, 28.607954 ], [ -81.427601, 28.60803 ], [ -81.427637, 28.608059 ], [ -81.427728, 28.608133 ], [ -81.427794, 28.608175 ], [ -81.427841, 28.608205 ], [ -81.427982, 28.608296 ], [ -81.42803, 28.608327 ], [ -81.428048, 28.6083 ], [ -81.428111, 28.60821 ], [ -81.428174, 28.608119 ], [ -81.428444, 28.607769 ], [ -81.428505, 28.607567 ], [ -81.428588, 28.607301 ], [ -81.428617, 28.606746 ], [ -81.428477, 28.606252 ], [ -81.428191, 28.605801 ], [ -81.428111, 28.605675 ], [ -81.42774, 28.605219 ], [ -81.42772, 28.605195 ], [ -81.42725, 28.604498 ], [ -81.427164, 28.604524 ], [ -81.427078, 28.60455 ], [ -81.426976, 28.604581 ], [ -81.426873, 28.604612 ], [ -81.4263, 28.60463 ], [ -81.425841, 28.604646 ], [ -81.42516, 28.604494 ], [ -81.42441, 28.603834 ], [ -81.424213, 28.603468 ], [ -81.424068, 28.603538 ], [ -81.423899, 28.603628 ], [ -81.423778, 28.603704 ], [ -81.423239, 28.604094 ], [ -81.423016, 28.604249 ], [ -81.422952, 28.604294 ], [ -81.422675, 28.604499 ], [ -81.422554, 28.60458 ], [ -81.422314, 28.604761 ], [ -81.422267, 28.604794 ], [ -81.422117, 28.604901 ], [ -81.421669, 28.605222 ], [ -81.42161, 28.605265 ], [ -81.421526, 28.605336 ], [ -81.421432, 28.605229 ], [ -81.421151, 28.604911 ], [ -81.420861, 28.604538 ], [ -81.420622, 28.604236 ], [ -81.42105, 28.6039 ], [ -81.421835, 28.60389 ], [ -81.423034, 28.603877 ], [ -81.422938, 28.601138 ], [ -81.422038, 28.601153 ], [ -81.421297, 28.601166 ], [ -81.420157, 28.601186 ], [ -81.420015, 28.600915 ], [ -81.418769, 28.600936 ], [ -81.418444, 28.600317 ], [ -81.418165, 28.599785 ], [ -81.418129, 28.599717 ], [ -81.418086, 28.599635 ], [ -81.418047, 28.59956 ], [ -81.417979, 28.599562 ], [ -81.417781, 28.599185 ], [ -81.418727, 28.599167 ], [ -81.418719, 28.598852 ], [ -81.417667, 28.59887 ], [ -81.417516, 28.598582 ], [ -81.417397, 28.598355 ], [ -81.417314, 28.598197 ], [ -81.417281, 28.598135 ], [ -81.417384, 28.597889 ], [ -81.417506, 28.597677 ], [ -81.417816, 28.597517 ], [ -81.417984, 28.59743 ], [ -81.418182, 28.597255 ], [ -81.418377, 28.597064 ], [ -81.418593, 28.5968 ], [ -81.418948, 28.596271 ], [ -81.419004, 28.596301 ], [ -81.419054, 28.596308 ], [ -81.419398, 28.596315 ], [ -81.419803, 28.596304 ], [ -81.4202, 28.596297 ], [ -81.420286, 28.596295 ], [ -81.420493, 28.596293 ], [ -81.420645, 28.596292 ], [ -81.420845, 28.596291 ], [ -81.421373, 28.596291 ], [ -81.421466, 28.596291 ], [ -81.421584, 28.596291 ], [ -81.421584, 28.596232 ], [ -81.421583, 28.596183 ], [ -81.421582, 28.595933 ], [ -81.421579, 28.595691 ], [ -81.421576, 28.59545 ], [ -81.421572, 28.595209 ], [ -81.421569, 28.594967 ], [ -81.421566, 28.594726 ], [ -81.421456, 28.594727 ], [ -81.420696, 28.594732 ], [ -81.420209, 28.59473 ], [ -81.420137, 28.59473 ], [ -81.420097, 28.594731 ], [ -81.420056, 28.594733 ], [ -81.420016, 28.594737 ], [ -81.419967, 28.594743 ], [ -81.419924, 28.59475 ], [ -81.419875, 28.59476 ], [ -81.419833, 28.59477 ], [ -81.419786, 28.594783 ], [ -81.419733, 28.594801 ], [ -81.419685, 28.594819 ], [ -81.419625, 28.594846 ], [ -81.419567, 28.594874 ], [ -81.419579, 28.594765 ], [ -81.419586, 28.594679 ], [ -81.419592, 28.594585 ], [ -81.419593, 28.594554 ], [ -81.419686, 28.594522 ], [ -81.419792, 28.594494 ], [ -81.419891, 28.594475 ], [ -81.419943, 28.594468 ], [ -81.42005, 28.594458 ], [ -81.420137, 28.594455 ], [ -81.420207, 28.594455 ], [ -81.420693, 28.594457 ], [ -81.420687, 28.593792 ], [ -81.420684, 28.593544 ], [ -81.42068, 28.593122 ], [ -81.420675, 28.592672 ], [ -81.419713, 28.592679 ], [ -81.41946, 28.592681 ], [ -81.419177, 28.592678 ], [ -81.419134, 28.592678 ], [ -81.418969, 28.592319 ], [ -81.418638, 28.591893 ], [ -81.418599, 28.59184 ], [ -81.418591, 28.591791 ], [ -81.418585, 28.591282 ], [ -81.418584, 28.591225 ], [ -81.418584, 28.591148 ], [ -81.418583, 28.591056 ], [ -81.418583, 28.591 ], [ -81.418579, 28.590595 ], [ -81.418574, 28.589806 ], [ -81.418568, 28.58938 ], [ -81.418563, 28.588976 ], [ -81.418562, 28.588956 ], [ -81.418562, 28.588897 ], [ -81.418562, 28.588878 ], [ -81.418552, 28.588182 ], [ -81.418532, 28.58668 ], [ -81.418525, 28.586097 ], [ -81.418516, 28.585402 ], [ -81.418864, 28.5854 ], [ -81.418923, 28.585399 ], [ -81.419211, 28.585399 ], [ -81.41958, 28.585398 ], [ -81.419581, 28.585174 ], [ -81.419587, 28.584054 ], [ -81.419593, 28.583963 ], [ -81.419576, 28.582881 ], [ -81.419576, 28.582823 ], [ -81.419529, 28.581796 ], [ -81.419525, 28.581787 ], [ -81.419506, 28.581755 ], [ -81.419499, 28.581381 ], [ -81.419493, 28.581041 ], [ -81.419491, 28.580943 ], [ -81.419485, 28.580651 ], [ -81.419473, 28.580001 ], [ -81.419452, 28.580001 ], [ -81.419127, 28.580003 ], [ -81.419019, 28.580004 ], [ -81.418966, 28.580004 ], [ -81.418807, 28.580005 ], [ -81.418755, 28.580006 ], [ -81.418729, 28.580006 ], [ -81.41865, 28.580006 ], [ -81.418625, 28.580007 ], [ -81.418599, 28.580007 ], [ -81.418553, 28.580007 ], [ -81.418522, 28.580012 ], [ -81.418496, 28.580007 ], [ -81.418418, 28.580007 ], [ -81.418405, 28.580007 ], [ -81.418382, 28.580006 ], [ -81.418347, 28.580006 ], [ -81.4179, 28.580009 ], [ -81.417751, 28.580011 ], [ -81.417536, 28.580012 ], [ -81.416892, 28.580017 ], [ -81.416866, 28.580017 ], [ -81.416863, 28.579947 ], [ -81.416849, 28.579513 ], [ -81.416836, 28.57914 ], [ -81.417958, 28.579133 ], [ -81.417949, 28.578913 ], [ -81.417943, 28.578771 ], [ -81.417939, 28.578674 ], [ -81.417927, 28.578253 ], [ -81.417921, 28.578118 ], [ -81.418314, 28.578116 ], [ -81.418458, 28.578116 ], [ -81.418509, 28.578115 ], [ -81.418662, 28.578115 ], [ -81.418714, 28.578115 ], [ -81.418741, 28.578114 ], [ -81.418822, 28.578114 ], [ -81.41885, 28.578114 ], [ -81.418878, 28.578114 ], [ -81.418964, 28.578114 ], [ -81.418993, 28.578114 ], [ -81.419076, 28.578113 ], [ -81.4193, 28.578112 ], [ -81.419378, 28.578112 ], [ -81.419377, 28.578098 ], [ -81.419377, 28.578072 ], [ -81.419374, 28.577965 ], [ -81.419372, 28.577854 ], [ -81.419369, 28.577698 ], [ -81.419368, 28.577647 ], [ -81.419367, 28.577541 ], [ -81.419352, 28.576852 ], [ -81.419353, 28.576795 ], [ -81.419355, 28.576691 ], [ -81.419373, 28.576535 ], [ -81.419394, 28.576441 ], [ -81.419421, 28.576348 ], [ -81.419495, 28.576183 ], [ -81.419596, 28.576027 ], [ -81.41965, 28.575958 ], [ -81.419715, 28.575884 ], [ -81.41984, 28.575771 ], [ -81.419912, 28.575716 ], [ -81.420046, 28.575626 ], [ -81.420124, 28.575584 ], [ -81.420208, 28.575546 ], [ -81.420292, 28.575513 ], [ -81.420485, 28.575459 ], [ -81.420642, 28.575431 ], [ -81.420776, 28.575419 ], [ -81.420818, 28.575418 ], [ -81.420964, 28.575415 ], [ -81.421564, 28.575406 ], [ -81.42184, 28.575402 ], [ -81.422046, 28.575398 ], [ -81.422363, 28.575371 ], [ -81.422459, 28.57537 ], [ -81.422455, 28.575117 ], [ -81.422458, 28.575044 ], [ -81.422477, 28.574937 ], [ -81.422501, 28.574867 ], [ -81.422537, 28.57479 ], [ -81.422544, 28.574779 ], [ -81.422589, 28.574715 ], [ -81.422657, 28.574642 ], [ -81.422735, 28.574578 ], [ -81.422817, 28.574528 ], [ -81.422919, 28.574484 ], [ -81.423021, 28.574455 ], [ -81.423125, 28.574438 ], [ -81.423224, 28.574434 ], [ -81.423331, 28.574432 ], [ -81.42492, 28.574417 ], [ -81.42545, 28.574413 ], [ -81.4257, 28.574411 ], [ -81.425877, 28.57438 ], [ -81.425958, 28.574346 ], [ -81.425991, 28.574322 ], [ -81.426034, 28.574292 ], [ -81.426095, 28.574232 ], [ -81.426144, 28.574161 ], [ -81.426168, 28.574108 ], [ -81.426182, 28.574052 ], [ -81.42619, 28.574025 ], [ -81.426199, 28.573939 ], [ -81.42618, 28.57368 ], [ -81.426168, 28.573441 ], [ -81.426175, 28.573342 ], [ -81.426201, 28.573221 ], [ -81.42621, 28.573197 ], [ -81.42625, 28.573098 ], [ -81.426285, 28.573035 ], [ -81.426343, 28.572944 ], [ -81.426372, 28.572897 ], [ -81.426445, 28.572782 ], [ -81.426458, 28.572762 ], [ -81.426467, 28.57274 ], [ -81.426495, 28.57267 ], [ -81.426515, 28.572582 ], [ -81.426518, 28.572567 ], [ -81.42653, 28.572463 ], [ -81.426517, 28.571134 ], [ -81.426515, 28.57098 ], [ -81.426517, 28.570722 ], [ -81.426518, 28.570614 ], [ -81.426192, 28.57056 ], [ -81.425608, 28.570463 ], [ -81.424503, 28.570293 ], [ -81.423695, 28.570175 ], [ -81.422508, 28.570011 ], [ -81.422372, 28.569981 ], [ -81.422134, 28.56995 ], [ -81.421721, 28.569872 ], [ -81.419464, 28.569667 ], [ -81.41926, 28.569668 ], [ -81.419083, 28.569632 ], [ -81.418891, 28.569627 ], [ -81.418498, 28.569618 ], [ -81.417916, 28.569605 ], [ -81.417262, 28.56959 ], [ -81.417104, 28.569578 ], [ -81.416421, 28.569645 ], [ -81.415723, 28.569715 ], [ -81.415642, 28.569275 ], [ -81.415568, 28.568864 ], [ -81.415352, 28.56808 ], [ -81.415348, 28.568063 ], [ -81.415156, 28.567197 ], [ -81.415058, 28.566452 ], [ -81.415097, 28.565628 ], [ -81.415431, 28.564314 ], [ -81.415705, 28.563117 ], [ -81.415725, 28.561842 ], [ -81.415509, 28.560862 ], [ -81.415372, 28.56041 ], [ -81.415323, 28.560295 ], [ -81.415214, 28.560039 ], [ -81.415069, 28.559654 ], [ -81.414814, 28.558938 ], [ -81.414527, 28.558098 ], [ -81.41425, 28.557296 ], [ -81.414128, 28.556872 ], [ -81.414021, 28.556417 ], [ -81.413941, 28.555816 ], [ -81.41395, 28.555691 ], [ -81.413985, 28.555219 ], [ -81.414001, 28.554298 ], [ -81.413985, 28.553501 ], [ -81.413968, 28.552933 ], [ -81.413961, 28.552691 ], [ -81.413947, 28.552195 ], [ -81.413887, 28.551176 ], [ -81.413869, 28.550569 ], [ -81.41405, 28.550567 ], [ -81.414129, 28.550567 ], [ -81.414855, 28.550559 ], [ -81.414904, 28.550558 ], [ -81.415594, 28.550555 ], [ -81.417231, 28.550535 ], [ -81.417515, 28.550532 ], [ -81.418007, 28.550529 ], [ -81.41801, 28.550736 ], [ -81.418012, 28.550808 ], [ -81.418009, 28.551357 ], [ -81.418009, 28.551565 ], [ -81.418008, 28.551624 ], [ -81.418008, 28.5518 ], [ -81.418008, 28.55186 ], [ -81.418007, 28.552038 ], [ -81.418004, 28.552575 ], [ -81.418004, 28.552651 ], [ -81.418124, 28.552651 ], [ -81.418897, 28.552637 ], [ -81.420076, 28.552649 ], [ -81.420077, 28.552627 ], [ -81.42008, 28.55252 ], [ -81.420079, 28.552477 ], [ -81.420075, 28.552027 ], [ -81.420074, 28.551878 ], [ -81.420072, 28.551693 ], [ -81.421943, 28.551676 ], [ -81.421934, 28.550897 ], [ -81.429374, 28.550825 ], [ -81.429357, 28.551569 ], [ -81.430295, 28.55156 ], [ -81.430405, 28.551556 ], [ -81.430404, 28.551385 ], [ -81.430387, 28.551133 ], [ -81.430372, 28.549917 ], [ -81.430364, 28.549237 ], [ -81.430363, 28.549206 ], [ -81.430363, 28.549113 ], [ -81.430363, 28.549082 ], [ -81.430362, 28.549035 ], [ -81.430361, 28.548996 ], [ -81.430483, 28.548996 ], [ -81.43053, 28.548995 ], [ -81.430612, 28.548995 ], [ -81.43072, 28.548994 ], [ -81.431288, 28.548988 ], [ -81.431385, 28.548991 ], [ -81.431446, 28.548994 ], [ -81.431444, 28.54874 ], [ -81.43144, 28.547813 ], [ -81.43144, 28.547674 ], [ -81.431457, 28.547505 ], [ -81.431671, 28.547548 ], [ -81.432314, 28.547679 ], [ -81.432475, 28.547712 ], [ -81.43253, 28.54772 ], [ -81.432774, 28.547757 ], [ -81.432922, 28.54778 ], [ -81.433033, 28.547788 ], [ -81.433145, 28.547791 ], [ -81.433257, 28.547787 ], [ -81.433368, 28.547778 ], [ -81.433478, 28.547763 ], [ -81.433512, 28.547756 ], [ -81.433558, 28.547747 ], [ -81.433587, 28.547742 ], [ -81.433753, 28.547697 ], [ -81.433835, 28.547668 ], [ -81.434831, 28.54804 ], [ -81.435499, 28.548175 ], [ -81.435587, 28.548185 ], [ -81.435663, 28.548193 ], [ -81.435919, 28.548236 ], [ -81.436095, 28.548247 ], [ -81.436443, 28.548251 ], [ -81.437053, 28.548258 ], [ -81.437968, 28.548236 ], [ -81.438421, 28.548253 ], [ -81.43869, 28.548253 ], [ -81.439496, 28.548255 ], [ -81.439766, 28.548256 ], [ -81.440349, 28.548244 ], [ -81.440754, 28.548236 ], [ -81.4415, 28.548234 ], [ -81.441828, 28.548231 ], [ -81.442702, 28.548229 ], [ -81.442958, 28.548243 ], [ -81.443205, 28.548234 ], [ -81.443238, 28.548238 ], [ -81.443467, 28.548235 ], [ -81.444107, 28.548226 ], [ -81.444629, 28.548219 ], [ -81.446705, 28.548214 ], [ -81.447507, 28.548211 ], [ -81.449468, 28.548204 ], [ -81.449949, 28.548203 ], [ -81.451548, 28.548181 ], [ -81.452611, 28.54817 ], [ -81.453275, 28.548178 ], [ -81.453748, 28.548219 ], [ -81.454876, 28.548342 ], [ -81.455727, 28.548496 ], [ -81.45669, 28.548721 ], [ -81.457042, 28.548849 ], [ -81.457239, 28.548921 ], [ -81.45721, 28.549005 ], [ -81.457186, 28.549072 ], [ -81.45729, 28.549109 ], [ -81.457521, 28.549196 ], [ -81.458779, 28.549674 ], [ -81.458902, 28.549721 ], [ -81.459196, 28.54984 ], [ -81.459569, 28.549966 ], [ -81.459863, 28.55006 ], [ -81.460238, 28.550154 ], [ -81.460736, 28.550239 ], [ -81.46077, 28.550245 ], [ -81.460872, 28.55026 ], [ -81.461004, 28.550278 ], [ -81.461222, 28.550304 ], [ -81.461283, 28.550307 ], [ -81.461421, 28.550318 ], [ -81.461523, 28.550327 ], [ -81.461616, 28.55033 ], [ -81.461664, 28.550332 ], [ -81.461778, 28.550331 ], [ -81.46206, 28.55033 ], [ -81.462204, 28.550324 ], [ -81.462273, 28.550322 ], [ -81.462343, 28.550316 ], [ -81.462412, 28.55031 ], [ -81.462587, 28.550293 ], [ -81.462632, 28.550286 ], [ -81.463144, 28.550211 ], [ -81.463287, 28.550184 ], [ -81.463505, 28.550145 ], [ -81.463712, 28.550115 ], [ -81.464335, 28.550027 ], [ -81.464543, 28.549998 ], [ -81.46473, 28.549961 ], [ -81.465171, 28.549875 ], [ -81.465293, 28.549853 ], [ -81.465481, 28.549819 ], [ -81.465729, 28.549778 ], [ -81.465924, 28.549743 ], [ -81.466254, 28.549685 ], [ -81.467255, 28.549512 ], [ -81.46764, 28.549448 ], [ -81.467684, 28.549435 ], [ -81.467651, 28.549674 ], [ -81.46764, 28.549763 ], [ -81.467641, 28.550236 ], [ -81.467646, 28.551276 ], [ -81.467654, 28.551471 ], [ -81.467653, 28.551655 ], [ -81.467651, 28.552002 ], [ -81.467651, 28.552129 ], [ -81.467651, 28.552174 ], [ -81.466624, 28.552174 ], [ -81.466631, 28.552492 ], [ -81.46663, 28.552518 ], [ -81.466625, 28.553569 ], [ -81.466625, 28.55392 ], [ -81.467651, 28.553891 ], [ -81.467653, 28.555707 ], [ -81.467653, 28.555726 ], [ -81.467652, 28.557535 ], [ -81.467657, 28.559374 ], [ -81.467658, 28.559404 ], [ -81.467658, 28.559911 ], [ -81.467661, 28.560744 ], [ -81.467661, 28.561126 ], [ -81.46729, 28.561123 ], [ -81.46718, 28.561234 ], [ -81.467207, 28.562785 ], [ -81.467276, 28.562785 ], [ -81.467276, 28.56318 ], [ -81.467288, 28.56462 ], [ -81.467277, 28.564683 ], [ -81.467272, 28.565464 ], [ -81.467664, 28.565451 ], [ -81.467664, 28.56629 ], [ -81.46767, 28.567075 ], [ -81.46767, 28.56709 ], [ -81.467669, 28.567184 ], [ -81.467676, 28.567442 ], [ -81.467679, 28.567893 ], [ -81.467693, 28.569979 ], [ -81.467693, 28.570007 ], [ -81.467699, 28.570763 ], [ -81.4677, 28.570809 ], [ -81.467705, 28.571507 ], [ -81.467708, 28.571804 ], [ -81.467713, 28.572576 ], [ -81.467717, 28.573345 ], [ -81.467722, 28.574044 ], [ -81.467723, 28.574115 ], [ -81.467727, 28.574348 ], [ -81.46773, 28.574878 ], [ -81.467736, 28.575655 ], [ -81.467743, 28.57642 ], [ -81.467744, 28.576676 ], [ -81.467747, 28.577306 ], [ -81.467749, 28.577445 ], [ -81.467751, 28.577631 ], [ -81.467754, 28.577775 ], [ -81.467756, 28.578087 ], [ -81.467764, 28.579243 ], [ -81.467765, 28.579454 ], [ -81.467767, 28.579629 ], [ -81.467769, 28.57996 ], [ -81.467775, 28.580956 ], [ -81.467778, 28.581288 ], [ -81.467781, 28.581718 ], [ -81.467782, 28.581841 ], [ -81.467787, 28.582394 ], [ -81.467788, 28.582613 ], [ -81.46779, 28.582917 ], [ -81.46779, 28.583009 ], [ -81.467794, 28.58344 ], [ -81.467795, 28.583667 ], [ -81.4678, 28.584348 ], [ -81.467802, 28.584576 ], [ -81.467804, 28.584935 ], [ -81.467804, 28.585047 ], [ -81.467807, 28.585371 ], [ -81.467828, 28.58583 ], [ -81.467829, 28.586014 ], [ -81.467832, 28.586374 ], [ -81.467835, 28.58686 ], [ -81.467839, 28.587257 ], [ -81.467822, 28.587609 ], [ -81.467819, 28.587745 ], [ -81.467822, 28.588319 ], [ -81.467826, 28.588806 ], [ -81.467828, 28.589082 ], [ -81.467834, 28.589911 ], [ -81.467836, 28.590188 ], [ -81.467839, 28.590634 ], [ -81.467855, 28.593541 ], [ -81.467855, 28.593557 ], [ -81.467873, 28.596144 ], [ -81.467873, 28.59665 ], [ -81.467874, 28.597009 ], [ -81.467883, 28.598171 ], [ -81.467886, 28.5985 ], [ -81.467893, 28.598678 ], [ -81.467899, 28.598865 ], [ -81.467899, 28.599022 ], [ -81.4679, 28.599282 ], [ -81.467888, 28.599806 ], [ -81.46789, 28.600054 ], [ -81.467893, 28.600399 ], [ -81.467893, 28.600503 ], [ -81.467894, 28.600815 ], [ -81.467895, 28.60092 ], [ -81.467896, 28.601173 ], [ -81.467891, 28.60156 ], [ -81.467876, 28.601869 ], [ -81.467891, 28.60239 ], [ -81.467894, 28.602719 ], [ -81.467907, 28.603526 ], [ -81.467909, 28.603709 ], [ -81.467912, 28.604039 ], [ -81.467912, 28.604192 ], [ -81.467913, 28.604653 ], [ -81.467914, 28.604807 ], [ -81.467916, 28.605071 ], [ -81.467922, 28.605566 ], [ -81.467922, 28.605864 ], [ -81.467923, 28.606129 ], [ -81.467924, 28.606429 ], [ -81.467925, 28.607015 ], [ -81.467927, 28.607329 ], [ -81.467929, 28.60763 ], [ -81.46793, 28.608039 ], [ -81.467936, 28.609266 ], [ -81.467938, 28.609676 ], [ -81.467938, 28.609806 ], [ -81.467941, 28.610128 ] ], [ [ -81.463759, 28.599964 ], [ -81.463273, 28.59999 ], [ -81.463164, 28.599991 ], [ -81.46284, 28.599997 ], [ -81.462732, 28.599999 ], [ -81.462729, 28.600215 ], [ -81.462707, 28.600476 ], [ -81.462715, 28.600564 ], [ -81.462735, 28.600685 ], [ -81.462746, 28.600789 ], [ -81.462747, 28.600904 ], [ -81.462714, 28.601588 ], [ -81.462713, 28.601766 ], [ -81.462712, 28.602122 ], [ -81.46272, 28.602377 ], [ -81.46273, 28.602514 ], [ -81.462728, 28.602692 ], [ -81.462735, 28.603278 ], [ -81.46274, 28.603395 ], [ -81.462739, 28.603509 ], [ -81.462724, 28.603553 ], [ -81.462698, 28.603585 ], [ -81.462672, 28.603609 ], [ -81.462647, 28.60362 ], [ -81.462618, 28.603626 ], [ -81.462257, 28.603632 ], [ -81.461958, 28.603649 ], [ -81.461699, 28.603671 ], [ -81.461444, 28.603678 ], [ -81.460551, 28.603713 ], [ -81.459952, 28.603732 ], [ -81.459823, 28.603736 ], [ -81.459739, 28.603744 ], [ -81.459697, 28.603765 ], [ -81.459665, 28.603798 ], [ -81.459651, 28.603839 ], [ -81.459647, 28.604212 ], [ -81.459645, 28.60445 ], [ -81.459632, 28.604922 ], [ -81.459652, 28.605449 ], [ -81.45965, 28.605579 ], [ -81.461718, 28.605486 ], [ -81.461709, 28.603967 ], [ -81.462748, 28.603913 ], [ -81.462741, 28.603732 ], [ -81.463751, 28.603619 ], [ -81.463759, 28.599964 ] ] ] ] } },
{ "type": "Feature", "properties": { "ZCTA5CE20": "32807", "GEOID20": "32807", "GEOIDFQ20": "860Z200US32807", "CLASSFP20": "B5", "MTFCC20": "G6350", "FUNCSTAT20": "S", "ALAND20": 21757069, "AWATER20": 860714, "INTPTLAT20": "+28.5536769", "INTPTLON20": "-081.3006560" }, "geometry": { "type": "MultiPolygon", "coordinates": [ [ [ [ -81.333114, 28.535516 ], [ -81.333093, 28.535547 ], [ -81.33306, 28.535567 ], [ -81.333021, 28.535573 ], [ -81.332592, 28.535575 ], [ -81.33234, 28.535577 ], [ -81.332346, 28.535923 ], [ -81.332364, 28.536963 ], [ -81.33237, 28.53731 ], [ -81.332327, 28.537323 ], [ -81.33205, 28.537378 ], [ -81.332017, 28.537379 ], [ -81.331645, 28.537424 ], [ -81.331377, 28.537466 ], [ -81.331296, 28.537478 ], [ -81.331213, 28.53749 ], [ -81.331243, 28.537729 ], [ -81.331253, 28.537925 ], [ -81.331308, 28.538171 ], [ -81.331013, 28.538188 ], [ -81.330031, 28.538213 ], [ -81.329539, 28.538263 ], [ -81.329123, 28.538305 ], [ -81.328996, 28.538328 ], [ -81.328595, 28.538383 ], [ -81.327821, 28.538521 ], [ -81.325487, 28.539022 ], [ -81.325782, 28.539021 ], [ -81.32666, 28.539019 ], [ -81.325629, 28.539216 ], [ -81.324709, 28.539377 ], [ -81.324717, 28.53967 ], [ -81.324722, 28.541202 ], [ -81.324725, 28.542018 ], [ -81.323046, 28.54205 ], [ -81.323078, 28.54686 ], [ -81.319948, 28.54805 ], [ -81.319523, 28.548286 ], [ -81.319023, 28.548564 ], [ -81.31895, 28.548604 ], [ -81.318966, 28.548622 ], [ -81.318987, 28.548648 ], [ -81.319024, 28.548699 ], [ -81.319081, 28.548775 ], [ -81.319091, 28.548791 ], [ -81.319318, 28.549143 ], [ -81.319398, 28.549222 ], [ -81.319525, 28.549347 ], [ -81.319536, 28.549358 ], [ -81.319556, 28.549381 ], [ -81.319648, 28.549487 ], [ -81.319679, 28.549523 ], [ -81.319748, 28.549606 ], [ -81.319947, 28.549925 ], [ -81.31997, 28.549965 ], [ -81.320034, 28.550073 ], [ -81.320122, 28.550249 ], [ -81.32019, 28.550414 ], [ -81.320315, 28.550833 ], [ -81.320383, 28.551207 ], [ -81.320377, 28.551344 ], [ -81.320358, 28.551465 ], [ -81.320353, 28.551479 ], [ -81.320271, 28.551763 ], [ -81.320228, 28.551994 ], [ -81.320182, 28.55218 ], [ -81.320084, 28.552582 ], [ -81.320053, 28.552659 ], [ -81.320013, 28.552727 ], [ -81.319954, 28.55283 ], [ -81.319923, 28.552896 ], [ -81.320668, 28.552903 ], [ -81.322906, 28.552924 ], [ -81.323652, 28.552931 ], [ -81.323652, 28.553021 ], [ -81.323652, 28.553239 ], [ -81.323652, 28.553281 ], [ -81.322699, 28.553305 ], [ -81.321903, 28.553452 ], [ -81.32171, 28.553488 ], [ -81.321445, 28.553524 ], [ -81.321209, 28.553556 ], [ -81.320849, 28.5536 ], [ -81.320861, 28.553744 ], [ -81.320861, 28.553778 ], [ -81.320851, 28.553824 ], [ -81.320815, 28.553898 ], [ -81.320762, 28.553974 ], [ -81.321101, 28.55438 ], [ -81.320921, 28.554518 ], [ -81.320503, 28.554988 ], [ -81.320341, 28.555348 ], [ -81.320189, 28.555696 ], [ -81.31956, 28.557134 ], [ -81.318978, 28.557138 ], [ -81.318931, 28.557247 ], [ -81.318474, 28.558299 ], [ -81.318447, 28.558361 ], [ -81.318439, 28.558381 ], [ -81.318412, 28.558468 ], [ -81.318276, 28.558758 ], [ -81.318236, 28.558853 ], [ -81.318174, 28.559003 ], [ -81.318157, 28.559039 ], [ -81.31804, 28.559303 ], [ -81.317943, 28.559522 ], [ -81.317908, 28.559591 ], [ -81.317871, 28.559666 ], [ -81.31781, 28.559768 ], [ -81.317789, 28.559804 ], [ -81.317698, 28.559937 ], [ -81.317656, 28.55999 ], [ -81.317598, 28.560065 ], [ -81.317489, 28.560187 ], [ -81.317327, 28.560347 ], [ -81.317158, 28.560491 ], [ -81.317075, 28.560551 ], [ -81.317039, 28.560579 ], [ -81.316852, 28.560703 ], [ -81.316841, 28.560709 ], [ -81.316808, 28.560728 ], [ -81.316798, 28.560735 ], [ -81.316783, 28.560743 ], [ -81.31674, 28.560768 ], [ -81.316726, 28.560777 ], [ -81.316669, 28.560806 ], [ -81.316617, 28.560834 ], [ -81.316494, 28.560888 ], [ -81.316436, 28.560915 ], [ -81.316443, 28.560992 ], [ -81.316448, 28.561054 ], [ -81.316451, 28.561241 ], [ -81.316303, 28.561293 ], [ -81.316303, 28.561382 ], [ -81.316304, 28.561396 ], [ -81.316304, 28.561437 ], [ -81.316158, 28.561488 ], [ -81.316158, 28.561504 ], [ -81.316122, 28.561514 ], [ -81.316003, 28.561547 ], [ -81.316068, 28.561723 ], [ -81.316083, 28.561765 ], [ -81.315963, 28.561896 ], [ -81.316006, 28.561974 ], [ -81.316012, 28.562236 ], [ -81.316002, 28.562242 ], [ -81.316002, 28.562283 ], [ -81.316005, 28.562407 ], [ -81.316006, 28.562449 ], [ -81.316005, 28.562567 ], [ -81.316005, 28.562822 ], [ -81.315708, 28.562826 ], [ -81.31571, 28.562964 ], [ -81.315679, 28.562964 ], [ -81.315681, 28.563102 ], [ -81.315619, 28.563102 ], [ -81.315616, 28.56324 ], [ -81.315558, 28.563241 ], [ -81.315562, 28.563516 ], [ -81.315568, 28.563995 ], [ -81.315575, 28.564465 ], [ -81.315147, 28.564468 ], [ -81.315032, 28.56447 ], [ -81.315033, 28.564529 ], [ -81.315036, 28.564792 ], [ -81.315038, 28.56488 ], [ -81.315048, 28.56558 ], [ -81.315049, 28.565599 ], [ -81.315053, 28.565825 ], [ -81.315072, 28.567663 ], [ -81.315073, 28.567758 ], [ -81.315081, 28.568478 ], [ -81.31508, 28.56863 ], [ -81.31508, 28.568663 ], [ -81.31508, 28.569089 ], [ -81.31508, 28.569242 ], [ -81.315079, 28.569311 ], [ -81.315077, 28.569517 ], [ -81.315077, 28.569587 ], [ -81.315074, 28.570015 ], [ -81.315075, 28.570395 ], [ -81.315088, 28.571363 ], [ -81.315075, 28.572796 ], [ -81.315067, 28.572949 ], [ -81.315053, 28.573243 ], [ -81.315045, 28.573309 ], [ -81.31503, 28.573442 ], [ -81.315013, 28.573587 ], [ -81.314973, 28.573931 ], [ -81.314971, 28.574679 ], [ -81.31497, 28.575155 ], [ -81.31497, 28.575178 ], [ -81.315064, 28.57516 ], [ -81.315117, 28.575151 ], [ -81.315119, 28.575308 ], [ -81.315028, 28.575319 ], [ -81.31497, 28.575326 ], [ -81.314826, 28.575346 ], [ -81.314779, 28.575352 ], [ -81.314009, 28.575455 ], [ -81.313222, 28.57556 ], [ -81.313, 28.5756 ], [ -81.311, 28.57547 ], [ -81.310764, 28.575484 ], [ -81.31056, 28.575496 ], [ -81.310404, 28.57602 ], [ -81.310144, 28.576568 ], [ -81.309747, 28.577381 ], [ -81.309335, 28.578083 ], [ -81.308848, 28.578956 ], [ -81.308659, 28.578908 ], [ -81.308264, 28.578898 ], [ -81.307695, 28.578889 ], [ -81.307323, 28.57889 ], [ -81.307025, 28.578894 ], [ -81.304715, 28.578926 ], [ -81.304252, 28.57893 ], [ -81.303336, 28.578942 ], [ -81.303196, 28.578943 ], [ -81.30273, 28.578947 ], [ -81.302587, 28.578949 ], [ -81.30131, 28.578969 ], [ -81.301214, 28.578971 ], [ -81.300964, 28.578975 ], [ -81.300479, 28.578986 ], [ -81.29941, 28.579002 ], [ -81.29873, 28.579012 ], [ -81.29862, 28.579014 ], [ -81.296251, 28.579052 ], [ -81.295752, 28.579061 ], [ -81.295462, 28.579069 ], [ -81.295274, 28.579068 ], [ -81.294994, 28.579067 ], [ -81.294713, 28.579074 ], [ -81.294526, 28.57908 ], [ -81.294535, 28.579753 ], [ -81.29456, 28.581572 ], [ -81.294569, 28.582179 ], [ -81.294572, 28.582439 ], [ -81.294584, 28.583222 ], [ -81.294588, 28.583483 ], [ -81.29459, 28.583698 ], [ -81.290456, 28.583758 ], [ -81.290442, 28.582997 ], [ -81.28914, 28.583024 ], [ -81.28835, 28.583029 ], [ -81.288174, 28.583026 ], [ -81.288169, 28.58288 ], [ -81.286382, 28.582941 ], [ -81.286213, 28.582938 ], [ -81.286018, 28.582936 ], [ -81.28597, 28.582935 ], [ -81.285525, 28.582934 ], [ -81.284983, 28.582924 ], [ -81.284654, 28.582922 ], [ -81.284362, 28.582922 ], [ -81.283591, 28.582922 ], [ -81.283488, 28.582919 ], [ -81.28342, 28.582918 ], [ -81.283197, 28.582924 ], [ -81.282514, 28.582924 ], [ -81.28176, 28.582926 ], [ -81.281202, 28.582922 ], [ -81.280794, 28.582923 ], [ -81.280466, 28.582924 ], [ -81.279784, 28.582926 ], [ -81.279439, 28.582927 ], [ -81.278406, 28.582932 ], [ -81.278304, 28.582933 ], [ -81.278365, 28.582504 ], [ -81.278318, 28.581977 ], [ -81.278413, 28.581821 ], [ -81.278952, 28.581803 ], [ -81.27912, 28.581797 ], [ -81.279132, 28.581102 ], [ -81.279005, 28.581098 ], [ -81.27803, 28.581067 ], [ -81.277982, 28.57927 ], [ -81.277707, 28.579234 ], [ -81.277647, 28.576276 ], [ -81.275587, 28.576288 ], [ -81.274258, 28.575642 ], [ -81.273815, 28.575606 ], [ -81.273791, 28.574863 ], [ -81.271935, 28.574887 ], [ -81.271931, 28.574064 ], [ -81.272774, 28.573732 ], [ -81.274681, 28.573665 ], [ -81.277742, 28.573616 ], [ -81.277921, 28.573614 ], [ -81.279495, 28.573521 ], [ -81.279816, 28.573354 ], [ -81.280216, 28.573138 ], [ -81.280459, 28.572624 ], [ -81.280739, 28.572095 ], [ -81.280838, 28.571911 ], [ -81.280833, 28.571439 ], [ -81.28083, 28.571021 ], [ -81.280786, 28.569758 ], [ -81.280612, 28.5694 ], [ -81.280537, 28.568839 ], [ -81.2805, 28.568635 ], [ -81.280481, 28.568393 ], [ -81.280488, 28.56836 ], [ -81.280376, 28.568358 ], [ -81.280263, 28.568357 ], [ -81.279838, 28.568362 ], [ -81.279627, 28.568364 ], [ -81.279413, 28.568368 ], [ -81.279239, 28.568362 ], [ -81.279098, 28.568363 ], [ -81.278992, 28.568365 ], [ -81.278154, 28.568362 ], [ -81.27784, 28.568362 ], [ -81.277837, 28.568198 ], [ -81.279136, 28.568184 ], [ -81.280499, 28.568189 ], [ -81.2805, 28.568168 ], [ -81.28045, 28.568074 ], [ -81.280332, 28.56792 ], [ -81.280238, 28.567733 ], [ -81.280176, 28.56737 ], [ -81.280124, 28.567274 ], [ -81.279996, 28.567034 ], [ -81.279989, 28.567013 ], [ -81.27997, 28.566961 ], [ -81.279915, 28.566805 ], [ -81.279897, 28.566754 ], [ -81.279883, 28.566715 ], [ -81.279872, 28.566637 ], [ -81.279852, 28.566495 ], [ -81.279859, 28.566308 ], [ -81.279866, 28.566282 ], [ -81.279899, 28.566168 ], [ -81.279909, 28.566132 ], [ -81.279927, 28.565945 ], [ -81.280008, 28.565741 ], [ -81.280076, 28.565617 ], [ -81.280152, 28.565482 ], [ -81.280264, 28.565218 ], [ -81.280364, 28.565064 ], [ -81.280644, 28.564778 ], [ -81.280888, 28.564635 ], [ -81.281311, 28.56447 ], [ -81.281518, 28.564422 ], [ -81.281698, 28.564382 ], [ -81.281881, 28.564366 ], [ -81.281944, 28.56436 ], [ -81.282078, 28.564349 ], [ -81.282131, 28.564325 ], [ -81.28219, 28.5643 ], [ -81.282103, 28.564212 ], [ -81.282073, 28.564131 ], [ -81.282035, 28.563915 ], [ -81.282066, 28.563612 ], [ -81.282063, 28.563508 ], [ -81.282059, 28.563299 ], [ -81.282054, 28.563119 ], [ -81.282042, 28.562579 ], [ -81.282038, 28.562399 ], [ -81.282032, 28.562148 ], [ -81.282016, 28.561461 ], [ -81.282015, 28.561397 ], [ -81.28201, 28.561147 ], [ -81.282043, 28.560316 ], [ -81.282067, 28.559716 ], [ -81.282055, 28.558869 ], [ -81.282037, 28.556976 ], [ -81.282033, 28.556448 ], [ -81.282021, 28.554866 ], [ -81.282017, 28.554339 ], [ -81.282016, 28.554219 ], [ -81.282013, 28.553858 ], [ -81.282013, 28.553739 ], [ -81.28201, 28.553338 ], [ -81.282008, 28.553116 ], [ -81.281998, 28.551632 ], [ -81.281995, 28.551329 ], [ -81.281989, 28.550455 ], [ -81.281984, 28.550423 ], [ -81.28197, 28.550329 ], [ -81.281932, 28.550263 ], [ -81.281864, 28.550252 ], [ -81.281802, 28.550253 ], [ -81.281757, 28.548489 ], [ -81.281701, 28.546335 ], [ -81.28163, 28.54632 ], [ -81.281513, 28.546312 ], [ -81.281425, 28.546306 ], [ -81.281392, 28.546307 ], [ -81.281235, 28.546314 ], [ -81.280879, 28.546314 ], [ -81.280619, 28.546314 ], [ -81.280286, 28.546314 ], [ -81.279341, 28.546315 ], [ -81.279276, 28.546316 ], [ -81.278885, 28.546315 ], [ -81.27883, 28.546329 ], [ -81.278725, 28.546355 ], [ -81.278632, 28.546355 ], [ -81.27803, 28.546361 ], [ -81.27783, 28.546364 ], [ -81.277481, 28.546348 ], [ -81.27748, 28.54626 ], [ -81.277472, 28.545394 ], [ -81.277472, 28.545347 ], [ -81.277471, 28.545293 ], [ -81.277471, 28.545254 ], [ -81.27747, 28.545158 ], [ -81.277468, 28.54489 ], [ -81.277468, 28.5448 ], [ -81.277467, 28.544754 ], [ -81.277467, 28.544709 ], [ -81.277466, 28.544637 ], [ -81.277465, 28.544579 ], [ -81.277897, 28.544327 ], [ -81.279733, 28.543359 ], [ -81.281147, 28.54262 ], [ -81.281627, 28.542361 ], [ -81.283212, 28.541573 ], [ -81.283661, 28.541352 ], [ -81.284002, 28.541197 ], [ -81.284143, 28.541137 ], [ -81.284546, 28.540967 ], [ -81.28505, 28.540772 ], [ -81.285684, 28.540542 ], [ -81.28571, 28.540532 ], [ -81.285783, 28.540512 ], [ -81.285887, 28.540486 ], [ -81.28604, 28.540438 ], [ -81.286461, 28.540316 ], [ -81.286902, 28.540197 ], [ -81.28738, 28.540088 ], [ -81.287441, 28.540076 ], [ -81.287749, 28.539996 ], [ -81.288215, 28.539887 ], [ -81.288556, 28.53982 ], [ -81.288897, 28.53976 ], [ -81.289415, 28.539685 ], [ -81.290589, 28.539578 ], [ -81.290964, 28.53955 ], [ -81.291081, 28.53954 ], [ -81.291158, 28.539539 ], [ -81.291389, 28.539537 ], [ -81.291467, 28.539537 ], [ -81.291464, 28.539249 ], [ -81.291463, 28.539154 ], [ -81.291565, 28.53915 ], [ -81.291874, 28.53914 ], [ -81.291977, 28.539137 ], [ -81.291962, 28.537873 ], [ -81.291106, 28.537883 ], [ -81.291101, 28.53756 ], [ -81.291035, 28.532987 ], [ -81.289531, 28.533007 ], [ -81.288761, 28.531834 ], [ -81.288582, 28.531835 ], [ -81.28847, 28.531664 ], [ -81.288228, 28.530226 ], [ -81.288202, 28.530077 ], [ -81.288173, 28.529911 ], [ -81.288144, 28.529749 ], [ -81.288129, 28.52961 ], [ -81.288128, 28.529546 ], [ -81.288142, 28.529401 ], [ -81.28818, 28.529244 ], [ -81.288205, 28.529176 ], [ -81.288233, 28.529112 ], [ -81.288283, 28.52902 ], [ -81.288339, 28.528937 ], [ -81.288431, 28.528827 ], [ -81.288493, 28.528765 ], [ -81.288595, 28.528681 ], [ -81.288692, 28.528615 ], [ -81.288834, 28.528538 ], [ -81.288939, 28.528474 ], [ -81.289026, 28.528399 ], [ -81.289086, 28.528329 ], [ -81.289148, 28.528224 ], [ -81.28918, 28.528141 ], [ -81.289196, 28.528071 ], [ -81.289198, 28.528054 ], [ -81.289202, 28.528027 ], [ -81.289204, 28.527999 ], [ -81.289204, 28.527963 ], [ -81.289202, 28.527925 ], [ -81.289192, 28.52786 ], [ -81.289184, 28.527825 ], [ -81.289174, 28.527793 ], [ -81.289164, 28.527764 ], [ -81.289151, 28.527733 ], [ -81.289131, 28.527694 ], [ -81.289113, 28.527663 ], [ -81.289095, 28.527635 ], [ -81.289063, 28.527594 ], [ -81.289041, 28.527568 ], [ -81.288992, 28.527518 ], [ -81.288808, 28.527331 ], [ -81.289053, 28.527144 ], [ -81.289207, 28.527024 ], [ -81.289409, 28.526978 ], [ -81.289706, 28.526749 ], [ -81.289826, 28.526656 ], [ -81.289993, 28.526575 ], [ -81.29022, 28.526558 ], [ -81.290401, 28.526466 ], [ -81.290773, 28.526465 ], [ -81.290775, 28.526627 ], [ -81.291087, 28.527621 ], [ -81.291323, 28.528372 ], [ -81.291557, 28.528728 ], [ -81.291823, 28.529133 ], [ -81.292058, 28.52949 ], [ -81.292381, 28.529324 ], [ -81.292589, 28.529313 ], [ -81.293061, 28.529071 ], [ -81.293595, 28.528797 ], [ -81.293909, 28.528636 ], [ -81.293904, 28.528514 ], [ -81.293905, 28.528175 ], [ -81.293896, 28.52732 ], [ -81.293889, 28.526669 ], [ -81.294215, 28.526431 ], [ -81.294214, 28.526416 ], [ -81.294214, 28.526372 ], [ -81.294214, 28.526355 ], [ -81.294217, 28.526305 ], [ -81.294216, 28.526247 ], [ -81.294201, 28.526223 ], [ -81.294197, 28.526208 ], [ -81.294331, 28.525986 ], [ -81.294328, 28.525699 ], [ -81.294322, 28.524841 ], [ -81.29432, 28.524555 ], [ -81.294845, 28.524549 ], [ -81.296156, 28.524536 ], [ -81.296286, 28.524535 ], [ -81.296423, 28.524534 ], [ -81.296949, 28.52453 ], [ -81.297746, 28.52453 ], [ -81.297871, 28.52453 ], [ -81.298001, 28.524528 ], [ -81.297906, 28.524009 ], [ -81.297918, 28.523965 ], [ -81.297922, 28.523858 ], [ -81.297923, 28.523802 ], [ -81.297924, 28.523747 ], [ -81.297921, 28.523631 ], [ -81.297917, 28.523571 ], [ -81.297912, 28.52351 ], [ -81.297905, 28.523446 ], [ -81.297897, 28.523387 ], [ -81.29789, 28.523329 ], [ -81.297882, 28.523273 ], [ -81.297878, 28.523217 ], [ -81.297878, 28.523162 ], [ -81.297881, 28.523107 ], [ -81.297889, 28.523051 ], [ -81.297899, 28.522995 ], [ -81.29791, 28.522936 ], [ -81.297917, 28.522875 ], [ -81.29792, 28.52281 ], [ -81.297922, 28.522744 ], [ -81.297922, 28.522674 ], [ -81.297926, 28.522604 ], [ -81.297986, 28.522578 ], [ -81.297986, 28.521942 ], [ -81.297993, 28.5218 ], [ -81.298062, 28.5218 ], [ -81.300063, 28.5218 ], [ -81.300064, 28.521905 ], [ -81.300065, 28.522065 ], [ -81.300069, 28.522502 ], [ -81.300069, 28.522527 ], [ -81.300184, 28.522526 ], [ -81.300427, 28.522525 ], [ -81.300962, 28.522522 ], [ -81.30093, 28.521805 ], [ -81.300969, 28.521807 ], [ -81.301908, 28.521791 ], [ -81.302113, 28.521788 ], [ -81.302116, 28.522159 ], [ -81.302119, 28.52258 ], [ -81.302122, 28.522765 ], [ -81.302124, 28.522858 ], [ -81.30213, 28.523135 ], [ -81.302132, 28.523322 ], [ -81.302133, 28.523508 ], [ -81.302133, 28.52361 ], [ -81.302136, 28.523916 ], [ -81.302137, 28.524018 ], [ -81.302137, 28.524127 ], [ -81.302139, 28.524261 ], [ -81.302129, 28.524328 ], [ -81.302109, 28.524392 ], [ -81.302085, 28.524448 ], [ -81.302044, 28.52455 ], [ -81.302699, 28.524554 ], [ -81.304667, 28.524569 ], [ -81.305323, 28.524574 ], [ -81.305298, 28.524663 ], [ -81.305309, 28.52497 ], [ -81.305341, 28.525802 ], [ -81.305322, 28.525956 ], [ -81.305341, 28.526071 ], [ -81.305365, 28.526164 ], [ -81.305378, 28.526209 ], [ -81.305453, 28.526346 ], [ -81.305557, 28.526514 ], [ -81.305652, 28.526668 ], [ -81.305665, 28.526688 ], [ -81.305771, 28.526798 ], [ -81.305858, 28.526864 ], [ -81.306076, 28.526963 ], [ -81.306096, 28.526968 ], [ -81.306272, 28.527019 ], [ -81.306421, 28.527061 ], [ -81.3065, 28.527084 ], [ -81.306786, 28.527139 ], [ -81.306881, 28.527141 ], [ -81.307023, 28.527144 ], [ -81.307037, 28.527143 ], [ -81.307181, 28.527134 ], [ -81.307279, 28.527128 ], [ -81.307534, 28.527078 ], [ -81.307605, 28.527053 ], [ -81.307742, 28.527007 ], [ -81.30792, 28.526946 ], [ -81.308019, 28.526876 ], [ -81.308132, 28.526798 ], [ -81.308157, 28.526809 ], [ -81.308195, 28.526836 ], [ -81.308257, 28.527007 ], [ -81.308263, 28.527087 ], [ -81.308259, 28.52754 ], [ -81.308257, 28.527849 ], [ -81.308303, 28.527875 ], [ -81.308442, 28.527956 ], [ -81.308489, 28.527983 ], [ -81.308565, 28.527978 ], [ -81.308745, 28.527954 ], [ -81.308871, 28.527928 ], [ -81.309108, 28.527861 ], [ -81.309411, 28.52775 ], [ -81.30958, 28.527699 ], [ -81.309751, 28.527658 ], [ -81.309926, 28.527629 ], [ -81.309977, 28.527624 ], [ -81.310103, 28.527612 ], [ -81.310192, 28.527607 ], [ -81.31036, 28.527605 ], [ -81.310371, 28.527419 ], [ -81.310355, 28.526737 ], [ -81.31035, 28.52656 ], [ -81.310329, 28.52494 ], [ -81.309761, 28.524952 ], [ -81.309692, 28.524925 ], [ -81.309665, 28.524898 ], [ -81.309665, 28.524557 ], [ -81.308737, 28.524543 ], [ -81.308682, 28.524502 ], [ -81.308429, 28.524416 ], [ -81.308419, 28.524108 ], [ -81.308419, 28.52392 ], [ -81.308344, 28.523735 ], [ -81.308245, 28.523547 ], [ -81.308181, 28.523076 ], [ -81.308195, 28.522977 ], [ -81.307961, 28.522927 ], [ -81.307953, 28.522697 ], [ -81.308914, 28.523058 ], [ -81.309203, 28.523139 ], [ -81.310301, 28.523574 ], [ -81.310464, 28.523642 ], [ -81.311412, 28.523949 ], [ -81.311764, 28.524105 ], [ -81.311905, 28.524154 ], [ -81.312219, 28.524256 ], [ -81.31233, 28.524287 ], [ -81.31237, 28.524298 ], [ -81.312522, 28.524333 ], [ -81.312739, 28.524368 ], [ -81.313138, 28.524403 ], [ -81.313254, 28.524395 ], [ -81.313552, 28.524401 ], [ -81.314096, 28.524395 ], [ -81.314173, 28.524394 ], [ -81.31454, 28.52439 ], [ -81.314533, 28.524522 ], [ -81.314538, 28.524996 ], [ -81.314551, 28.526166 ], [ -81.314551, 28.526212 ], [ -81.314847, 28.52621 ], [ -81.315489, 28.526206 ], [ -81.315997, 28.526202 ], [ -81.315994, 28.525885 ], [ -81.315979, 28.524512 ], [ -81.315562, 28.52439 ], [ -81.316598, 28.524388 ], [ -81.316653, 28.524795 ], [ -81.316661, 28.52546 ], [ -81.31667, 28.526055 ], [ -81.316679, 28.52609 ], [ -81.316704, 28.526118 ], [ -81.316741, 28.526133 ], [ -81.317339, 28.526139 ], [ -81.317657, 28.526136 ], [ -81.317816, 28.526122 ], [ -81.317848, 28.526118 ], [ -81.317903, 28.526122 ], [ -81.317954, 28.526139 ], [ -81.318006, 28.526149 ], [ -81.318856, 28.526153 ], [ -81.318902, 28.526146 ], [ -81.318929, 28.526131 ], [ -81.322802, 28.526163 ], [ -81.322807, 28.525851 ], [ -81.32281, 28.52561 ], [ -81.32301, 28.525607 ], [ -81.323202, 28.525604 ], [ -81.323339, 28.525602 ], [ -81.323636, 28.525551 ], [ -81.323813, 28.525691 ], [ -81.323865, 28.52572 ], [ -81.323924, 28.525737 ], [ -81.324394, 28.525733 ], [ -81.32465, 28.525736 ], [ -81.324692, 28.525736 ], [ -81.324818, 28.525739 ], [ -81.324861, 28.52574 ], [ -81.324866, 28.526006 ], [ -81.324881, 28.526665 ], [ -81.324881, 28.526807 ], [ -81.324882, 28.527075 ], [ -81.324882, 28.527411 ], [ -81.32489, 28.527727 ], [ -81.324893, 28.527817 ], [ -81.324908, 28.527937 ], [ -81.324915, 28.52811 ], [ -81.32493, 28.529689 ], [ -81.324927, 28.530172 ], [ -81.324932, 28.530337 ], [ -81.324937, 28.530514 ], [ -81.324938, 28.530673 ], [ -81.324942, 28.53124 ], [ -81.324945, 28.531635 ], [ -81.32577, 28.531625 ], [ -81.326758, 28.531641 ], [ -81.327258, 28.531649 ], [ -81.327489, 28.531653 ], [ -81.327491, 28.531941 ], [ -81.32981, 28.531894 ], [ -81.330775, 28.531874 ], [ -81.331138, 28.531867 ], [ -81.331137, 28.531647 ], [ -81.331136, 28.531498 ], [ -81.3313, 28.531573 ], [ -81.331436, 28.531662 ], [ -81.331658, 28.531596 ], [ -81.332048, 28.53148 ], [ -81.332065, 28.531505 ], [ -81.332119, 28.531559 ], [ -81.332139, 28.531578 ], [ -81.332219, 28.531576 ], [ -81.332239, 28.532652 ], [ -81.332341, 28.532664 ], [ -81.332348, 28.532792 ], [ -81.332354, 28.533684 ], [ -81.332357, 28.533948 ], [ -81.33232, 28.534108 ], [ -81.332321, 28.534318 ], [ -81.332476, 28.534311 ], [ -81.332944, 28.534308 ], [ -81.333101, 28.534307 ], [ -81.333103, 28.534456 ], [ -81.333109, 28.534903 ], [ -81.333111, 28.535052 ], [ -81.333112, 28.535304 ], [ -81.333114, 28.535516 ] ] ] ] } },
{ "type": "Feature", "properties": { "ZCTA5CE20": "32789", "GEOID20": "32789", "GEOIDFQ20": "860Z200US32789", "CLASSFP20": "B5", "MTFCC20": "G6350", "FUNCSTAT20": "S", "ALAND20": 20206411, "AWATER20": 4717056, "INTPTLAT20": "+28.5991704", "INTPTLON20": "-081.3522377" }, "geometry": { "type": "MultiPolygon", "coordinates": [ [ [ [ -81.389827, 28.596501 ], [ -81.389791, 28.5969 ], [ -81.389772, 28.59721 ], [ -81.389768, 28.597272 ], [ -81.389756, 28.597458 ], [ -81.389753, 28.597521 ], [ -81.389747, 28.597613 ], [ -81.389729, 28.597892 ], [ -81.389724, 28.597985 ], [ -81.389718, 28.598074 ], [ -81.389701, 28.598343 ], [ -81.389696, 28.598433 ], [ -81.389691, 28.598496 ], [ -81.389678, 28.598688 ], [ -81.389675, 28.598752 ], [ -81.389668, 28.598868 ], [ -81.389647, 28.599216 ], [ -81.389641, 28.599333 ], [ -81.389638, 28.599374 ], [ -81.389631, 28.599496 ], [ -81.389629, 28.599538 ], [ -81.389619, 28.599679 ], [ -81.389591, 28.600102 ], [ -81.389583, 28.600244 ], [ -81.389582, 28.600254 ], [ -81.38958, 28.600286 ], [ -81.38958, 28.600297 ], [ -81.389569, 28.600468 ], [ -81.389554, 28.600702 ], [ -81.388175, 28.600702 ], [ -81.388096, 28.600706 ], [ -81.387895, 28.600716 ], [ -81.387831, 28.600534 ], [ -81.387701, 28.600461 ], [ -81.387484, 28.600337 ], [ -81.387469, 28.600228 ], [ -81.387393, 28.600029 ], [ -81.386822, 28.600007 ], [ -81.386371, 28.599989 ], [ -81.386368, 28.600183 ], [ -81.386414, 28.600649 ], [ -81.386427, 28.601001 ], [ -81.386474, 28.603643 ], [ -81.386511, 28.604392 ], [ -81.386552, 28.605846 ], [ -81.386553, 28.606041 ], [ -81.3866, 28.607273 ], [ -81.386605, 28.607433 ], [ -81.386623, 28.60797 ], [ -81.386648, 28.608726 ], [ -81.386665, 28.609256 ], [ -81.386665, 28.610299 ], [ -81.386489, 28.61028 ], [ -81.386489, 28.611008 ], [ -81.386117, 28.610983 ], [ -81.385084, 28.610931 ], [ -81.384882, 28.610917 ], [ -81.384869, 28.61098 ], [ -81.384807, 28.61099 ], [ -81.384753, 28.610994 ], [ -81.384724, 28.610998 ], [ -81.384722, 28.611035 ], [ -81.384724, 28.611199 ], [ -81.384725, 28.611248 ], [ -81.384743, 28.611417 ], [ -81.384768, 28.611538 ], [ -81.384663, 28.611537 ], [ -81.384118, 28.611549 ], [ -81.383972, 28.611551 ], [ -81.383957, 28.611552 ], [ -81.383787, 28.611556 ], [ -81.383392, 28.611563 ], [ -81.382096, 28.611589 ], [ -81.381978, 28.611591 ], [ -81.381834, 28.611594 ], [ -81.381806, 28.611594 ], [ -81.381734, 28.611595 ], [ -81.381206, 28.611606 ], [ -81.381162, 28.611607 ], [ -81.380024, 28.611629 ], [ -81.377649, 28.611676 ], [ -81.377098, 28.611684 ], [ -81.37697, 28.611686 ], [ -81.376906, 28.611691 ], [ -81.376342, 28.611743 ], [ -81.376155, 28.61176 ], [ -81.376122, 28.611742 ], [ -81.376086, 28.611733 ], [ -81.375992, 28.611734 ], [ -81.375827, 28.611736 ], [ -81.375806, 28.611733 ], [ -81.375749, 28.61171 ], [ -81.375692, 28.611696 ], [ -81.375559, 28.611699 ], [ -81.375492, 28.611701 ], [ -81.375472, 28.611702 ], [ -81.375359, 28.611705 ], [ -81.375324, 28.611706 ], [ -81.375118, 28.611711 ], [ -81.374792, 28.61172 ], [ -81.374664, 28.611721 ], [ -81.374501, 28.611724 ], [ -81.374444, 28.611725 ], [ -81.37437, 28.611726 ], [ -81.374296, 28.611727 ], [ -81.374267, 28.611727 ], [ -81.374181, 28.611728 ], [ -81.374153, 28.611729 ], [ -81.374005, 28.61173 ], [ -81.373565, 28.611735 ], [ -81.373418, 28.611737 ], [ -81.373239, 28.611739 ], [ -81.372705, 28.611748 ], [ -81.372527, 28.611751 ], [ -81.372407, 28.611751 ], [ -81.372047, 28.611755 ], [ -81.371928, 28.611756 ], [ -81.371887, 28.611756 ], [ -81.371765, 28.611757 ], [ -81.371725, 28.611758 ], [ -81.371621, 28.611758 ], [ -81.37131, 28.611762 ], [ -81.371207, 28.611764 ], [ -81.370859, 28.611768 ], [ -81.369818, 28.611781 ], [ -81.369471, 28.611786 ], [ -81.369444, 28.611786 ], [ -81.369365, 28.611786 ], [ -81.369339, 28.611786 ], [ -81.36926, 28.611785 ], [ -81.369093, 28.611785 ], [ -81.369026, 28.611785 ], [ -81.368948, 28.611785 ], [ -81.368772, 28.611785 ], [ -81.368237, 28.611795 ], [ -81.36807, 28.611795 ], [ -81.36807, 28.611691 ], [ -81.36807, 28.611644 ], [ -81.36807, 28.611467 ], [ -81.367054, 28.611462 ], [ -81.367054, 28.611636 ], [ -81.367054, 28.611678 ], [ -81.367054, 28.611782 ], [ -81.366945, 28.611782 ], [ -81.366619, 28.611784 ], [ -81.366511, 28.611785 ], [ -81.366278, 28.61179 ], [ -81.366234, 28.611792 ], [ -81.365581, 28.6118 ], [ -81.365509, 28.611801 ], [ -81.365463, 28.611803 ], [ -81.365249, 28.611819 ], [ -81.365086, 28.61186 ], [ -81.36466, 28.611871 ], [ -81.363302, 28.611883 ], [ -81.362286, 28.611883 ], [ -81.361274, 28.61191 ], [ -81.361306, 28.61319 ], [ -81.361306, 28.613225 ], [ -81.361306, 28.613244 ], [ -81.361306, 28.613355 ], [ -81.361317, 28.613689 ], [ -81.361349, 28.614856 ], [ -81.36135, 28.615168 ], [ -81.361359, 28.615597 ], [ -81.361357, 28.615701 ], [ -81.361369, 28.61579 ], [ -81.361404, 28.617231 ], [ -81.361406, 28.617335 ], [ -81.361408, 28.617414 ], [ -81.36141, 28.617509 ], [ -81.361408, 28.617795 ], [ -81.361471, 28.618224 ], [ -81.361311, 28.618344 ], [ -81.361021, 28.618562 ], [ -81.360895, 28.618597 ], [ -81.360622, 28.618674 ], [ -81.359416, 28.619014 ], [ -81.357554, 28.619325 ], [ -81.35655, 28.619294 ], [ -81.35566, 28.619268 ], [ -81.355174, 28.6192 ], [ -81.355248, 28.6189 ], [ -81.355469, 28.618 ], [ -81.355544, 28.617701 ], [ -81.354973, 28.617672 ], [ -81.353752, 28.617611 ], [ -81.353262, 28.617599 ], [ -81.352692, 28.617587 ], [ -81.352672, 28.617567 ], [ -81.352615, 28.617509 ], [ -81.352576, 28.617466 ], [ -81.350195, 28.617503 ], [ -81.350197, 28.618679 ], [ -81.35019, 28.619412 ], [ -81.350375, 28.619559 ], [ -81.35019, 28.619559 ], [ -81.346689, 28.619563 ], [ -81.346529, 28.619677 ], [ -81.346464, 28.619662 ], [ -81.346049, 28.621157 ], [ -81.345943, 28.62116 ], [ -81.345898, 28.621159 ], [ -81.345781, 28.62118 ], [ -81.345709, 28.621165 ], [ -81.345642, 28.621135 ], [ -81.345528, 28.621095 ], [ -81.34549, 28.621069 ], [ -81.345442, 28.621086 ], [ -81.345361, 28.621191 ], [ -81.345062, 28.621581 ], [ -81.345025, 28.621608 ], [ -81.345047, 28.62162 ], [ -81.34515, 28.621678 ], [ -81.345295, 28.621751 ], [ -81.345476, 28.621821 ], [ -81.345524, 28.62184 ], [ -81.345589, 28.62186 ], [ -81.345678, 28.621888 ], [ -81.345706, 28.621892 ], [ -81.34578, 28.621904 ], [ -81.345783, 28.621984 ], [ -81.345789, 28.622178 ], [ -81.345794, 28.622332 ], [ -81.345749, 28.622333 ], [ -81.345454, 28.62234 ], [ -81.345444, 28.622667 ], [ -81.345447, 28.622735 ], [ -81.345533, 28.622733 ], [ -81.345716, 28.62273 ], [ -81.345759, 28.622729 ], [ -81.345761, 28.622798 ], [ -81.345771, 28.623125 ], [ -81.345786, 28.623125 ], [ -81.345787, 28.623151 ], [ -81.345798, 28.623711 ], [ -81.345809, 28.624223 ], [ -81.345811, 28.624331 ], [ -81.345821, 28.624793 ], [ -81.345826, 28.624957 ], [ -81.345763, 28.624973 ], [ -81.345709, 28.624998 ], [ -81.34569, 28.625007 ], [ -81.345673, 28.624996 ], [ -81.345641, 28.624979 ], [ -81.345607, 28.624967 ], [ -81.345568, 28.624956 ], [ -81.345468, 28.62494 ], [ -81.345388, 28.624937 ], [ -81.34521, 28.624939 ], [ -81.344587, 28.624947 ], [ -81.344026, 28.624968 ], [ -81.34382, 28.624977 ], [ -81.342887, 28.624989 ], [ -81.342824, 28.624934 ], [ -81.342252, 28.624931 ], [ -81.342273, 28.625561 ], [ -81.342313, 28.626751 ], [ -81.340499, 28.626709 ], [ -81.340504, 28.626765 ], [ -81.340526, 28.627543 ], [ -81.340527, 28.627581 ], [ -81.341179, 28.627567 ], [ -81.341183, 28.627708 ], [ -81.341226, 28.629165 ], [ -81.340179, 28.629167 ], [ -81.339451, 28.629168 ], [ -81.339449, 28.629184 ], [ -81.339448, 28.629195 ], [ -81.339446, 28.629206 ], [ -81.339444, 28.629216 ], [ -81.339443, 28.629225 ], [ -81.33944, 28.629244 ], [ -81.339437, 28.629255 ], [ -81.339435, 28.629268 ], [ -81.339432, 28.629279 ], [ -81.33943, 28.62929 ], [ -81.339427, 28.629301 ], [ -81.339425, 28.629311 ], [ -81.339422, 28.629322 ], [ -81.339419, 28.629333 ], [ -81.339416, 28.629346 ], [ -81.339413, 28.629357 ], [ -81.339409, 28.629368 ], [ -81.339404, 28.629383 ], [ -81.339399, 28.629399 ], [ -81.339395, 28.629413 ], [ -81.339391, 28.629423 ], [ -81.339387, 28.629433 ], [ -81.33938, 28.629452 ], [ -81.339376, 28.629462 ], [ -81.339372, 28.629473 ], [ -81.339368, 28.629483 ], [ -81.339358, 28.629506 ], [ -81.339352, 28.629519 ], [ -81.339347, 28.629529 ], [ -81.339342, 28.629539 ], [ -81.339337, 28.629549 ], [ -81.339332, 28.629559 ], [ -81.339327, 28.629569 ], [ -81.339322, 28.629579 ], [ -81.339306, 28.629609 ], [ -81.339297, 28.629624 ], [ -81.339289, 28.629638 ], [ -81.339281, 28.62965 ], [ -81.339261, 28.629682 ], [ -81.33924, 28.629712 ], [ -81.33923, 28.629726 ], [ -81.339222, 28.629738 ], [ -81.339215, 28.629747 ], [ -81.339208, 28.629756 ], [ -81.339199, 28.629767 ], [ -81.339192, 28.629776 ], [ -81.339185, 28.629785 ], [ -81.339178, 28.629794 ], [ -81.33917, 28.629803 ], [ -81.339163, 28.629812 ], [ -81.339155, 28.629821 ], [ -81.339148, 28.629829 ], [ -81.33914, 28.629838 ], [ -81.339132, 28.629846 ], [ -81.339122, 28.629857 ], [ -81.33911, 28.62987 ], [ -81.3391, 28.62988 ], [ -81.339089, 28.62989 ], [ -81.339077, 28.629903 ], [ -81.339064, 28.629915 ], [ -81.339054, 28.629925 ], [ -81.33904, 28.629937 ], [ -81.339018, 28.629956 ], [ -81.339, 28.629971 ], [ -81.338984, 28.629984 ], [ -81.338968, 28.629997 ], [ -81.338949, 28.630012 ], [ -81.338937, 28.630021 ], [ -81.338918, 28.630034 ], [ -81.338891, 28.630053 ], [ -81.338854, 28.630078 ], [ -81.338828, 28.630094 ], [ -81.338802, 28.630109 ], [ -81.338784, 28.630119 ], [ -81.338758, 28.630134 ], [ -81.338736, 28.630145 ], [ -81.338723, 28.630152 ], [ -81.33868, 28.630258 ], [ -81.337387, 28.630987 ], [ -81.337326, 28.631236 ], [ -81.337059, 28.632336 ], [ -81.336526, 28.632342 ], [ -81.336523, 28.632275 ], [ -81.336419, 28.632278 ], [ -81.336035, 28.632281 ], [ -81.334361, 28.632292 ], [ -81.334143, 28.632294 ], [ -81.333488, 28.632298 ], [ -81.333301, 28.6323 ], [ -81.332925, 28.632303 ], [ -81.332553, 28.632305 ], [ -81.332386, 28.632306 ], [ -81.332366, 28.632306 ], [ -81.332366, 28.632276 ], [ -81.332305, 28.632277 ], [ -81.331573, 28.632281 ], [ -81.331498, 28.632282 ], [ -81.331272, 28.632284 ], [ -81.331258, 28.632284 ], [ -81.331258, 28.632315 ], [ -81.331242, 28.632315 ], [ -81.330986, 28.632316 ], [ -81.330798, 28.632318 ], [ -81.330768, 28.632318 ], [ -81.330681, 28.632318 ], [ -81.330553, 28.63232 ], [ -81.330292, 28.632321 ], [ -81.330105, 28.632322 ], [ -81.329955, 28.632324 ], [ -81.329807, 28.6323 ], [ -81.329545, 28.632269 ], [ -81.329196, 28.632165 ], [ -81.32899, 28.632088 ], [ -81.328977, 28.631878 ], [ -81.329023, 28.631789 ], [ -81.32904, 28.631757 ], [ -81.329064, 28.631664 ], [ -81.329052, 28.631471 ], [ -81.328994, 28.631453 ], [ -81.329067, 28.631375 ], [ -81.32917, 28.631295 ], [ -81.329082, 28.631331 ], [ -81.328995, 28.631367 ], [ -81.328962, 28.631354 ], [ -81.328816, 28.631301 ], [ -81.328335, 28.631111 ], [ -81.328304, 28.631099 ], [ -81.328259, 28.629793 ], [ -81.328257, 28.629727 ], [ -81.328223, 28.628676 ], [ -81.32822, 28.628576 ], [ -81.328209, 28.628237 ], [ -81.32818, 28.627349 ], [ -81.328152, 28.626468 ], [ -81.328137, 28.626036 ], [ -81.328093, 28.625594 ], [ -81.328093, 28.62557 ], [ -81.328013, 28.625033 ], [ -81.328013, 28.624999 ], [ -81.328011, 28.624911 ], [ -81.328004, 28.624567 ], [ -81.328003, 28.624452 ], [ -81.327999, 28.624358 ], [ -81.327993, 28.624077 ], [ -81.327993, 28.623985 ], [ -81.327987, 28.623778 ], [ -81.327978, 28.623162 ], [ -81.327977, 28.622959 ], [ -81.327972, 28.622751 ], [ -81.327965, 28.622135 ], [ -81.327965, 28.621932 ], [ -81.327969, 28.621884 ], [ -81.327983, 28.621745 ], [ -81.327989, 28.621701 ], [ -81.327986, 28.621574 ], [ -81.327979, 28.621193 ], [ -81.327977, 28.621067 ], [ -81.328051, 28.620791 ], [ -81.328022, 28.618531 ], [ -81.328011, 28.617668 ], [ -81.327977, 28.615516 ], [ -81.327909, 28.612522 ], [ -81.327923, 28.61137 ], [ -81.327911, 28.611268 ], [ -81.328119, 28.610999 ], [ -81.328294, 28.611005 ], [ -81.328233, 28.610685 ], [ -81.328214, 28.610521 ], [ -81.32821, 28.610284 ], [ -81.328185, 28.608969 ], [ -81.328185, 28.608952 ], [ -81.328163, 28.607938 ], [ -81.328157, 28.607583 ], [ -81.328156, 28.607475 ], [ -81.328154, 28.607399 ], [ -81.328154, 28.607366 ], [ -81.328147, 28.607016 ], [ -81.328143, 28.60685 ], [ -81.32814, 28.606667 ], [ -81.328138, 28.606588 ], [ -81.328133, 28.606354 ], [ -81.328132, 28.606276 ], [ -81.328129, 28.606138 ], [ -81.32812, 28.605724 ], [ -81.328118, 28.605586 ], [ -81.328116, 28.605529 ], [ -81.328113, 28.605358 ], [ -81.328112, 28.605301 ], [ -81.32811, 28.60519 ], [ -81.328104, 28.604857 ], [ -81.328102, 28.604746 ], [ -81.3281, 28.604661 ], [ -81.328099, 28.604583 ], [ -81.328095, 28.604406 ], [ -81.328094, 28.604322 ], [ -81.328086, 28.604257 ], [ -81.328058, 28.604106 ], [ -81.328052, 28.604063 ], [ -81.328045, 28.603999 ], [ -81.328042, 28.603896 ], [ -81.328034, 28.60359 ], [ -81.328032, 28.603488 ], [ -81.328027, 28.603323 ], [ -81.328016, 28.602828 ], [ -81.328012, 28.602663 ], [ -81.328009, 28.602508 ], [ -81.328, 28.602043 ], [ -81.327998, 28.601888 ], [ -81.327997, 28.601764 ], [ -81.32799, 28.601562 ], [ -81.32799, 28.601436 ], [ -81.328014, 28.601263 ], [ -81.328004, 28.600526 ], [ -81.327967, 28.600399 ], [ -81.327964, 28.600339 ], [ -81.327963, 28.599669 ], [ -81.327956, 28.599087 ], [ -81.327944, 28.598891 ], [ -81.328257, 28.598877 ], [ -81.328325, 28.598874 ], [ -81.328399, 28.598866 ], [ -81.329197, 28.59886 ], [ -81.329511, 28.598859 ], [ -81.329507, 28.598674 ], [ -81.329497, 28.598119 ], [ -81.329494, 28.597935 ], [ -81.329179, 28.597938 ], [ -81.328237, 28.59795 ], [ -81.327923, 28.597955 ], [ -81.32792, 28.59779 ], [ -81.327912, 28.597297 ], [ -81.32791, 28.597133 ], [ -81.327902, 28.597004 ], [ -81.3279, 28.596945 ], [ -81.327889, 28.596549 ], [ -81.327888, 28.596383 ], [ -81.327887, 28.596196 ], [ -81.327884, 28.595929 ], [ -81.327876, 28.59513 ], [ -81.327874, 28.594864 ], [ -81.327873, 28.594663 ], [ -81.327872, 28.594458 ], [ -81.327863, 28.59406 ], [ -81.327862, 28.593968 ], [ -81.327856, 28.593876 ], [ -81.327856, 28.59386 ], [ -81.327853, 28.593781 ], [ -81.327852, 28.593714 ], [ -81.32785, 28.59351 ], [ -81.32785, 28.593452 ], [ -81.327851, 28.593279 ], [ -81.327853, 28.593134 ], [ -81.327853, 28.593107 ], [ -81.327853, 28.593026 ], [ -81.327854, 28.593 ], [ -81.327848, 28.59266 ], [ -81.328326, 28.592641 ], [ -81.32831, 28.58988 ], [ -81.328329, 28.589846 ], [ -81.328251, 28.586988 ], [ -81.32781, 28.586964 ], [ -81.327804, 28.586641 ], [ -81.327803, 28.586465 ], [ -81.327802, 28.586169 ], [ -81.329305, 28.586216 ], [ -81.330055, 28.586213 ], [ -81.330052, 28.58613 ], [ -81.330049, 28.586001 ], [ -81.330043, 28.5858 ], [ -81.330011, 28.585619 ], [ -81.329994, 28.585536 ], [ -81.329988, 28.585508 ], [ -81.329974, 28.585442 ], [ -81.32993, 28.585299 ], [ -81.329849, 28.585107 ], [ -81.329831, 28.585002 ], [ -81.329706, 28.584606 ], [ -81.329681, 28.584425 ], [ -81.329681, 28.584216 ], [ -81.329718, 28.584017 ], [ -81.329793, 28.583891 ], [ -81.32993, 28.583781 ], [ -81.330327, 28.583683 ], [ -81.330447, 28.583654 ], [ -81.330523, 28.583632 ], [ -81.330506, 28.582222 ], [ -81.32776, 28.582275 ], [ -81.327761, 28.58213 ], [ -81.327756, 28.581679 ], [ -81.327754, 28.581586 ], [ -81.327751, 28.581309 ], [ -81.32775, 28.581217 ], [ -81.327747, 28.581048 ], [ -81.327739, 28.580541 ], [ -81.327737, 28.580372 ], [ -81.327736, 28.580347 ], [ -81.327735, 28.580275 ], [ -81.327735, 28.580251 ], [ -81.327732, 28.580117 ], [ -81.327731, 28.580017 ], [ -81.327712, 28.579856 ], [ -81.327679, 28.579722 ], [ -81.327674, 28.579699 ], [ -81.327638, 28.579596 ], [ -81.327566, 28.579446 ], [ -81.327516, 28.579339 ], [ -81.32734, 28.579038 ], [ -81.327326, 28.579011 ], [ -81.327252, 28.578864 ], [ -81.327306, 28.578879 ], [ -81.327468, 28.578924 ], [ -81.327523, 28.578939 ], [ -81.327721, 28.57896 ], [ -81.327704, 28.578041 ], [ -81.327671, 28.576189 ], [ -81.327577, 28.576075 ], [ -81.327602, 28.576022 ], [ -81.32765, 28.575867 ], [ -81.327674, 28.57572 ], [ -81.327678, 28.575658 ], [ -81.327679, 28.575475 ], [ -81.32768, 28.575414 ], [ -81.32768, 28.575388 ], [ -81.32768, 28.575313 ], [ -81.327681, 28.575289 ], [ -81.327709, 28.575289 ], [ -81.327757, 28.575289 ], [ -81.327792, 28.575289 ], [ -81.32782, 28.57529 ], [ -81.328608, 28.575278 ], [ -81.328849, 28.575275 ], [ -81.3303, 28.575264 ], [ -81.330974, 28.575256 ], [ -81.331687, 28.575248 ], [ -81.331724, 28.575257 ], [ -81.331757, 28.575275 ], [ -81.33177, 28.575287 ], [ -81.331789, 28.575316 ], [ -81.331791, 28.575325 ], [ -81.331797, 28.575349 ], [ -81.331797, 28.575511 ], [ -81.331798, 28.575574 ], [ -81.331798, 28.575743 ], [ -81.331798, 28.575775 ], [ -81.331799, 28.575903 ], [ -81.331807, 28.57638 ], [ -81.33181, 28.576582 ], [ -81.331811, 28.576646 ], [ -81.331814, 28.576799 ], [ -81.331822, 28.576839 ], [ -81.331828, 28.576865 ], [ -81.331845, 28.576899 ], [ -81.33186, 28.576927 ], [ -81.331908, 28.576979 ], [ -81.331969, 28.57702 ], [ -81.332025, 28.577041 ], [ -81.332036, 28.577045 ], [ -81.332138, 28.577061 ], [ -81.332394, 28.577063 ], [ -81.33266, 28.577059 ], [ -81.332733, 28.577059 ], [ -81.332901, 28.577061 ], [ -81.332932, 28.57707 ], [ -81.332963, 28.57709 ], [ -81.33298, 28.577109 ], [ -81.332993, 28.577136 ], [ -81.332997, 28.577173 ], [ -81.332997, 28.577197 ], [ -81.332999, 28.577412 ], [ -81.333006, 28.577991 ], [ -81.333007, 28.57806 ], [ -81.333007, 28.578082 ], [ -81.33301, 28.578276 ], [ -81.333011, 28.578394 ], [ -81.333015, 28.578657 ], [ -81.333018, 28.578748 ], [ -81.333023, 28.578866 ], [ -81.333047, 28.578865 ], [ -81.33312, 28.578864 ], [ -81.333132, 28.578864 ], [ -81.333145, 28.578864 ], [ -81.333503, 28.578858 ], [ -81.334578, 28.578844 ], [ -81.334937, 28.57884 ], [ -81.335228, 28.578837 ], [ -81.336104, 28.578829 ], [ -81.336396, 28.578827 ], [ -81.337101, 28.578814 ], [ -81.337388, 28.57881 ], [ -81.337957, 28.578809 ], [ -81.338947, 28.578796 ], [ -81.339216, 28.578795 ], [ -81.339922, 28.578793 ], [ -81.339871, 28.574961 ], [ -81.339868, 28.574775 ], [ -81.339859, 28.574217 ], [ -81.339857, 28.574032 ], [ -81.339854, 28.573858 ], [ -81.339845, 28.573339 ], [ -81.339843, 28.573166 ], [ -81.33984, 28.573006 ], [ -81.339831, 28.572529 ], [ -81.339829, 28.57237 ], [ -81.339825, 28.572204 ], [ -81.339816, 28.571706 ], [ -81.339813, 28.57154 ], [ -81.339812, 28.571524 ], [ -81.339812, 28.571478 ], [ -81.339812, 28.571463 ], [ -81.33981, 28.571385 ], [ -81.339807, 28.571151 ], [ -81.339806, 28.571074 ], [ -81.339832, 28.571074 ], [ -81.339912, 28.571074 ], [ -81.339939, 28.571074 ], [ -81.339965, 28.571074 ], [ -81.339964, 28.570991 ], [ -81.339957, 28.570498 ], [ -81.33995, 28.570064 ], [ -81.33994, 28.569411 ], [ -81.339933, 28.568977 ], [ -81.339929, 28.568745 ], [ -81.339927, 28.568615 ], [ -81.339923, 28.568316 ], [ -81.340375, 28.568314 ], [ -81.341684, 28.568312 ], [ -81.342337, 28.56831 ], [ -81.342575, 28.56831 ], [ -81.342573, 28.5682 ], [ -81.342803, 28.568199 ], [ -81.342897, 28.568199 ], [ -81.342985, 28.568201 ], [ -81.342983, 28.568749 ], [ -81.343396, 28.568746 ], [ -81.3439, 28.568742 ], [ -81.343923, 28.568742 ], [ -81.344028, 28.568741 ], [ -81.344027, 28.56868 ], [ -81.344024, 28.568553 ], [ -81.344011, 28.567971 ], [ -81.344043, 28.567971 ], [ -81.344236, 28.567969 ], [ -81.344526, 28.567966 ], [ -81.344527, 28.568011 ], [ -81.344531, 28.568226 ], [ -81.344686, 28.568224 ], [ -81.344965, 28.56822 ], [ -81.345043, 28.568219 ], [ -81.34512, 28.568218 ], [ -81.345554, 28.568212 ], [ -81.345559, 28.568487 ], [ -81.345561, 28.568624 ], [ -81.34557, 28.569174 ], [ -81.345725, 28.569172 ], [ -81.3461, 28.569171 ], [ -81.346101, 28.569218 ], [ -81.348162, 28.569195 ], [ -81.348169, 28.569583 ], [ -81.348177, 28.570027 ], [ -81.34818, 28.570197 ], [ -81.348197, 28.571158 ], [ -81.348208, 28.571816 ], [ -81.348217, 28.57232 ], [ -81.348219, 28.572459 ], [ -81.348221, 28.572624 ], [ -81.348491, 28.57255 ], [ -81.348717, 28.572649 ], [ -81.348798, 28.572684 ], [ -81.348986, 28.572766 ], [ -81.349914, 28.573171 ], [ -81.350038, 28.573226 ], [ -81.350031, 28.573277 ], [ -81.349997, 28.573534 ], [ -81.349941, 28.573781 ], [ -81.34992, 28.573873 ], [ -81.34985, 28.574155 ], [ -81.349641, 28.574953 ], [ -81.349621, 28.575029 ], [ -81.349754, 28.575027 ], [ -81.352389, 28.574987 ], [ -81.352419, 28.576775 ], [ -81.352426, 28.577164 ], [ -81.351631, 28.577633 ], [ -81.351323, 28.577808 ], [ -81.351335, 28.577872 ], [ -81.351329, 28.578065 ], [ -81.351553, 28.578539 ], [ -81.351641, 28.578725 ], [ -81.351772, 28.57884 ], [ -81.35232, 28.579671 ], [ -81.352713, 28.580078 ], [ -81.352732, 28.580133 ], [ -81.352701, 28.580183 ], [ -81.352645, 28.580216 ], [ -81.352607, 28.580282 ], [ -81.35262, 28.58037 ], [ -81.352644, 28.580426 ], [ -81.352682, 28.58048 ], [ -81.352801, 28.580793 ], [ -81.352894, 28.580936 ], [ -81.353025, 28.581046 ], [ -81.353064, 28.581061 ], [ -81.353163, 28.581101 ], [ -81.353213, 28.581098 ], [ -81.353387, 28.58109 ], [ -81.353518, 28.581107 ], [ -81.353684, 28.581102 ], [ -81.353755, 28.581101 ], [ -81.353842, 28.581093 ], [ -81.353985, 28.581079 ], [ -81.354079, 28.581079 ], [ -81.354154, 28.581123 ], [ -81.354247, 28.581107 ], [ -81.354324, 28.581128 ], [ -81.354366, 28.58114 ], [ -81.354497, 28.581151 ], [ -81.354752, 28.581233 ], [ -81.354858, 28.581222 ], [ -81.355083, 28.581156 ], [ -81.355238, 28.581095 ], [ -81.355525, 28.581057 ], [ -81.355783, 28.581052 ], [ -81.355837, 28.581051 ], [ -81.356092, 28.581034 ], [ -81.35618, 28.580983 ], [ -81.356395, 28.581093 ], [ -81.356463, 28.581256 ], [ -81.356575, 28.581437 ], [ -81.356621, 28.581414 ], [ -81.356624, 28.581551 ], [ -81.356627, 28.581598 ], [ -81.356842, 28.581475 ], [ -81.356992, 28.581389 ], [ -81.357307, 28.581208 ], [ -81.357694, 28.581776 ], [ -81.357693, 28.581825 ], [ -81.357712, 28.58223 ], [ -81.359981, 28.582191 ], [ -81.360668, 28.58218 ], [ -81.361381, 28.582189 ], [ -81.362234, 28.582205 ], [ -81.364034, 28.582235 ], [ -81.364719, 28.582251 ], [ -81.364837, 28.582253 ], [ -81.366771, 28.582289 ], [ -81.366903, 28.582258 ], [ -81.36839, 28.582318 ], [ -81.368512, 28.582321 ], [ -81.369096, 28.582337 ], [ -81.369567, 28.581927 ], [ -81.369626, 28.581874 ], [ -81.369715, 28.581957 ], [ -81.370084, 28.582299 ], [ -81.370084, 28.582322 ], [ -81.371117, 28.582312 ], [ -81.373109, 28.582265 ], [ -81.373529, 28.582257 ], [ -81.373815, 28.582256 ], [ -81.37397, 28.582255 ], [ -81.373971, 28.582331 ], [ -81.373974, 28.582515 ], [ -81.373976, 28.582641 ], [ -81.373752, 28.582644 ], [ -81.373753, 28.582715 ], [ -81.373756, 28.582904 ], [ -81.373757, 28.582958 ], [ -81.373844, 28.582957 ], [ -81.373846, 28.583106 ], [ -81.373847, 28.583154 ], [ -81.373848, 28.583198 ], [ -81.373852, 28.583411 ], [ -81.373852, 28.58343 ], [ -81.373853, 28.583497 ], [ -81.373968, 28.583497 ], [ -81.374052, 28.583497 ], [ -81.374306, 28.583497 ], [ -81.374391, 28.583497 ], [ -81.37442, 28.583497 ], [ -81.374481, 28.58349 ], [ -81.374496, 28.583482 ], [ -81.374528, 28.583462 ], [ -81.374634, 28.5837 ], [ -81.374705, 28.583934 ], [ -81.37476, 28.584332 ], [ -81.374771, 28.584651 ], [ -81.374785, 28.585 ], [ -81.374848, 28.585546 ], [ -81.374895, 28.585884 ], [ -81.374884, 28.585934 ], [ -81.374884, 28.585967 ], [ -81.374878, 28.585994 ], [ -81.374884, 28.586088 ], [ -81.374862, 28.586197 ], [ -81.374796, 28.586351 ], [ -81.374703, 28.5865 ], [ -81.374631, 28.586659 ], [ -81.374554, 28.586901 ], [ -81.374411, 28.587071 ], [ -81.37423, 28.587154 ], [ -81.374093, 28.587197 ], [ -81.373746, 28.58734 ], [ -81.373609, 28.587428 ], [ -81.373521, 28.587621 ], [ -81.373516, 28.58778 ], [ -81.373565, 28.587917 ], [ -81.373642, 28.588082 ], [ -81.373746, 28.588186 ], [ -81.373895, 28.588302 ], [ -81.374049, 28.588384 ], [ -81.374219, 28.58845 ], [ -81.374532, 28.588434 ], [ -81.374884, 28.588428 ], [ -81.374966, 28.588467 ], [ -81.375098, 28.588594 ], [ -81.375137, 28.588608 ], [ -81.375173, 28.588628 ], [ -81.375206, 28.588652 ], [ -81.375218, 28.588665 ], [ -81.375256, 28.588712 ], [ -81.375272, 28.588747 ], [ -81.375282, 28.588783 ], [ -81.375286, 28.588821 ], [ -81.37529, 28.58932 ], [ -81.375292, 28.589489 ], [ -81.37536, 28.589494 ], [ -81.37567, 28.589495 ], [ -81.37653, 28.589498 ], [ -81.376805, 28.589496 ], [ -81.377184, 28.589495 ], [ -81.377255, 28.589494 ], [ -81.377296, 28.589493 ], [ -81.377288, 28.589169 ], [ -81.377287, 28.589114 ], [ -81.377282, 28.588945 ], [ -81.37728, 28.588878 ], [ -81.37706, 28.588703 ], [ -81.376845, 28.58849 ], [ -81.376812, 28.588452 ], [ -81.376303, 28.587857 ], [ -81.376123, 28.587647 ], [ -81.375866, 28.587226 ], [ -81.375675, 28.586795 ], [ -81.375563, 28.586543 ], [ -81.375391, 28.585899 ], [ -81.375331, 28.585672 ], [ -81.375291, 28.585023 ], [ -81.375276, 28.584774 ], [ -81.375268, 28.584299 ], [ -81.37526, 28.583727 ], [ -81.375247, 28.583392 ], [ -81.375232, 28.583027 ], [ -81.375221, 28.582719 ], [ -81.375238, 28.582509 ], [ -81.375233, 28.582391 ], [ -81.375228, 28.582246 ], [ -81.375547, 28.582242 ], [ -81.376206, 28.582232 ], [ -81.377229, 28.582218 ], [ -81.37723, 28.582327 ], [ -81.377232, 28.582445 ], [ -81.377238, 28.582802 ], [ -81.377245, 28.583127 ], [ -81.377246, 28.583218 ], [ -81.37725, 28.583355 ], [ -81.37725, 28.583379 ], [ -81.377251, 28.583454 ], [ -81.377252, 28.583479 ], [ -81.377253, 28.583599 ], [ -81.377259, 28.58396 ], [ -81.377261, 28.584081 ], [ -81.377261, 28.584121 ], [ -81.377264, 28.584243 ], [ -81.377265, 28.584284 ], [ -81.377268, 28.584459 ], [ -81.37727, 28.584603 ], [ -81.377271, 28.584638 ], [ -81.377272, 28.584682 ], [ -81.377278, 28.585014 ], [ -81.377384, 28.585013 ], [ -81.378368, 28.585004 ], [ -81.378401, 28.586513 ], [ -81.378408, 28.587023 ], [ -81.378432, 28.588553 ], [ -81.378441, 28.589064 ], [ -81.378442, 28.589147 ], [ -81.378446, 28.589397 ], [ -81.378448, 28.589481 ], [ -81.378589, 28.589483 ], [ -81.379054, 28.589477 ], [ -81.380875, 28.589455 ], [ -81.381482, 28.589449 ], [ -81.381687, 28.589446 ], [ -81.382304, 28.589437 ], [ -81.38251, 28.589435 ], [ -81.382715, 28.589433 ], [ -81.383333, 28.589427 ], [ -81.383539, 28.589426 ], [ -81.383743, 28.589423 ], [ -81.384354, 28.589416 ], [ -81.384559, 28.589414 ], [ -81.384769, 28.589411 ], [ -81.385402, 28.589404 ], [ -81.385522, 28.589403 ], [ -81.385611, 28.589382 ], [ -81.385611, 28.589321 ], [ -81.385612, 28.589245 ], [ -81.385671, 28.589248 ], [ -81.386404, 28.58924 ], [ -81.386443, 28.589242 ], [ -81.386592, 28.58924 ], [ -81.386843, 28.589237 ], [ -81.387157, 28.589233 ], [ -81.38722, 28.589232 ], [ -81.387209, 28.589275 ], [ -81.38716, 28.58927 ], [ -81.386998, 28.589352 ], [ -81.386941, 28.58938 ], [ -81.386941, 28.589424 ], [ -81.386985, 28.589451 ], [ -81.387041, 28.589506 ], [ -81.387066, 28.589594 ], [ -81.38706, 28.589715 ], [ -81.387029, 28.589765 ], [ -81.386979, 28.589793 ], [ -81.38688, 28.589806 ], [ -81.386667, 28.589836 ], [ -81.386573, 28.58982 ], [ -81.386548, 28.589836 ], [ -81.386561, 28.589858 ], [ -81.386629, 28.589902 ], [ -81.38671, 28.58993 ], [ -81.386835, 28.58993 ], [ -81.386904, 28.589963 ], [ -81.386966, 28.589969 ], [ -81.387022, 28.589903 ], [ -81.387035, 28.590024 ], [ -81.38701, 28.590128 ], [ -81.386904, 28.590343 ], [ -81.38691, 28.590381 ], [ -81.386941, 28.590403 ], [ -81.386966, 28.590442 ], [ -81.386978, 28.590497 ], [ -81.386878, 28.59072 ], [ -81.386822, 28.590843 ], [ -81.38671, 28.590992 ], [ -81.386342, 28.59141 ], [ -81.385967, 28.591765 ], [ -81.385781, 28.591943 ], [ -81.385762, 28.592043 ], [ -81.385693, 28.592279 ], [ -81.385531, 28.592587 ], [ -81.385509, 28.592688 ], [ -81.385506, 28.592703 ], [ -81.385502, 28.592847 ], [ -81.385501, 28.592928 ], [ -81.385659, 28.592925 ], [ -81.385661, 28.593045 ], [ -81.385667, 28.593435 ], [ -81.385547, 28.593437 ], [ -81.385555, 28.593512 ], [ -81.385593, 28.5936 ], [ -81.385611, 28.593704 ], [ -81.385936, 28.593858 ], [ -81.386004, 28.593991 ], [ -81.386045, 28.59404 ], [ -81.386571, 28.594668 ], [ -81.386677, 28.594745 ], [ -81.386752, 28.594783 ], [ -81.386839, 28.594778 ], [ -81.38692, 28.594805 ], [ -81.387132, 28.594926 ], [ -81.387213, 28.594943 ], [ -81.387257, 28.594926 ], [ -81.387269, 28.594866 ], [ -81.387344, 28.594816 ], [ -81.387431, 28.594844 ], [ -81.387712, 28.594998 ], [ -81.387818, 28.595015 ], [ -81.387868, 28.595004 ], [ -81.387924, 28.594965 ], [ -81.388024, 28.594916 ], [ -81.388074, 28.594905 ], [ -81.388117, 28.594938 ], [ -81.388111, 28.594965 ], [ -81.388136, 28.594993 ], [ -81.388198, 28.595004 ], [ -81.388741, 28.594795 ], [ -81.388914, 28.594737 ], [ -81.389052, 28.59469 ], [ -81.38952, 28.594614 ], [ -81.389682, 28.594559 ], [ -81.389757, 28.594498 ], [ -81.389796, 28.594459 ], [ -81.389855, 28.596358 ], [ -81.389827, 28.596501 ] ] ] ] } },
{ "type": "Feature", "properties": { "ZCTA5CE20": "33801", "GEOID20": "33801", "GEOIDFQ20": "860Z200US33801", "CLASSFP20": "B5", "MTFCC20": "G6350", "FUNCSTAT20": "S", "ALAND20": 49046917, "AWATER20": 4935833, "INTPTLAT20": "+28.0359786", "INTPTLON20": "-081.8996364" }, "geometry": { "type": "MultiPolygon", "coordinates": [ [ [ [ -81.958252, 28.045825 ], [ -81.958246, 28.045929 ], [ -81.958136, 28.045921 ], [ -81.957971, 28.045924 ], [ -81.957835, 28.045926 ], [ -81.957439, 28.045926 ], [ -81.957263, 28.045922 ], [ -81.957271, 28.046077 ], [ -81.957272, 28.046405 ], [ -81.957273, 28.046548 ], [ -81.957274, 28.046856 ], [ -81.957299, 28.047787 ], [ -81.957316, 28.048594 ], [ -81.957738, 28.048588 ], [ -81.957796, 28.048588 ], [ -81.957821, 28.048601 ], [ -81.957838, 28.048626 ], [ -81.957853, 28.048662 ], [ -81.957858, 28.048687 ], [ -81.95786, 28.049261 ], [ -81.957862, 28.049299 ], [ -81.957876, 28.049329 ], [ -81.957901, 28.049356 ], [ -81.957933, 28.049376 ], [ -81.957995, 28.049402 ], [ -81.957767, 28.049404 ], [ -81.957345, 28.049422 ], [ -81.957349, 28.049557 ], [ -81.957351, 28.049613 ], [ -81.957354, 28.049697 ], [ -81.957356, 28.049772 ], [ -81.957364, 28.04982 ], [ -81.957364, 28.050059 ], [ -81.957377, 28.050232 ], [ -81.957394, 28.051067 ], [ -81.957343, 28.051425 ], [ -81.957344, 28.05145 ], [ -81.957398, 28.05292 ], [ -81.957404, 28.053251 ], [ -81.957427, 28.054158 ], [ -81.957411, 28.054973 ], [ -81.957425, 28.055706 ], [ -81.957422, 28.056003 ], [ -81.957146, 28.056006 ], [ -81.95661, 28.056006 ], [ -81.956267, 28.056006 ], [ -81.956216, 28.054979 ], [ -81.955597, 28.054978 ], [ -81.955297, 28.054977 ], [ -81.955266, 28.054977 ], [ -81.954244, 28.054984 ], [ -81.953605, 28.054991 ], [ -81.953544, 28.055032 ], [ -81.953499, 28.055041 ], [ -81.953207, 28.055042 ], [ -81.953215, 28.056069 ], [ -81.953215, 28.056716 ], [ -81.953211, 28.056863 ], [ -81.952691, 28.056868 ], [ -81.952199, 28.056868 ], [ -81.952194, 28.056736 ], [ -81.952189, 28.055978 ], [ -81.95204, 28.055982 ], [ -81.951195, 28.055986 ], [ -81.950209, 28.055986 ], [ -81.949069, 28.056 ], [ -81.948292, 28.056002 ], [ -81.948094, 28.055997 ], [ -81.94809, 28.055424 ], [ -81.94807, 28.055042 ], [ -81.947428, 28.055044 ], [ -81.947061, 28.055024 ], [ -81.946551, 28.05503 ], [ -81.946388, 28.055071 ], [ -81.945895, 28.055084 ], [ -81.945726, 28.055057 ], [ -81.944983, 28.055057 ], [ -81.944791, 28.055078 ], [ -81.944481, 28.055078 ], [ -81.944259, 28.055068 ], [ -81.944158, 28.055068 ], [ -81.943999, 28.055105 ], [ -81.943819, 28.055103 ], [ -81.94318, 28.055108 ], [ -81.943132, 28.055073 ], [ -81.943018, 28.055074 ], [ -81.942867, 28.055083 ], [ -81.942153, 28.055066 ], [ -81.941624, 28.055026 ], [ -81.940877, 28.054929 ], [ -81.940605, 28.05489 ], [ -81.940298, 28.054827 ], [ -81.940208, 28.054804 ], [ -81.940119, 28.05478 ], [ -81.939946, 28.054773 ], [ -81.939398, 28.054608 ], [ -81.93881, 28.054407 ], [ -81.938495, 28.054289 ], [ -81.938317, 28.054167 ], [ -81.937861, 28.053991 ], [ -81.937489, 28.053859 ], [ -81.936178, 28.053351 ], [ -81.935762, 28.053173 ], [ -81.935175, 28.052986 ], [ -81.934841, 28.052918 ], [ -81.934465, 28.052865 ], [ -81.934153, 28.052849 ], [ -81.933884, 28.052849 ], [ -81.933611, 28.052865 ], [ -81.932942, 28.052942 ], [ -81.932306, 28.053031 ], [ -81.932252, 28.053036 ], [ -81.931835, 28.053026 ], [ -81.931593, 28.053009 ], [ -81.931326, 28.052966 ], [ -81.930967, 28.052887 ], [ -81.930472, 28.052734 ], [ -81.930135, 28.05258 ], [ -81.929813, 28.052405 ], [ -81.929555, 28.052232 ], [ -81.929118, 28.051886 ], [ -81.928209, 28.051177 ], [ -81.92783, 28.050875 ], [ -81.92735, 28.050507 ], [ -81.926941, 28.050186 ], [ -81.926681, 28.049977 ], [ -81.926456, 28.049855 ], [ -81.926292, 28.050018 ], [ -81.926106, 28.049804 ], [ -81.925877, 28.049699 ], [ -81.925498, 28.049473 ], [ -81.925325, 28.049517 ], [ -81.925219, 28.04965 ], [ -81.925126, 28.050073 ], [ -81.923055, 28.049957 ], [ -81.923067, 28.049831 ], [ -81.922503, 28.04982 ], [ -81.922503, 28.048818 ], [ -81.92236, 28.048862 ], [ -81.922373, 28.048934 ], [ -81.922348, 28.049297 ], [ -81.922298, 28.049512 ], [ -81.922199, 28.049677 ], [ -81.922025, 28.049875 ], [ -81.921659, 28.050128 ], [ -81.921485, 28.050216 ], [ -81.921194, 28.050315 ], [ -81.920561, 28.050678 ], [ -81.920282, 28.05081 ], [ -81.920127, 28.050926 ], [ -81.919935, 28.05103 ], [ -81.919625, 28.051234 ], [ -81.919339, 28.051448 ], [ -81.918558, 28.052075 ], [ -81.918092, 28.052587 ], [ -81.918006, 28.052708 ], [ -81.917708, 28.053165 ], [ -81.917638, 28.05329 ], [ -81.917602, 28.053357 ], [ -81.917522, 28.053544 ], [ -81.91741, 28.053731 ], [ -81.917273, 28.053996 ], [ -81.917199, 28.054122 ], [ -81.917162, 28.054216 ], [ -81.917093, 28.054298 ], [ -81.916994, 28.05437 ], [ -81.916907, 28.054458 ], [ -81.916827, 28.054689 ], [ -81.916746, 28.054843 ], [ -81.916715, 28.054969 ], [ -81.916529, 28.055344 ], [ -81.916448, 28.055465 ], [ -81.91643, 28.055602 ], [ -81.916281, 28.055883 ], [ -81.916219, 28.055965 ], [ -81.916175, 28.055993 ], [ -81.916448, 28.056097 ], [ -81.916318, 28.05645 ], [ -81.916212, 28.056416 ], [ -81.916281, 28.056191 ], [ -81.916132, 28.056147 ], [ -81.916051, 28.056422 ], [ -81.916343, 28.056538 ], [ -81.916281, 28.056648 ], [ -81.915964, 28.056532 ], [ -81.915834, 28.056796 ], [ -81.916082, 28.056862 ], [ -81.91615, 28.056868 ], [ -81.916175, 28.056906 ], [ -81.916163, 28.056939 ], [ -81.916119, 28.056967 ], [ -81.915983, 28.056956 ], [ -81.915797, 28.056978 ], [ -81.915697, 28.057005 ], [ -81.915604, 28.057077 ], [ -81.915505, 28.057236 ], [ -81.9154, 28.057451 ], [ -81.915145, 28.058029 ], [ -81.915096, 28.058166 ], [ -81.91499, 28.05854 ], [ -81.914798, 28.059206 ], [ -81.914866, 28.059272 ], [ -81.915039, 28.059338 ], [ -81.915263, 28.059333 ], [ -81.915511, 28.059382 ], [ -81.915697, 28.059404 ], [ -81.915908, 28.05947 ], [ -81.916106, 28.059542 ], [ -81.916212, 28.059597 ], [ -81.916292, 28.059679 ], [ -81.916305, 28.059773 ], [ -81.915064, 28.059575 ], [ -81.914696, 28.059546 ], [ -81.914666, 28.059611 ], [ -81.914659, 28.059661 ], [ -81.914649, 28.059696 ], [ -81.914698, 28.059916 ], [ -81.914723, 28.060048 ], [ -81.914667, 28.060494 ], [ -81.914586, 28.060736 ], [ -81.914562, 28.060989 ], [ -81.914394, 28.06171 ], [ -81.914282, 28.062249 ], [ -81.914213, 28.062479 ], [ -81.914133, 28.06275 ], [ -81.914084, 28.062992 ], [ -81.913928, 28.063454 ], [ -81.91391, 28.063751 ], [ -81.913841, 28.064279 ], [ -81.913823, 28.064527 ], [ -81.913866, 28.065072 ], [ -81.913897, 28.065281 ], [ -81.913909, 28.065803 ], [ -81.913977, 28.066001 ], [ -81.913991, 28.066047 ], [ -81.914015, 28.066128 ], [ -81.91412, 28.066381 ], [ -81.914126, 28.066469 ], [ -81.914083, 28.066563 ], [ -81.914033, 28.066623 ], [ -81.914046, 28.066678 ], [ -81.914108, 28.066783 ], [ -81.914114, 28.06686 ], [ -81.914108, 28.066904 ], [ -81.914157, 28.067052 ], [ -81.914126, 28.067135 ], [ -81.914058, 28.067256 ], [ -81.914058, 28.06735 ], [ -81.914083, 28.06741 ], [ -81.914114, 28.067625 ], [ -81.914176, 28.067839 ], [ -81.914213, 28.068081 ], [ -81.914225, 28.069121 ], [ -81.914293, 28.069303 ], [ -81.914337, 28.069518 ], [ -81.914324, 28.069622 ], [ -81.91433, 28.069781 ], [ -81.914331, 28.069806 ], [ -81.9142, 28.069807 ], [ -81.912908, 28.069807 ], [ -81.912593, 28.069774 ], [ -81.912479, 28.069765 ], [ -81.912219, 28.069765 ], [ -81.912196, 28.069767 ], [ -81.912196, 28.071626 ], [ -81.908717, 28.071628 ], [ -81.908716, 28.072211 ], [ -81.908361, 28.072211 ], [ -81.908215, 28.072211 ], [ -81.908211, 28.073697 ], [ -81.908088, 28.073697 ], [ -81.908079, 28.07323 ], [ -81.90808, 28.072979 ], [ -81.908073, 28.072727 ], [ -81.908073, 28.072554 ], [ -81.907012, 28.072547 ], [ -81.906657, 28.072561 ], [ -81.906473, 28.072586 ], [ -81.906246, 28.072635 ], [ -81.906098, 28.072677 ], [ -81.905941, 28.072732 ], [ -81.90579, 28.072795 ], [ -81.905699, 28.07284 ], [ -81.905483, 28.072958 ], [ -81.905395, 28.073002 ], [ -81.905288, 28.073064 ], [ -81.905104, 28.073162 ], [ -81.905004, 28.073209 ], [ -81.904888, 28.073257 ], [ -81.904694, 28.073325 ], [ -81.904457, 28.07339 ], [ -81.904284, 28.073423 ], [ -81.904033, 28.07345 ], [ -81.903929, 28.073452 ], [ -81.90338, 28.073453 ], [ -81.900639, 28.073459 ], [ -81.900078, 28.073461 ], [ -81.899671, 28.073462 ], [ -81.898803, 28.073461 ], [ -81.898675, 28.073457 ], [ -81.896624, 28.073464 ], [ -81.895923, 28.073467 ], [ -81.89569, 28.07345 ], [ -81.895416, 28.073468 ], [ -81.895081, 28.073465 ], [ -81.893541, 28.073467 ], [ -81.891191, 28.073469 ], [ -81.889667, 28.073464 ], [ -81.889205, 28.073464 ], [ -81.88896, 28.073464 ], [ -81.888716, 28.073465 ], [ -81.886337, 28.073465 ], [ -81.883795, 28.073462 ], [ -81.883504, 28.07346 ], [ -81.882358, 28.073464 ], [ -81.880817, 28.073461 ], [ -81.8806, 28.073817 ], [ -81.880476, 28.073932 ], [ -81.880365, 28.074053 ], [ -81.880315, 28.074059 ], [ -81.880098, 28.074119 ], [ -81.879998, 28.074185 ], [ -81.879936, 28.074378 ], [ -81.879868, 28.07446 ], [ -81.879763, 28.074521 ], [ -81.879533, 28.074587 ], [ -81.879465, 28.074642 ], [ -81.879409, 28.074697 ], [ -81.879297, 28.074889 ], [ -81.879129, 28.075109 ], [ -81.878943, 28.075291 ], [ -81.878844, 28.075373 ], [ -81.878776, 28.075456 ], [ -81.878738, 28.075571 ], [ -81.878769, 28.07572 ], [ -81.878794, 28.075934 ], [ -81.878794, 28.076061 ], [ -81.878744, 28.076215 ], [ -81.878657, 28.076391 ], [ -81.878527, 28.076518 ], [ -81.878198, 28.0766 ], [ -81.875468, 28.076758 ], [ -81.875251, 28.07678 ], [ -81.875178, 28.076767 ], [ -81.87512, 28.073455 ], [ -81.874037, 28.073454 ], [ -81.868553, 28.073449 ], [ -81.865842, 28.073447 ], [ -81.862695, 28.073442 ], [ -81.859644, 28.073438 ], [ -81.857588, 28.073435 ], [ -81.857554, 28.069792 ], [ -81.858033, 28.069794 ], [ -81.858225, 28.06978 ], [ -81.85833, 28.069742 ], [ -81.858389, 28.069706 ], [ -81.858412, 28.069682 ], [ -81.858498, 28.069594 ], [ -81.858542, 28.069503 ], [ -81.858557, 28.069415 ], [ -81.858551, 28.066543 ], [ -81.858691, 28.066537 ], [ -81.860011, 28.066535 ], [ -81.862246, 28.066542 ], [ -81.86261, 28.066544 ], [ -81.862635, 28.064806 ], [ -81.862648, 28.061068 ], [ -81.8628, 28.060801 ], [ -81.862795, 28.060665 ], [ -81.862803, 28.060479 ], [ -81.862807, 28.05998 ], [ -81.862802, 28.05959 ], [ -81.86281, 28.059251 ], [ -81.862808, 28.059163 ], [ -81.862791, 28.05903 ], [ -81.862788, 28.059007 ], [ -81.862751, 28.058853 ], [ -81.862755, 28.058755 ], [ -81.862769, 28.058717 ], [ -81.862888, 28.058486 ], [ -81.862974, 28.058487 ], [ -81.862867, 28.058224 ], [ -81.862718, 28.057778 ], [ -81.8626, 28.05703 ], [ -81.862575, 28.056727 ], [ -81.862649, 28.05654 ], [ -81.863412, 28.056226 ], [ -81.863461, 28.056138 ], [ -81.863703, 28.055918 ], [ -81.863877, 28.055709 ], [ -81.864336, 28.05534 ], [ -81.864546, 28.055219 ], [ -81.864588, 28.055186 ], [ -81.863515, 28.055191 ], [ -81.862643, 28.055185 ], [ -81.860968, 28.055183 ], [ -81.860552, 28.055176 ], [ -81.859075, 28.055175 ], [ -81.858542, 28.055167 ], [ -81.858539, 28.054483 ], [ -81.859427, 28.054484 ], [ -81.859424, 28.054265 ], [ -81.860576, 28.054262 ], [ -81.860585, 28.053803 ], [ -81.862626, 28.05381 ], [ -81.862625, 28.053115 ], [ -81.862621, 28.052736 ], [ -81.861783, 28.052717 ], [ -81.861758, 28.051893 ], [ -81.859981, 28.052289 ], [ -81.859923, 28.04796 ], [ -81.858715, 28.04797 ], [ -81.858516, 28.047976 ], [ -81.858517, 28.047892 ], [ -81.858516, 28.047815 ], [ -81.858512, 28.047136 ], [ -81.858292, 28.047176 ], [ -81.857657, 28.047274 ], [ -81.856189, 28.047536 ], [ -81.855782, 28.047599 ], [ -81.855238, 28.04766 ], [ -81.858512, 28.047081 ], [ -81.858509, 28.044443 ], [ -81.858488, 28.044145 ], [ -81.858471, 28.042861 ], [ -81.858468, 28.0406 ], [ -81.858465, 28.040473 ], [ -81.858462, 28.039751 ], [ -81.858082, 28.03976 ], [ -81.858082, 28.039669 ], [ -81.858082, 28.039567 ], [ -81.857594, 28.039565 ], [ -81.856826, 28.039561 ], [ -81.854411, 28.039641 ], [ -81.854361, 28.036843 ], [ -81.850991, 28.036876 ], [ -81.850942, 28.036107 ], [ -81.845886, 28.03607 ], [ -81.845906, 28.036015 ], [ -81.845928, 28.035921 ], [ -81.845941, 28.035836 ], [ -81.845944, 28.035781 ], [ -81.845926, 28.033537 ], [ -81.84591, 28.032134 ], [ -81.84591, 28.031807 ], [ -81.845903, 28.031433 ], [ -81.845894, 28.03003 ], [ -81.845901, 28.029889 ], [ -81.845919, 28.029749 ], [ -81.845939, 28.029656 ], [ -81.845992, 28.029475 ], [ -81.845998, 28.02943 ], [ -81.846006, 28.029413 ], [ -81.846015, 28.029375 ], [ -81.846042, 28.029188 ], [ -81.84605, 28.028721 ], [ -81.84604, 28.028627 ], [ -81.846044, 28.028534 ], [ -81.846043, 28.028253 ], [ -81.846033, 28.028032 ], [ -81.846559, 28.028036 ], [ -81.846575, 28.027833 ], [ -81.846574, 28.027178 ], [ -81.846563, 28.026953 ], [ -81.846421, 28.026757 ], [ -81.846318, 28.026673 ], [ -81.846299, 28.026663 ], [ -81.846278, 28.026643 ], [ -81.846237, 28.026617 ], [ -81.845801, 28.026289 ], [ -81.845789, 28.026274 ], [ -81.845687, 28.026197 ], [ -81.845669, 28.026188 ], [ -81.845559, 28.026102 ], [ -81.845529, 28.026084 ], [ -81.845445, 28.026022 ], [ -81.845371, 28.025992 ], [ -81.845318, 28.025977 ], [ -81.845265, 28.02597 ], [ -81.844001, 28.02597 ], [ -81.843263, 28.025975 ], [ -81.843012, 28.026015 ], [ -81.842789, 28.025978 ], [ -81.842683, 28.025975 ], [ -81.842209, 28.025977 ], [ -81.842147, 28.02596 ], [ -81.842101, 28.025923 ], [ -81.842065, 28.025869 ], [ -81.842062, 28.025803 ], [ -81.842069, 28.025677 ], [ -81.84206, 28.024592 ], [ -81.842053, 28.024339 ], [ -81.842036, 28.024006 ], [ -81.842023, 28.022167 ], [ -81.842022, 28.021983 ], [ -81.842022, 28.021188 ], [ -81.842014, 28.020461 ], [ -81.842007, 28.018852 ], [ -81.842013, 28.018628 ], [ -81.842005, 28.018432 ], [ -81.841994, 28.01712 ], [ -81.841985, 28.016788 ], [ -81.841989, 28.016457 ], [ -81.84198, 28.015764 ], [ -81.841982, 28.015296 ], [ -81.841986, 28.015202 ], [ -81.842016, 28.014922 ], [ -81.842041, 28.014735 ], [ -81.842052, 28.014454 ], [ -81.842053, 28.014314 ], [ -81.842038, 28.013659 ], [ -81.842008, 28.013426 ], [ -81.841998, 28.013379 ], [ -81.841852, 28.013238 ], [ -81.841918, 28.012618 ], [ -81.841922, 28.012577 ], [ -81.841949, 28.010846 ], [ -81.842805, 28.010804 ], [ -81.843375, 28.010805 ], [ -81.844043, 28.010832 ], [ -81.844922, 28.010847 ], [ -81.845704, 28.010875 ], [ -81.847431, 28.010945 ], [ -81.847968, 28.010952 ], [ -81.848539, 28.01096 ], [ -81.849723, 28.010946 ], [ -81.851895, 28.010922 ], [ -81.853422, 28.010888 ], [ -81.853492, 28.010886 ], [ -81.853576, 28.010884 ], [ -81.855316, 28.010845 ], [ -81.862087, 28.010483 ], [ -81.863465, 28.010415 ], [ -81.865583, 28.010221 ], [ -81.869466, 28.009889 ], [ -81.871567, 28.009674 ], [ -81.873599, 28.009432 ], [ -81.874753, 28.009262 ], [ -81.87592, 28.009089 ], [ -81.875922, 28.009521 ], [ -81.87706, 28.009523 ], [ -81.877742, 28.009518 ], [ -81.878553, 28.009519 ], [ -81.878571, 28.010746 ], [ -81.878576, 28.011478 ], [ -81.87886, 28.011485 ], [ -81.880557, 28.01149 ], [ -81.880907, 28.011484 ], [ -81.88265, 28.011495 ], [ -81.882889, 28.011488 ], [ -81.883229, 28.011488 ], [ -81.884076, 28.011489 ], [ -81.884914, 28.011499 ], [ -81.885118, 28.011484 ], [ -81.88688, 28.011493 ], [ -81.887155, 28.011493 ], [ -81.88943, 28.011495 ], [ -81.891273, 28.011486 ], [ -81.892331, 28.011487 ], [ -81.89278, 28.011477 ], [ -81.893008, 28.011478 ], [ -81.893679, 28.011473 ], [ -81.895008, 28.011464 ], [ -81.895, 28.011407 ], [ -81.895003, 28.011371 ], [ -81.895044, 28.011313 ], [ -81.895114, 28.011225 ], [ -81.895168, 28.011148 ], [ -81.895193, 28.011095 ], [ -81.89521, 28.011041 ], [ -81.895229, 28.010949 ], [ -81.895271, 28.010547 ], [ -81.8954, 28.010553 ], [ -81.895684, 28.010553 ], [ -81.895901, 28.010541 ], [ -81.897352, 28.010542 ], [ -81.897437, 28.010535 ], [ -81.897832, 28.010535 ], [ -81.899507, 28.010522 ], [ -81.899501, 28.010711 ], [ -81.899511, 28.011106 ], [ -81.899511, 28.011429 ], [ -81.899628, 28.011434 ], [ -81.899625, 28.011577 ], [ -81.9005, 28.011569 ], [ -81.902011, 28.011567 ], [ -81.902141, 28.011578 ], [ -81.90227, 28.011598 ], [ -81.902396, 28.011628 ], [ -81.902519, 28.011668 ], [ -81.902637, 28.011717 ], [ -81.90275, 28.011774 ], [ -81.902858, 28.01184 ], [ -81.902958, 28.011914 ], [ -81.903051, 28.011996 ], [ -81.903117, 28.012065 ], [ -81.903177, 28.012137 ], [ -81.903232, 28.012213 ], [ -81.903281, 28.012292 ], [ -81.903324, 28.012374 ], [ -81.90336, 28.012458 ], [ -81.903391, 28.012544 ], [ -81.903415, 28.012632 ], [ -81.903432, 28.012721 ], [ -81.903443, 28.01281 ], [ -81.903445, 28.012911 ], [ -81.903456, 28.013011 ], [ -81.903467, 28.013067 ], [ -81.903475, 28.01311 ], [ -81.903503, 28.013207 ], [ -81.903538, 28.013303 ], [ -81.903582, 28.013396 ], [ -81.903634, 28.013485 ], [ -81.903692, 28.013571 ], [ -81.903758, 28.013653 ], [ -81.903831, 28.01373 ], [ -81.903918, 28.013807 ], [ -81.904012, 28.013877 ], [ -81.904112, 28.013941 ], [ -81.904218, 28.013998 ], [ -81.904328, 28.014046 ], [ -81.904442, 28.014087 ], [ -81.90456, 28.014119 ], [ -81.90468, 28.014143 ], [ -81.904802, 28.014159 ], [ -81.904925, 28.014165 ], [ -81.905849, 28.01419 ], [ -81.90684, 28.014202 ], [ -81.907772, 28.014194 ], [ -81.909446, 28.014188 ], [ -81.911121, 28.014183 ], [ -81.912631, 28.01418 ], [ -81.912909, 28.014174 ], [ -81.913118, 28.014181 ], [ -81.913252, 28.014192 ], [ -81.913368, 28.014201 ], [ -81.913494, 28.014221 ], [ -81.913617, 28.014254 ], [ -81.913763, 28.01431 ], [ -81.913888, 28.014377 ], [ -81.914379, 28.014711 ], [ -81.9157, 28.015926 ], [ -81.915921, 28.016134 ], [ -81.915935, 28.016151 ], [ -81.916574, 28.016719 ], [ -81.917682, 28.017729 ], [ -81.917861, 28.017894 ], [ -81.918478, 28.018467 ], [ -81.918691, 28.01865 ], [ -81.918783, 28.01873 ], [ -81.918902, 28.018631 ], [ -81.918964, 28.018629 ], [ -81.919028, 28.018637 ], [ -81.91913, 28.018649 ], [ -81.919246, 28.018656 ], [ -81.919385, 28.018782 ], [ -81.920332, 28.019674 ], [ -81.920527, 28.019855 ], [ -81.921037, 28.020316 ], [ -81.921131, 28.0204 ], [ -81.92126, 28.020515 ], [ -81.921715, 28.020921 ], [ -81.921799, 28.020999 ], [ -81.921906, 28.021099 ], [ -81.922353, 28.021526 ], [ -81.922463, 28.021629 ], [ -81.922541, 28.021702 ], [ -81.923785, 28.022826 ], [ -81.924175, 28.023195 ], [ -81.924708, 28.023686 ], [ -81.924858, 28.02382 ], [ -81.924988, 28.023936 ], [ -81.92563, 28.024496 ], [ -81.92697, 28.025743 ], [ -81.927144, 28.025904 ], [ -81.927257, 28.025888 ], [ -81.927904, 28.025885 ], [ -81.928376, 28.02593 ], [ -81.928397, 28.025929 ], [ -81.928486, 28.025914 ], [ -81.929016, 28.02591 ], [ -81.930133, 28.025906 ], [ -81.930444, 28.025906 ], [ -81.932323, 28.025895 ], [ -81.932529, 28.025899 ], [ -81.933025, 28.025899 ], [ -81.933814, 28.025884 ], [ -81.933942, 28.025887 ], [ -81.934996, 28.025878 ], [ -81.93586, 28.025866 ], [ -81.936062, 28.025867 ], [ -81.937359, 28.02588 ], [ -81.937727, 28.025871 ], [ -81.938013, 28.025868 ], [ -81.938095, 28.026152 ], [ -81.938324, 28.026621 ], [ -81.938457, 28.026923 ], [ -81.938593, 28.027228 ], [ -81.938676, 28.027397 ], [ -81.938785, 28.027549 ], [ -81.938931, 28.027741 ], [ -81.939108, 28.027994 ], [ -81.939228, 28.028137 ], [ -81.939521, 28.028414 ], [ -81.93966, 28.028536 ], [ -81.940099, 28.028898 ], [ -81.94026, 28.029024 ], [ -81.94099, 28.029405 ], [ -81.941475, 28.029627 ], [ -81.941678, 28.029698 ], [ -81.941742, 28.029721 ], [ -81.942021, 28.029794 ], [ -81.942232, 28.029834 ], [ -81.942524, 28.029869 ], [ -81.943182, 28.02991 ], [ -81.943344, 28.02991 ], [ -81.943486, 28.0299 ], [ -81.943626, 28.029875 ], [ -81.943733, 28.029846 ], [ -81.944409, 28.029659 ], [ -81.944624, 28.029612 ], [ -81.944797, 28.02959 ], [ -81.944812, 28.029734 ], [ -81.944822, 28.031279 ], [ -81.944827, 28.031564 ], [ -81.944822, 28.032141 ], [ -81.944826, 28.032299 ], [ -81.944826, 28.032602 ], [ -81.944812, 28.033154 ], [ -81.94493, 28.033151 ], [ -81.947565, 28.033161 ], [ -81.948051, 28.033162 ], [ -81.948806, 28.033164 ], [ -81.948983, 28.03317 ], [ -81.949119, 28.033164 ], [ -81.949802, 28.033168 ], [ -81.949916, 28.033187 ], [ -81.95001, 28.033176 ], [ -81.950918, 28.033188 ], [ -81.951164, 28.033187 ], [ -81.952136, 28.033197 ], [ -81.952581, 28.033197 ], [ -81.953089, 28.033197 ], [ -81.953985, 28.033196 ], [ -81.95409, 28.033205 ], [ -81.954094, 28.033318 ], [ -81.954094, 28.034137 ], [ -81.955099, 28.034138 ], [ -81.9551, 28.033803 ], [ -81.955081, 28.033739 ], [ -81.955084, 28.033186 ], [ -81.955989, 28.033183 ], [ -81.956094, 28.033189 ], [ -81.956098, 28.033268 ], [ -81.956109, 28.034132 ], [ -81.956608, 28.034132 ], [ -81.957134, 28.034126 ], [ -81.957135, 28.033217 ], [ -81.957657, 28.033239 ], [ -81.957674, 28.034262 ], [ -81.958162, 28.034258 ], [ -81.958184, 28.035333 ], [ -81.957672, 28.035325 ], [ -81.957677, 28.036866 ], [ -81.957673, 28.037762 ], [ -81.957168, 28.037762 ], [ -81.957169, 28.038278 ], [ -81.95717, 28.038666 ], [ -81.958191, 28.038662 ], [ -81.958193, 28.039566 ], [ -81.9582, 28.040505 ], [ -81.958219, 28.041695 ], [ -81.958216, 28.042067 ], [ -81.958227, 28.042901 ], [ -81.957715, 28.042903 ], [ -81.957733, 28.044116 ], [ -81.957214, 28.044117 ], [ -81.957212, 28.044388 ], [ -81.957219, 28.044885 ], [ -81.957225, 28.045001 ], [ -81.958246, 28.044805 ], [ -81.958252, 28.045825 ] ] ] ] } },
{ "type": "Feature", "properties": { "ZCTA5CE20": "32822", "GEOID20": "32822", "GEOIDFQ20": "860Z200US32822", "CLASSFP20": "B5", "MTFCC20": "G6350", "FUNCSTAT20": "S", "ALAND20": 35238996, "AWATER20": 781023, "INTPTLAT20": "+28.4898979", "INTPTLON20": "-081.2901541" }, "geometry": { "type": "MultiPolygon", "coordinates": [ [ [ [ -81.31454, 28.52439 ], [ -81.314173, 28.524394 ], [ -81.314096, 28.524395 ], [ -81.313552, 28.524401 ], [ -81.313254, 28.524395 ], [ -81.313138, 28.524403 ], [ -81.312739, 28.524368 ], [ -81.312522, 28.524333 ], [ -81.31237, 28.524298 ], [ -81.31233, 28.524287 ], [ -81.312219, 28.524256 ], [ -81.311905, 28.524154 ], [ -81.311764, 28.524105 ], [ -81.311412, 28.523949 ], [ -81.310464, 28.523642 ], [ -81.310301, 28.523574 ], [ -81.309203, 28.523139 ], [ -81.308914, 28.523058 ], [ -81.307953, 28.522697 ], [ -81.307961, 28.522927 ], [ -81.308195, 28.522977 ], [ -81.308181, 28.523076 ], [ -81.308245, 28.523547 ], [ -81.308344, 28.523735 ], [ -81.308419, 28.52392 ], [ -81.308419, 28.524108 ], [ -81.308429, 28.524416 ], [ -81.308682, 28.524502 ], [ -81.308737, 28.524543 ], [ -81.309665, 28.524557 ], [ -81.309665, 28.524898 ], [ -81.309692, 28.524925 ], [ -81.309761, 28.524952 ], [ -81.310329, 28.52494 ], [ -81.31035, 28.52656 ], [ -81.310355, 28.526737 ], [ -81.310371, 28.527419 ], [ -81.31036, 28.527605 ], [ -81.310192, 28.527607 ], [ -81.310103, 28.527612 ], [ -81.309977, 28.527624 ], [ -81.309926, 28.527629 ], [ -81.309751, 28.527658 ], [ -81.30958, 28.527699 ], [ -81.309411, 28.52775 ], [ -81.309108, 28.527861 ], [ -81.308871, 28.527928 ], [ -81.308745, 28.527954 ], [ -81.308565, 28.527978 ], [ -81.308489, 28.527983 ], [ -81.308442, 28.527956 ], [ -81.308303, 28.527875 ], [ -81.308257, 28.527849 ], [ -81.308259, 28.52754 ], [ -81.308263, 28.527087 ], [ -81.308257, 28.527007 ], [ -81.308195, 28.526836 ], [ -81.308157, 28.526809 ], [ -81.308132, 28.526798 ], [ -81.308019, 28.526876 ], [ -81.30792, 28.526946 ], [ -81.307742, 28.527007 ], [ -81.307605, 28.527053 ], [ -81.307534, 28.527078 ], [ -81.307279, 28.527128 ], [ -81.307181, 28.527134 ], [ -81.307037, 28.527143 ], [ -81.307023, 28.527144 ], [ -81.306881, 28.527141 ], [ -81.306786, 28.527139 ], [ -81.3065, 28.527084 ], [ -81.306421, 28.527061 ], [ -81.306272, 28.527019 ], [ -81.306096, 28.526968 ], [ -81.306076, 28.526963 ], [ -81.305858, 28.526864 ], [ -81.305771, 28.526798 ], [ -81.305665, 28.526688 ], [ -81.305652, 28.526668 ], [ -81.305557, 28.526514 ], [ -81.305453, 28.526346 ], [ -81.305378, 28.526209 ], [ -81.305365, 28.526164 ], [ -81.305341, 28.526071 ], [ -81.305322, 28.525956 ], [ -81.305341, 28.525802 ], [ -81.305309, 28.52497 ], [ -81.305298, 28.524663 ], [ -81.305323, 28.524574 ], [ -81.304667, 28.524569 ], [ -81.302699, 28.524554 ], [ -81.302044, 28.52455 ], [ -81.302085, 28.524448 ], [ -81.302109, 28.524392 ], [ -81.302129, 28.524328 ], [ -81.302139, 28.524261 ], [ -81.302137, 28.524127 ], [ -81.302137, 28.524018 ], [ -81.302136, 28.523916 ], [ -81.302133, 28.52361 ], [ -81.302133, 28.523508 ], [ -81.302132, 28.523322 ], [ -81.30213, 28.523135 ], [ -81.302124, 28.522858 ], [ -81.302122, 28.522765 ], [ -81.302119, 28.52258 ], [ -81.302116, 28.522159 ], [ -81.302113, 28.521788 ], [ -81.301908, 28.521791 ], [ -81.300969, 28.521807 ], [ -81.30093, 28.521805 ], [ -81.300962, 28.522522 ], [ -81.300427, 28.522525 ], [ -81.300184, 28.522526 ], [ -81.300069, 28.522527 ], [ -81.300069, 28.522502 ], [ -81.300065, 28.522065 ], [ -81.300064, 28.521905 ], [ -81.300063, 28.5218 ], [ -81.298062, 28.5218 ], [ -81.297993, 28.5218 ], [ -81.297986, 28.521942 ], [ -81.297986, 28.522578 ], [ -81.297926, 28.522604 ], [ -81.297922, 28.522674 ], [ -81.297922, 28.522744 ], [ -81.29792, 28.52281 ], [ -81.297917, 28.522875 ], [ -81.29791, 28.522936 ], [ -81.297899, 28.522995 ], [ -81.297889, 28.523051 ], [ -81.297881, 28.523107 ], [ -81.297878, 28.523162 ], [ -81.297878, 28.523217 ], [ -81.297882, 28.523273 ], [ -81.29789, 28.523329 ], [ -81.297897, 28.523387 ], [ -81.297905, 28.523446 ], [ -81.297912, 28.52351 ], [ -81.297917, 28.523571 ], [ -81.297921, 28.523631 ], [ -81.297924, 28.523747 ], [ -81.297923, 28.523802 ], [ -81.297922, 28.523858 ], [ -81.297918, 28.523965 ], [ -81.297906, 28.524009 ], [ -81.298001, 28.524528 ], [ -81.297871, 28.52453 ], [ -81.297746, 28.52453 ], [ -81.296949, 28.52453 ], [ -81.296423, 28.524534 ], [ -81.296286, 28.524535 ], [ -81.296156, 28.524536 ], [ -81.294845, 28.524549 ], [ -81.29432, 28.524555 ], [ -81.294322, 28.524841 ], [ -81.294328, 28.525699 ], [ -81.294331, 28.525986 ], [ -81.294197, 28.526208 ], [ -81.294201, 28.526223 ], [ -81.294216, 28.526247 ], [ -81.294217, 28.526305 ], [ -81.294214, 28.526355 ], [ -81.294214, 28.526372 ], [ -81.294214, 28.526416 ], [ -81.294215, 28.526431 ], [ -81.293889, 28.526669 ], [ -81.293896, 28.52732 ], [ -81.293905, 28.528175 ], [ -81.293904, 28.528514 ], [ -81.293909, 28.528636 ], [ -81.293595, 28.528797 ], [ -81.293061, 28.529071 ], [ -81.292589, 28.529313 ], [ -81.292381, 28.529324 ], [ -81.292058, 28.52949 ], [ -81.291823, 28.529133 ], [ -81.291557, 28.528728 ], [ -81.291323, 28.528372 ], [ -81.291087, 28.527621 ], [ -81.290775, 28.526627 ], [ -81.290773, 28.526465 ], [ -81.290401, 28.526466 ], [ -81.29022, 28.526558 ], [ -81.289993, 28.526575 ], [ -81.289826, 28.526656 ], [ -81.289706, 28.526749 ], [ -81.289409, 28.526978 ], [ -81.289207, 28.527024 ], [ -81.289053, 28.527144 ], [ -81.288808, 28.527331 ], [ -81.288992, 28.527518 ], [ -81.289041, 28.527568 ], [ -81.289063, 28.527594 ], [ -81.289095, 28.527635 ], [ -81.289113, 28.527663 ], [ -81.289131, 28.527694 ], [ -81.289151, 28.527733 ], [ -81.289164, 28.527764 ], [ -81.289174, 28.527793 ], [ -81.289184, 28.527825 ], [ -81.289192, 28.52786 ], [ -81.289202, 28.527925 ], [ -81.289204, 28.527963 ], [ -81.289204, 28.527999 ], [ -81.289202, 28.528027 ], [ -81.289198, 28.528054 ], [ -81.289196, 28.528071 ], [ -81.28918, 28.528141 ], [ -81.289148, 28.528224 ], [ -81.289086, 28.528329 ], [ -81.289026, 28.528399 ], [ -81.288939, 28.528474 ], [ -81.288834, 28.528538 ], [ -81.288692, 28.528615 ], [ -81.288595, 28.528681 ], [ -81.288493, 28.528765 ], [ -81.288431, 28.528827 ], [ -81.288339, 28.528937 ], [ -81.288283, 28.52902 ], [ -81.288233, 28.529112 ], [ -81.288205, 28.529176 ], [ -81.28818, 28.529244 ], [ -81.288142, 28.529401 ], [ -81.288128, 28.529546 ], [ -81.288129, 28.52961 ], [ -81.288144, 28.529749 ], [ -81.288173, 28.529911 ], [ -81.288202, 28.530077 ], [ -81.288228, 28.530226 ], [ -81.28847, 28.531664 ], [ -81.288582, 28.531835 ], [ -81.288761, 28.531834 ], [ -81.289531, 28.533007 ], [ -81.291035, 28.532987 ], [ -81.291101, 28.53756 ], [ -81.291106, 28.537883 ], [ -81.291962, 28.537873 ], [ -81.291977, 28.539137 ], [ -81.291874, 28.53914 ], [ -81.291565, 28.53915 ], [ -81.291463, 28.539154 ], [ -81.291464, 28.539249 ], [ -81.291467, 28.539537 ], [ -81.291389, 28.539537 ], [ -81.291158, 28.539539 ], [ -81.291081, 28.53954 ], [ -81.290964, 28.53955 ], [ -81.290589, 28.539578 ], [ -81.289415, 28.539685 ], [ -81.288897, 28.53976 ], [ -81.288556, 28.53982 ], [ -81.288215, 28.539887 ], [ -81.287749, 28.539996 ], [ -81.287441, 28.540076 ], [ -81.28738, 28.540088 ], [ -81.286902, 28.540197 ], [ -81.286461, 28.540316 ], [ -81.28604, 28.540438 ], [ -81.285887, 28.540486 ], [ -81.285783, 28.540512 ], [ -81.28571, 28.540532 ], [ -81.285684, 28.540542 ], [ -81.28505, 28.540772 ], [ -81.284546, 28.540967 ], [ -81.284143, 28.541137 ], [ -81.284002, 28.541197 ], [ -81.283661, 28.541352 ], [ -81.283212, 28.541573 ], [ -81.281627, 28.542361 ], [ -81.281147, 28.54262 ], [ -81.279733, 28.543359 ], [ -81.277897, 28.544327 ], [ -81.277465, 28.544579 ], [ -81.27746, 28.543896 ], [ -81.277465, 28.543178 ], [ -81.277462, 28.542724 ], [ -81.277453, 28.541465 ], [ -81.277446, 28.540529 ], [ -81.277432, 28.540422 ], [ -81.277368, 28.540252 ], [ -81.277323, 28.540154 ], [ -81.277273, 28.540058 ], [ -81.277218, 28.539964 ], [ -81.277157, 28.539872 ], [ -81.277021, 28.539698 ], [ -81.276946, 28.539615 ], [ -81.276866, 28.539536 ], [ -81.276443, 28.539167 ], [ -81.275957, 28.538748 ], [ -81.275899, 28.538682 ], [ -81.275804, 28.538574 ], [ -81.275714, 28.538451 ], [ -81.275633, 28.538323 ], [ -81.277224, 28.538296 ], [ -81.277486, 28.538291 ], [ -81.277484, 28.538006 ], [ -81.277467, 28.535523 ], [ -81.27949, 28.535507 ], [ -81.279409, 28.532062 ], [ -81.279403, 28.53181 ], [ -81.277396, 28.531846 ], [ -81.277362, 28.524656 ], [ -81.27526, 28.524665 ], [ -81.275237, 28.524646 ], [ -81.27518, 28.524619 ], [ -81.275133, 28.524611 ], [ -81.275117, 28.524609 ], [ -81.274713, 28.524611 ], [ -81.274574, 28.524612 ], [ -81.274575, 28.524519 ], [ -81.274579, 28.524241 ], [ -81.274581, 28.524149 ], [ -81.275082, 28.524146 ], [ -81.275333, 28.524146 ], [ -81.275376, 28.524135 ], [ -81.275413, 28.524112 ], [ -81.27544, 28.52408 ], [ -81.275454, 28.524043 ], [ -81.275472, 28.522957 ], [ -81.275477, 28.522657 ], [ -81.275493, 28.522593 ], [ -81.275523, 28.522534 ], [ -81.275568, 28.522481 ], [ -81.275571, 28.521009 ], [ -81.274714, 28.52102 ], [ -81.274477, 28.52102 ], [ -81.274415, 28.521031 ], [ -81.27429, 28.521075 ], [ -81.274203, 28.521081 ], [ -81.274022, 28.52107 ], [ -81.273636, 28.520987 ], [ -81.273518, 28.520937 ], [ -81.273412, 28.520849 ], [ -81.273387, 28.520794 ], [ -81.273381, 28.520613 ], [ -81.273399, 28.517544 ], [ -81.273401, 28.517267 ], [ -81.273401, 28.516282 ], [ -81.273407, 28.515974 ], [ -81.273432, 28.515814 ], [ -81.273407, 28.515649 ], [ -81.273308, 28.51538 ], [ -81.273281, 28.515315 ], [ -81.272901, 28.514414 ], [ -81.27281, 28.514197 ], [ -81.272766, 28.51407 ], [ -81.272692, 28.513932 ], [ -81.27225, 28.512628 ], [ -81.272156, 28.512458 ], [ -81.272063, 28.512314 ], [ -81.272013, 28.512166 ], [ -81.271939, 28.512023 ], [ -81.271733, 28.511836 ], [ -81.271385, 28.510999 ], [ -81.271358, 28.509988 ], [ -81.271354, 28.509844 ], [ -81.271329, 28.509739 ], [ -81.271236, 28.509475 ], [ -81.27108, 28.5092 ], [ -81.27103, 28.509073 ], [ -81.271033, 28.508864 ], [ -81.271043, 28.50822 ], [ -81.271106, 28.507389 ], [ -81.2711, 28.507114 ], [ -81.271044, 28.506669 ], [ -81.270981, 28.506591 ], [ -81.270688, 28.506351 ], [ -81.272174, 28.506343 ], [ -81.275303, 28.506329 ], [ -81.275323, 28.50322 ], [ -81.274936, 28.503225 ], [ -81.274771, 28.502939 ], [ -81.274751, 28.502898 ], [ -81.274721, 28.502812 ], [ -81.274704, 28.502723 ], [ -81.273038, 28.502734 ], [ -81.272647, 28.502736 ], [ -81.272137, 28.502739 ], [ -81.272193, 28.499078 ], [ -81.273182, 28.499061 ], [ -81.273187, 28.498588 ], [ -81.273106, 28.498579 ], [ -81.272989, 28.498546 ], [ -81.272917, 28.498511 ], [ -81.272851, 28.498468 ], [ -81.272676, 28.498315 ], [ -81.272652, 28.498294 ], [ -81.272566, 28.49824 ], [ -81.272467, 28.498195 ], [ -81.272372, 28.498166 ], [ -81.272269, 28.498147 ], [ -81.272163, 28.498142 ], [ -81.271814, 28.498143 ], [ -81.270035, 28.49815 ], [ -81.269839, 28.498151 ], [ -81.269181, 28.498158 ], [ -81.269181, 28.497938 ], [ -81.269182, 28.497896 ], [ -81.2692, 28.49723 ], [ -81.2692, 28.497112 ], [ -81.2692, 28.496851 ], [ -81.269206, 28.496447 ], [ -81.26922, 28.495675 ], [ -81.269235, 28.495302 ], [ -81.269233, 28.495238 ], [ -81.269221, 28.494835 ], [ -81.269215, 28.494613 ], [ -81.2692, 28.493947 ], [ -81.269195, 28.493726 ], [ -81.269184, 28.493317 ], [ -81.269173, 28.492885 ], [ -81.269152, 28.492574 ], [ -81.269119, 28.492093 ], [ -81.269097, 28.491938 ], [ -81.269064, 28.491784 ], [ -81.269037, 28.491692 ], [ -81.26915, 28.491692 ], [ -81.269178, 28.491691 ], [ -81.269087, 28.488478 ], [ -81.269004, 28.485561 ], [ -81.268873, 28.484057 ], [ -81.266651, 28.48166 ], [ -81.265978, 28.480934 ], [ -81.265996, 28.48091 ], [ -81.265881, 28.480804 ], [ -81.268653, 28.480807 ], [ -81.270015, 28.480804 ], [ -81.272983, 28.480797 ], [ -81.272982, 28.480553 ], [ -81.27297, 28.47745 ], [ -81.272956, 28.473482 ], [ -81.272938, 28.470309 ], [ -81.27292, 28.467157 ], [ -81.274591, 28.467156 ], [ -81.276462, 28.467155 ], [ -81.27655, 28.467151 ], [ -81.276464, 28.467045 ], [ -81.276264, 28.466774 ], [ -81.276156, 28.466642 ], [ -81.275833, 28.466247 ], [ -81.275794, 28.466198 ], [ -81.275724, 28.466117 ], [ -81.275699, 28.466085 ], [ -81.275672, 28.46605 ], [ -81.275632, 28.465985 ], [ -81.27561, 28.465951 ], [ -81.27392, 28.465966 ], [ -81.273803, 28.465968 ], [ -81.273266, 28.465967 ], [ -81.2731, 28.465969 ], [ -81.273091, 28.464913 ], [ -81.273103, 28.464244 ], [ -81.273104, 28.464183 ], [ -81.273099, 28.464122 ], [ -81.272836, 28.464166 ], [ -81.272829, 28.464045 ], [ -81.270861, 28.461036 ], [ -81.271054, 28.46094 ], [ -81.271856, 28.460517 ], [ -81.271969, 28.460458 ], [ -81.271942, 28.460419 ], [ -81.271601, 28.459889 ], [ -81.271562, 28.45983 ], [ -81.271362, 28.459524 ], [ -81.271138, 28.459178 ], [ -81.271065, 28.459066 ], [ -81.270838, 28.458718 ], [ -81.270812, 28.458676 ], [ -81.270658, 28.458675 ], [ -81.266479, 28.458689 ], [ -81.266126, 28.458687 ], [ -81.265352, 28.457516 ], [ -81.265306, 28.457447 ], [ -81.265093, 28.457125 ], [ -81.265003, 28.45699 ], [ -81.264674, 28.456493 ], [ -81.264576, 28.456344 ], [ -81.264357, 28.456012 ], [ -81.264311, 28.455943 ], [ -81.263961, 28.455411 ], [ -81.26365, 28.454943 ], [ -81.26352, 28.454746 ], [ -81.263019, 28.453988 ], [ -81.262886, 28.453774 ], [ -81.262368, 28.455722 ], [ -81.261555, 28.456366 ], [ -81.26065, 28.456366 ], [ -81.26066, 28.457367 ], [ -81.260493, 28.457507 ], [ -81.260499, 28.45567 ], [ -81.260497, 28.454981 ], [ -81.260496, 28.45438 ], [ -81.260502, 28.453463 ], [ -81.260522, 28.452787 ], [ -81.260546, 28.452381 ], [ -81.260577, 28.451651 ], [ -81.260578, 28.451559 ], [ -81.260585, 28.451257 ], [ -81.260585, 28.450969 ], [ -81.260585, 28.450027 ], [ -81.260575, 28.449593 ], [ -81.26058, 28.449336 ], [ -81.260596, 28.44905 ], [ -81.260619, 28.448994 ], [ -81.260662, 28.448955 ], [ -81.260659, 28.448939 ], [ -81.260599, 28.448939 ], [ -81.260601, 28.448812 ], [ -81.260606, 28.44875 ], [ -81.260613, 28.448654 ], [ -81.260857, 28.448657 ], [ -81.262601, 28.448657 ], [ -81.264309, 28.448668 ], [ -81.264449, 28.448669 ], [ -81.266783, 28.448636 ], [ -81.268704, 28.448646 ], [ -81.270085, 28.448653 ], [ -81.27018, 28.44865 ], [ -81.270554, 28.448653 ], [ -81.272877, 28.448672 ], [ -81.276463, 28.448638 ], [ -81.277003, 28.448623 ], [ -81.278022, 28.448615 ], [ -81.279938, 28.448619 ], [ -81.280898, 28.448661 ], [ -81.281487, 28.448686 ], [ -81.282238, 28.448746 ], [ -81.283026, 28.448846 ], [ -81.283814, 28.448963 ], [ -81.284002, 28.449001 ], [ -81.286424, 28.449367 ], [ -81.286541, 28.449385 ], [ -81.286746, 28.449416 ], [ -81.28773, 28.449559 ], [ -81.288504, 28.449693 ], [ -81.290185, 28.449985 ], [ -81.296152, 28.45085 ], [ -81.296191, 28.450608 ], [ -81.298047, 28.450876 ], [ -81.300295, 28.451218 ], [ -81.301499, 28.451344 ], [ -81.302637, 28.451368 ], [ -81.302711, 28.451368 ], [ -81.303455, 28.451368 ], [ -81.30436, 28.451392 ], [ -81.305567, 28.45138 ], [ -81.30606, 28.451376 ], [ -81.307309, 28.451355 ], [ -81.307407, 28.451353 ], [ -81.307824, 28.451346 ], [ -81.308157, 28.451341 ], [ -81.3083, 28.451343 ], [ -81.308942, 28.451356 ], [ -81.308965, 28.451357 ], [ -81.309133, 28.451349 ], [ -81.309158, 28.451454 ], [ -81.309344, 28.451552 ], [ -81.309376, 28.451692 ], [ -81.309484, 28.452134 ], [ -81.309626, 28.452716 ], [ -81.309664, 28.452874 ], [ -81.30973, 28.453136 ], [ -81.30981, 28.453458 ], [ -81.30992, 28.454061 ], [ -81.309997, 28.454517 ], [ -81.310049, 28.454887 ], [ -81.310108, 28.455476 ], [ -81.310135, 28.455906 ], [ -81.310134, 28.456402 ], [ -81.310178, 28.456838 ], [ -81.310161, 28.458763 ], [ -81.309909, 28.458777 ], [ -81.309918, 28.460343 ], [ -81.309945, 28.462262 ], [ -81.309945, 28.462455 ], [ -81.309945, 28.46317 ], [ -81.309945, 28.463218 ], [ -81.309946, 28.463419 ], [ -81.309946, 28.463528 ], [ -81.309952, 28.464693 ], [ -81.309965, 28.465961 ], [ -81.310166, 28.465967 ], [ -81.310189, 28.46894 ], [ -81.311082, 28.468945 ], [ -81.311319, 28.468946 ], [ -81.311345, 28.468946 ], [ -81.312119, 28.468949 ], [ -81.31212, 28.469026 ], [ -81.312128, 28.469831 ], [ -81.312125, 28.469879 ], [ -81.312118, 28.469927 ], [ -81.312106, 28.469973 ], [ -81.312087, 28.470026 ], [ -81.312062, 28.470076 ], [ -81.312031, 28.470124 ], [ -81.311995, 28.470169 ], [ -81.311954, 28.470211 ], [ -81.311908, 28.470249 ], [ -81.311859, 28.470282 ], [ -81.311806, 28.470311 ], [ -81.311742, 28.470346 ], [ -81.311683, 28.470387 ], [ -81.311628, 28.470432 ], [ -81.311578, 28.470482 ], [ -81.311534, 28.470535 ], [ -81.311496, 28.470593 ], [ -81.311465, 28.470653 ], [ -81.31144, 28.470715 ], [ -81.311423, 28.47078 ], [ -81.311412, 28.470845 ], [ -81.311409, 28.470911 ], [ -81.311412, 28.471823 ], [ -81.310295, 28.47184 ], [ -81.310201, 28.471818 ], [ -81.310202, 28.472018 ], [ -81.310203, 28.472208 ], [ -81.31019, 28.473161 ], [ -81.310201, 28.474756 ], [ -81.310204, 28.475054 ], [ -81.310204, 28.47513 ], [ -81.310201, 28.47578 ], [ -81.310188, 28.476782 ], [ -81.310187, 28.476855 ], [ -81.310202, 28.476954 ], [ -81.310386, 28.476949 ], [ -81.311649, 28.476945 ], [ -81.312305, 28.476942 ], [ -81.312684, 28.47694 ], [ -81.312692, 28.480301 ], [ -81.312692, 28.480606 ], [ -81.312671, 28.480606 ], [ -81.31261, 28.480606 ], [ -81.31259, 28.480606 ], [ -81.312291, 28.480606 ], [ -81.31226, 28.480607 ], [ -81.311396, 28.4806 ], [ -81.311098, 28.480598 ], [ -81.310957, 28.480597 ], [ -81.310792, 28.480596 ], [ -81.310536, 28.480604 ], [ -81.310396, 28.480609 ], [ -81.310369, 28.48061 ], [ -81.310335, 28.48061 ], [ -81.31022, 28.480612 ], [ -81.310243, 28.485045 ], [ -81.31025, 28.486924 ], [ -81.310268, 28.487433 ], [ -81.310277, 28.487923 ], [ -81.310479, 28.487926 ], [ -81.314289, 28.487886 ], [ -81.314293, 28.488429 ], [ -81.314301, 28.489728 ], [ -81.314312, 28.491576 ], [ -81.314318, 28.492448 ], [ -81.31432, 28.492819 ], [ -81.314324, 28.493428 ], [ -81.314329, 28.494013 ], [ -81.31426, 28.494294 ], [ -81.314272, 28.494313 ], [ -81.314283, 28.494367 ], [ -81.314282, 28.494481 ], [ -81.314282, 28.494803 ], [ -81.314291, 28.495056 ], [ -81.314298, 28.495248 ], [ -81.314167, 28.495258 ], [ -81.31372, 28.495261 ], [ -81.311987, 28.495275 ], [ -81.31141, 28.49528 ], [ -81.31117, 28.495281 ], [ -81.310801, 28.495283 ], [ -81.310498, 28.495279 ], [ -81.310453, 28.495277 ], [ -81.310334, 28.495274 ], [ -81.310325, 28.496816 ], [ -81.310329, 28.49874 ], [ -81.31033, 28.498875 ], [ -81.310433, 28.49887 ], [ -81.310488, 28.498869 ], [ -81.311014, 28.498866 ], [ -81.311266, 28.498867 ], [ -81.311409, 28.498869 ], [ -81.311526, 28.498869 ], [ -81.311722, 28.498869 ], [ -81.312312, 28.498869 ], [ -81.312509, 28.498869 ], [ -81.312601, 28.498869 ], [ -81.312877, 28.498871 ], [ -81.31297, 28.498872 ], [ -81.313132, 28.498872 ], [ -81.313226, 28.498873 ], [ -81.313621, 28.49887 ], [ -81.313784, 28.49887 ], [ -81.3139, 28.498869 ], [ -81.314087, 28.498869 ], [ -81.314248, 28.49887 ], [ -81.314365, 28.498872 ], [ -81.314371, 28.499169 ], [ -81.314372, 28.499198 ], [ -81.314366, 28.50006 ], [ -81.314364, 28.500358 ], [ -81.314364, 28.5004 ], [ -81.314365, 28.500426 ], [ -81.314365, 28.500461 ], [ -81.314366, 28.500602 ], [ -81.314369, 28.501001 ], [ -81.314371, 28.501134 ], [ -81.314371, 28.501171 ], [ -81.314372, 28.501181 ], [ -81.314372, 28.501254 ], [ -81.314375, 28.501475 ], [ -81.314376, 28.501549 ], [ -81.314378, 28.502193 ], [ -81.314374, 28.502472 ], [ -81.31437, 28.502732 ], [ -81.314368, 28.502977 ], [ -81.31437, 28.503146 ], [ -81.31438, 28.503935 ], [ -81.314382, 28.50489 ], [ -81.314384, 28.505241 ], [ -81.314391, 28.505978 ], [ -81.314398, 28.506165 ], [ -81.314404, 28.506334 ], [ -81.314402, 28.506816 ], [ -81.314402, 28.506979 ], [ -81.3144, 28.507336 ], [ -81.3144, 28.507494 ], [ -81.314403, 28.507875 ], [ -81.314403, 28.507964 ], [ -81.314407, 28.50832 ], [ -81.314407, 28.508408 ], [ -81.314411, 28.508766 ], [ -81.314414, 28.508992 ], [ -81.314416, 28.509217 ], [ -81.314416, 28.509503 ], [ -81.314417, 28.50955 ], [ -81.314418, 28.509809 ], [ -81.314419, 28.509882 ], [ -81.31443, 28.511444 ], [ -81.314414, 28.511717 ], [ -81.314413, 28.511742 ], [ -81.314419, 28.512455 ], [ -81.314422, 28.512877 ], [ -81.314423, 28.512925 ], [ -81.314422, 28.513338 ], [ -81.314422, 28.51398 ], [ -81.314427, 28.514145 ], [ -81.314443, 28.514568 ], [ -81.314446, 28.514647 ], [ -81.314453, 28.514791 ], [ -81.314454, 28.514884 ], [ -81.314454, 28.514906 ], [ -81.314455, 28.514964 ], [ -81.314456, 28.515132 ], [ -81.31446, 28.515638 ], [ -81.314462, 28.515807 ], [ -81.314464, 28.516053 ], [ -81.31447, 28.516794 ], [ -81.314473, 28.517041 ], [ -81.314475, 28.517127 ], [ -81.314216, 28.517134 ], [ -81.313602, 28.517137 ], [ -81.312565, 28.517151 ], [ -81.3124, 28.517133 ], [ -81.312424, 28.518496 ], [ -81.312919, 28.518506 ], [ -81.312917, 28.519293 ], [ -81.312928, 28.52166 ], [ -81.313003, 28.521659 ], [ -81.314253, 28.521642 ], [ -81.314516, 28.521639 ], [ -81.314517, 28.522089 ], [ -81.314519, 28.522538 ], [ -81.314529, 28.524107 ], [ -81.314536, 28.524289 ], [ -81.31454, 28.52439 ] ] ] ] } }
]
}
